[0;34m========================================[0m
[0;34mKL CONTROLLER ORCHESTRATOR[0m
[0;34m========================================[0m
Controllers: rule_based mlp_based fixed lstm_based
Total steps per controller: 1569
Est. time per controller: ~29 hours
Seed: RANDOM (no initialization)
Results: /home/ai-server-02/R_projects/final_thesis/results/
[0;34m========================================[0m

[0;34m
>>> CONTROLLER 1/4: rule_based[0m
[0;34m[2026-05-28 15:08:00] Launching rule_based controller...[0m
[0;32m✓ Container phase3-rule_based-s1 started (PID available via docker ps)[0m
[0;34m[2026-05-28 15:08:00] Monitoring rule_based (est. 29 hours for 1569 steps @ 111s/step)[0m
./orchestrate_kl_controllers.sh: line 139: [: : integer expression expected
./orchestrate_kl_controllers.sh: line 143: [: : integer expression expected
[0;32m[2026-05-28 15:09:00] Step /1569 (0%)[0m
./orchestrate_kl_controllers.sh: line 157: [: : integer expression expected
./orchestrate_kl_controllers.sh: line 139: [: : integer expression expected
./orchestrate_kl_controllers.sh: line 143: [: : integer expression expected
[0;32m[2026-05-28 15:10:00] Step /1569 (0%)[0m
./orchestrate_kl_controllers.sh: line 157: [: : integer expression expected
./orchestrate_kl_controllers.sh: line 139: [: : integer expression expected
./orchestrate_kl_controllers.sh: line 143: [: : integer expression expected
[0;32m[2026-05-28 15:11:00] Step /1569 (0%)[0m
./orchestrate_kl_controllers.sh: line 157: [: : integer expression expected
./orchestrate_kl_controllers.sh: line 139: [: : integer expression expected
./orchestrate_kl_controllers.sh: line 143: [: : integer expression expected
[0;32m[2026-05-28 15:12:00] Step /1569 (0%)[0m
./orchestrate_kl_controllers.sh: line 157: [: : integer expression expected
./orchestrate_kl_controllers.sh: line 139: [: : integer expression expected
./orchestrate_kl_controllers.sh: line 143: [: : integer expression expected
[0;32m[2026-05-28 15:13:00] Step /1569 (0%)[0m
./orchestrate_kl_controllers.sh: line 157: [: : integer expression expected
./orchestrate_kl_controllers.sh: line 139: [: : integer expression expected
./orchestrate_kl_controllers.sh: line 143: [: : integer expression expected
[0;32m[2026-05-28 15:14:00] Step /1569 (0%)[0m
./orchestrate_kl_controllers.sh: line 157: [: : integer expression expected
./orchestrate_kl_controllers.sh: line 139: [: : integer expression expected
./orchestrate_kl_controllers.sh: line 143: [: : integer expression expected
[0;32m[2026-05-28 15:15:01] Step /1569 (0%)[0m
./orchestrate_kl_controllers.sh: line 157: [: : integer expression expected
./orchestrate_kl_controllers.sh: line 139: [: : integer expression expected
./orchestrate_kl_controllers.sh: line 143: [: : integer expression expected
[0;32m[2026-05-28 15:16:01] Step /1569 (0%)[0m
./orchestrate_kl_controllers.sh: line 157: [: : integer expression expected
./orchestrate_kl_controllers.sh: line 139: [: : integer expression expected
./orchestrate_kl_controllers.sh: line 143: [: : integer expression expected
[0;32m[2026-05-28 15:17:01] Step /1569 (0%)[0m
./orchestrate_kl_controllers.sh: line 157: [: : integer expression expected
./orchestrate_kl_controllers.sh: line 139: [: : integer expression expected
./orchestrate_kl_controllers.sh: line 143: [: : integer expression expected
[0;32m[2026-05-28 15:18:01] Step /1569 (0%)[0m
./orchestrate_kl_controllers.sh: line 157: [: : integer expression expected
./orchestrate_kl_controllers.sh: line 139: [: : integer expression expected
./orchestrate_kl_controllers.sh: line 143: [: : integer expression expected
[0;32m[2026-05-28 15:19:01] Step /1569 (0%)[0m
./orchestrate_kl_controllers.sh: line 157: [: : integer expression expected
./orchestrate_kl_controllers.sh: line 139: [: : integer expression expected
./orchestrate_kl_controllers.sh: line 143: [: : integer expression expected
[0;32m[2026-05-28 15:20:01] Step /1569 (0%)[0m
./orchestrate_kl_controllers.sh: line 157: [: : integer expression expected
./orchestrate_kl_controllers.sh: line 139: [: : integer expression expected
./orchestrate_kl_controllers.sh: line 143: [: : integer expression expected
[0;32m[2026-05-28 15:21:01] Step /1569 (0%)[0m
./orchestrate_kl_controllers.sh: line 157: [: : integer expression expected
./orchestrate_kl_controllers.sh: line 139: [: : integer expression expected
./orchestrate_kl_controllers.sh: line 143: [: : integer expression expected
[0;32m[2026-05-28 15:22:01] Step /1569 (0%)[0m
./orchestrate_kl_controllers.sh: line 157: [: : integer expression expected
./orchestrate_kl_controllers.sh: line 139: [: : integer expression expected
./orchestrate_kl_controllers.sh: line 143: [: : integer expression expected
[0;32m[2026-05-28 15:23:01] Step /1569 (0%)[0m
./orchestrate_kl_controllers.sh: line 157: [: : integer expression expected
./orchestrate_kl_controllers.sh: line 139: [: : integer expression expected
./orchestrate_kl_controllers.sh: line 143: [: : integer expression expected
[0;32m[2026-05-28 15:24:01] Step /1569 (0%)[0m
./orchestrate_kl_controllers.sh: line 157: [: : integer expression expected
./orchestrate_kl_controllers.sh: line 139: [: : integer expression expected
./orchestrate_kl_controllers.sh: line 143: [: : integer expression expected
[0;32m[2026-05-28 15:25:01] Step /1569 (0%)[0m
./orchestrate_kl_controllers.sh: line 157: [: : integer expression expected
./orchestrate_kl_controllers.sh: line 139: [: : integer expression expected
./orchestrate_kl_controllers.sh: line 143: [: : integer expression expected
[0;32m[2026-05-28 15:26:01] Step /1569 (0%)[0m
./orchestrate_kl_controllers.sh: line 157: [: : integer expression expected
./orchestrate_kl_controllers.sh: line 139: [: : integer expression expected
./orchestrate_kl_controllers.sh: line 143: [: : integer expression expected
[0;32m[2026-05-28 15:27:01] Step /1569 (0%)[0m
./orchestrate_kl_controllers.sh: line 157: [: : integer expression expected
./orchestrate_kl_controllers.sh: line 139: [: : integer expression expected
./orchestrate_kl_controllers.sh: line 143: [: : integer expression expected
[0;32m[2026-05-28 15:28:01] Step /1569 (0%)[0m
./orchestrate_kl_controllers.sh: line 157: [: : integer expression expected
./orchestrate_kl_controllers.sh: line 139: [: : integer expression expected
./orchestrate_kl_controllers.sh: line 143: [: : integer expression expected
[0;32m[2026-05-28 15:29:01] Step /1569 (0%)[0m
./orchestrate_kl_controllers.sh: line 157: [: : integer expression expected
./orchestrate_kl_controllers.sh: line 139: [: : integer expression expected
./orchestrate_kl_controllers.sh: line 143: [: : integer expression expected
[0;32m[2026-05-28 15:30:01] Step /1569 (0%)[0m
./orchestrate_kl_controllers.sh: line 157: [: : integer expression expected
./orchestrate_kl_controllers.sh: line 139: [: : integer expression expected
./orchestrate_kl_controllers.sh: line 143: [: : integer expression expected
[0;32m[2026-05-28 15:31:01] Step /1569 (0%)[0m
./orchestrate_kl_controllers.sh: line 157: [: : integer expression expected
./orchestrate_kl_controllers.sh: line 139: [: : integer expression expected
./orchestrate_kl_controllers.sh: line 143: [: : integer expression expected
[0;32m[2026-05-28 15:32:01] Step /1569 (0%)[0m
./orchestrate_kl_controllers.sh: line 157: [: : integer expression expected
./orchestrate_kl_controllers.sh: line 139: [: : integer expression expected
./orchestrate_kl_controllers.sh: line 143: [: : integer expression expected
[0;32m[2026-05-28 15:33:01] Step /1569 (0%)[0m
./orchestrate_kl_controllers.sh: line 157: [: : integer expression expected
./orchestrate_kl_controllers.sh: line 139: [: : integer expression expected
./orchestrate_kl_controllers.sh: line 143: [: : integer expression expected
[0;32m[2026-05-28 15:34:01] Step /1569 (0%)[0m
./orchestrate_kl_controllers.sh: line 157: [: : integer expression expected
./orchestrate_kl_controllers.sh: line 139: [: : integer expression expected
./orchestrate_kl_controllers.sh: line 143: [: : integer expression expected
[0;32m[2026-05-28 15:35:01] Step /1569 (0%)[0m
./orchestrate_kl_controllers.sh: line 157: [: : integer expression expected
./orchestrate_kl_controllers.sh: line 139: [: : integer expression expected
./orchestrate_kl_controllers.sh: line 143: [: : integer expression expected
[0;32m[2026-05-28 15:36:01] Step /1569 (0%)[0m
./orchestrate_kl_controllers.sh: line 157: [: : integer expression expected
./orchestrate_kl_controllers.sh: line 139: [: : integer expression expected
./orchestrate_kl_controllers.sh: line 143: [: : integer expression expected
[0;32m[2026-05-28 15:37:01] Step /1569 (0%)[0m
./orchestrate_kl_controllers.sh: line 157: [: : integer expression expected
./orchestrate_kl_controllers.sh: line 139: [: : integer expression expected
./orchestrate_kl_controllers.sh: line 143: [: : integer expression expected
[0;32m[2026-05-28 15:38:01] Step /1569 (0%)[0m
./orchestrate_kl_controllers.sh: line 157: [: : integer expression expected
./orchestrate_kl_controllers.sh: line 139: [: : integer expression expected
./orchestrate_kl_controllers.sh: line 143: [: : integer expression expected
[0;32m[2026-05-28 15:39:01] Step /1569 (0%)[0m
./orchestrate_kl_controllers.sh: line 157: [: : integer expression expected
./orchestrate_kl_controllers.sh: line 139: [: : integer expression expected
./orchestrate_kl_controllers.sh: line 143: [: : integer expression expected
[0;32m[2026-05-28 15:40:01] Step /1569 (0%)[0m
./orchestrate_kl_controllers.sh: line 157: [: : integer expression expected
./orchestrate_kl_controllers.sh: line 139: [: : integer expression expected
./orchestrate_kl_controllers.sh: line 143: [: : integer expression expected
[0;32m[2026-05-28 15:41:01] Step /1569 (0%)[0m
./orchestrate_kl_controllers.sh: line 157: [: : integer expression expected
./orchestrate_kl_controllers.sh: line 139: [: : integer expression expected
./orchestrate_kl_controllers.sh: line 143: [: : integer expression expected
[0;32m[2026-05-28 15:42:01] Step /1569 (0%)[0m
./orchestrate_kl_controllers.sh: line 157: [: : integer expression expected
./orchestrate_kl_controllers.sh: line 139: [: : integer expression expected
./orchestrate_kl_controllers.sh: line 143: [: : integer expression expected
[0;32m[2026-05-28 15:43:02] Step /1569 (0%)[0m
./orchestrate_kl_controllers.sh: line 157: [: : integer expression expected
./orchestrate_kl_controllers.sh: line 139: [: : integer expression expected
./orchestrate_kl_controllers.sh: line 143: [: : integer expression expected
[0;32m[2026-05-28 15:44:02] Step /1569 (0%)[0m
./orchestrate_kl_controllers.sh: line 157: [: : integer expression expected
./orchestrate_kl_controllers.sh: line 139: [: : integer expression expected
./orchestrate_kl_controllers.sh: line 143: [: : integer expression expected
[0;32m[2026-05-28 15:45:02] Step /1569 (0%)[0m
./orchestrate_kl_controllers.sh: line 157: [: : integer expression expected
./orchestrate_kl_controllers.sh: line 139: [: : integer expression expected
./orchestrate_kl_controllers.sh: line 143: [: : integer expression expected
[0;32m[2026-05-28 15:46:02] Step /1569 (0%)[0m
./orchestrate_kl_controllers.sh: line 157: [: : integer expression expected
./orchestrate_kl_controllers.sh: line 139: [: : integer expression expected
./orchestrate_kl_controllers.sh: line 143: [: : integer expression expected
[0;32m[2026-05-28 15:47:02] Step /1569 (0%)[0m
./orchestrate_kl_controllers.sh: line 157: [: : integer expression expected
./orchestrate_kl_controllers.sh: line 139: [: : integer expression expected
./orchestrate_kl_controllers.sh: line 143: [: : integer expression expected
[0;32m[2026-05-28 15:48:02] Step /1569 (0%)[0m
./orchestrate_kl_controllers.sh: line 157: [: : integer expression expected
./orchestrate_kl_controllers.sh: line 139: [: : integer expression expected
./orchestrate_kl_controllers.sh: line 143: [: : integer expression expected
[0;32m[2026-05-28 15:49:02] Step /1569 (0%)[0m
./orchestrate_kl_controllers.sh: line 157: [: : integer expression expected
./orchestrate_kl_controllers.sh: line 139: [: : integer expression expected
./orchestrate_kl_controllers.sh: line 143: [: : integer expression expected
[0;32m[2026-05-28 15:50:02] Step /1569 (0%)[0m
./orchestrate_kl_controllers.sh: line 157: [: : integer expression expected
./orchestrate_kl_controllers.sh: line 139: [: : integer expression expected
./orchestrate_kl_controllers.sh: line 143: [: : integer expression expected
[0;32m[2026-05-28 15:51:02] Step /1569 (0%)[0m
./orchestrate_kl_controllers.sh: line 157: [: : integer expression expected
./orchestrate_kl_controllers.sh: line 139: [: : integer expression expected
./orchestrate_kl_controllers.sh: line 143: [: : integer expression expected
[0;32m[2026-05-28 15:52:02] Step /1569 (0%)[0m
./orchestrate_kl_controllers.sh: line 157: [: : integer expression expected
./orchestrate_kl_controllers.sh: line 139: [: : integer expression expected
./orchestrate_kl_controllers.sh: line 143: [: : integer expression expected
[0;32m[2026-05-28 15:53:02] Step /1569 (0%)[0m
./orchestrate_kl_controllers.sh: line 157: [: : integer expression expected
./orchestrate_kl_controllers.sh: line 139: [: : integer expression expected
./orchestrate_kl_controllers.sh: line 143: [: : integer expression expected
[0;32m[2026-05-28 15:54:02] Step /1569 (0%)[0m
./orchestrate_kl_controllers.sh: line 157: [: : integer expression expected
./orchestrate_kl_controllers.sh: line 139: [: : integer expression expected
./orchestrate_kl_controllers.sh: line 143: [: : integer expression expected
[0;32m[2026-05-28 15:55:02] Step /1569 (0%)[0m
./orchestrate_kl_controllers.sh: line 157: [: : integer expression expected
./orchestrate_kl_controllers.sh: line 139: [: : integer expression expected
./orchestrate_kl_controllers.sh: line 143: [: : integer expression expected
[0;32m[2026-05-28 15:56:02] Step /1569 (0%)[0m
./orchestrate_kl_controllers.sh: line 157: [: : integer expression expected
./orchestrate_kl_controllers.sh: line 139: [: : integer expression expected
./orchestrate_kl_controllers.sh: line 143: [: : integer expression expected
[0;32m[2026-05-28 15:57:02] Step /1569 (0%)[0m
./orchestrate_kl_controllers.sh: line 157: [: : integer expression expected
./orchestrate_kl_controllers.sh: line 139: [: : integer expression expected
./orchestrate_kl_controllers.sh: line 143: [: : integer expression expected
[0;32m[2026-05-28 15:58:02] Step /1569 (0%)[0m
./orchestrate_kl_controllers.sh: line 157: [: : integer expression expected
./orchestrate_kl_controllers.sh: line 139: [: : integer expression expected
./orchestrate_kl_controllers.sh: line 143: [: : integer expression expected
[0;32m[2026-05-28 15:59:02] Step /1569 (0%)[0m
./orchestrate_kl_controllers.sh: line 157: [: : integer expression expected
./orchestrate_kl_controllers.sh: line 139: [: : integer expression expected
./orchestrate_kl_controllers.sh: line 143: [: : integer expression expected
[0;32m[2026-05-28 16:00:02] Step /1569 (0%)[0m
./orchestrate_kl_controllers.sh: line 157: [: : integer expression expected
./orchestrate_kl_controllers.sh: line 139: [: : integer expression expected
./orchestrate_kl_controllers.sh: line 143: [: : integer expression expected
[0;32m[2026-05-28 16:01:02] Step /1569 (0%)[0m
./orchestrate_kl_controllers.sh: line 157: [: : integer expression expected
./orchestrate_kl_controllers.sh: line 139: [: : integer expression expected
./orchestrate_kl_controllers.sh: line 143: [: : integer expression expected
[0;32m[2026-05-28 16:02:02] Step /1569 (0%)[0m
./orchestrate_kl_controllers.sh: line 157: [: : integer expression expected
./orchestrate_kl_controllers.sh: line 139: [: : integer expression expected
./orchestrate_kl_controllers.sh: line 143: [: : integer expression expected
[0;32m[2026-05-28 16:03:02] Step /1569 (0%)[0m
./orchestrate_kl_controllers.sh: line 157: [: : integer expression expected
./orchestrate_kl_controllers.sh: line 139: [: : integer expression expected
./orchestrate_kl_controllers.sh: line 143: [: : integer expression expected
[0;32m[2026-05-28 16:04:02] Step /1569 (0%)[0m
./orchestrate_kl_controllers.sh: line 157: [: : integer expression expected
./orchestrate_kl_controllers.sh: line 139: [: : integer expression expected
./orchestrate_kl_controllers.sh: line 143: [: : integer expression expected
[0;32m[2026-05-28 16:05:02] Step /1569 (0%)[0m
./orchestrate_kl_controllers.sh: line 157: [: : integer expression expected
./orchestrate_kl_controllers.sh: line 139: [: : integer expression expected
./orchestrate_kl_controllers.sh: line 143: [: : integer expression expected
[0;32m[2026-05-28 16:06:02] Step /1569 (0%)[0m
./orchestrate_kl_controllers.sh: line 157: [: : integer expression expected
./orchestrate_kl_controllers.sh: line 139: [: : integer expression expected
./orchestrate_kl_controllers.sh: line 143: [: : integer expression expected
[0;32m[2026-05-28 16:07:02] Step /1569 (0%)[0m
./orchestrate_kl_controllers.sh: line 157: [: : integer expression expected
./orchestrate_kl_controllers.sh: line 139: [: : integer expression expected
./orchestrate_kl_controllers.sh: line 143: [: : integer expression expected
[0;32m[2026-05-28 16:08:02] Step /1569 (0%)[0m
./orchestrate_kl_controllers.sh: line 157: [: : integer expression expected
./orchestrate_kl_controllers.sh: line 139: [: : integer expression expected
./orchestrate_kl_controllers.sh: line 143: [: : integer expression expected
[0;32m[2026-05-28 16:09:02] Step /1569 (0%)[0m
./orchestrate_kl_controllers.sh: line 157: [: : integer expression expected
./orchestrate_kl_controllers.sh: line 139: [: : integer expression expected
./orchestrate_kl_controllers.sh: line 143: [: : integer expression expected
[0;32m[2026-05-28 16:10:03] Step /1569 (0%)[0m
./orchestrate_kl_controllers.sh: line 157: [: : integer expression expected
./orchestrate_kl_controllers.sh: line 139: [: : integer expression expected
./orchestrate_kl_controllers.sh: line 143: [: : integer expression expected
[0;32m[2026-05-28 16:11:03] Step /1569 (0%)[0m
./orchestrate_kl_controllers.sh: line 157: [: : integer expression expected
./orchestrate_kl_controllers.sh: line 139: [: : integer expression expected
./orchestrate_kl_controllers.sh: line 143: [: : integer expression expected
[0;32m[2026-05-28 16:12:03] Step /1569 (0%)[0m
./orchestrate_kl_controllers.sh: line 157: [: : integer expression expected
./orchestrate_kl_controllers.sh: line 139: [: : integer expression expected
./orchestrate_kl_controllers.sh: line 143: [: : integer expression expected
[0;32m[2026-05-28 16:13:03] Step /1569 (0%)[0m
./orchestrate_kl_controllers.sh: line 157: [: : integer expression expected
./orchestrate_kl_controllers.sh: line 139: [: : integer expression expected
./orchestrate_kl_controllers.sh: line 143: [: : integer expression expected
[0;32m[2026-05-28 16:14:03] Step /1569 (0%)[0m
./orchestrate_kl_controllers.sh: line 157: [: : integer expression expected
./orchestrate_kl_controllers.sh: line 139: [: : integer expression expected
./orchestrate_kl_controllers.sh: line 143: [: : integer expression expected
[0;32m[2026-05-28 16:15:03] Step /1569 (0%)[0m
./orchestrate_kl_controllers.sh: line 157: [: : integer expression expected
./orchestrate_kl_controllers.sh: line 139: [: : integer expression expected
./orchestrate_kl_controllers.sh: line 143: [: : integer expression expected
[0;32m[2026-05-28 16:16:03] Step /1569 (0%)[0m
./orchestrate_kl_controllers.sh: line 157: [: : integer expression expected
./orchestrate_kl_controllers.sh: line 139: [: : integer expression expected
./orchestrate_kl_controllers.sh: line 143: [: : integer expression expected
[0;32m[2026-05-28 16:17:03] Step /1569 (0%)[0m
./orchestrate_kl_controllers.sh: line 157: [: : integer expression expected
./orchestrate_kl_controllers.sh: line 139: [: : integer expression expected
./orchestrate_kl_controllers.sh: line 143: [: : integer expression expected
[0;32m[2026-05-28 16:18:03] Step /1569 (0%)[0m
./orchestrate_kl_controllers.sh: line 157: [: : integer expression expected
./orchestrate_kl_controllers.sh: line 139: [: : integer expression expected
./orchestrate_kl_controllers.sh: line 143: [: : integer expression expected
[0;32m[2026-05-28 16:19:03] Step /1569 (0%)[0m
./orchestrate_kl_controllers.sh: line 157: [: : integer expression expected
./orchestrate_kl_controllers.sh: line 139: [: : integer expression expected
./orchestrate_kl_controllers.sh: line 143: [: : integer expression expected
[0;32m[2026-05-28 16:20:03] Step /1569 (0%)[0m
./orchestrate_kl_controllers.sh: line 157: [: : integer expression expected
./orchestrate_kl_controllers.sh: line 139: [: : integer expression expected
./orchestrate_kl_controllers.sh: line 143: [: : integer expression expected
[0;32m[2026-05-28 16:21:03] Step /1569 (0%)[0m
./orchestrate_kl_controllers.sh: line 157: [: : integer expression expected
./orchestrate_kl_controllers.sh: line 139: [: : integer expression expected
./orchestrate_kl_controllers.sh: line 143: [: : integer expression expected
[0;32m[2026-05-28 16:22:03] Step /1569 (0%)[0m
./orchestrate_kl_controllers.sh: line 157: [: : integer expression expected
./orchestrate_kl_controllers.sh: line 139: [: : integer expression expected
./orchestrate_kl_controllers.sh: line 143: [: : integer expression expected
[0;32m[2026-05-28 16:23:03] Step /1569 (0%)[0m
./orchestrate_kl_controllers.sh: line 157: [: : integer expression expected
./orchestrate_kl_controllers.sh: line 139: [: : integer expression expected
./orchestrate_kl_controllers.sh: line 143: [: : integer expression expected
[0;32m[2026-05-28 16:24:03] Step /1569 (0%)[0m
./orchestrate_kl_controllers.sh: line 157: [: : integer expression expected
./orchestrate_kl_controllers.sh: line 139: [: : integer expression expected
./orchestrate_kl_controllers.sh: line 143: [: : integer expression expected
[0;32m[2026-05-28 16:25:03] Step /1569 (0%)[0m
./orchestrate_kl_controllers.sh: line 157: [: : integer expression expected
./orchestrate_kl_controllers.sh: line 139: [: : integer expression expected
./orchestrate_kl_controllers.sh: line 143: [: : integer expression expected
[0;32m[2026-05-28 16:26:03] Step /1569 (0%)[0m
./orchestrate_kl_controllers.sh: line 157: [: : integer expression expected
./orchestrate_kl_controllers.sh: line 139: [: : integer expression expected
./orchestrate_kl_controllers.sh: line 143: [: : integer expression expected
[0;32m[2026-05-28 16:27:03] Step /1569 (0%)[0m
./orchestrate_kl_controllers.sh: line 157: [: : integer expression expected
./orchestrate_kl_controllers.sh: line 139: [: : integer expression expected
./orchestrate_kl_controllers.sh: line 143: [: : integer expression expected
[0;32m[2026-05-28 16:28:03] Step /1569 (0%)[0m
./orchestrate_kl_controllers.sh: line 157: [: : integer expression expected
./orchestrate_kl_controllers.sh: line 139: [: : integer expression expected
./orchestrate_kl_controllers.sh: line 143: [: : integer expression expected
[0;32m[2026-05-28 16:29:03] Step /1569 (0%)[0m
./orchestrate_kl_controllers.sh: line 157: [: : integer expression expected
./orchestrate_kl_controllers.sh: line 139: [: : integer expression expected
./orchestrate_kl_controllers.sh: line 143: [: : integer expression expected
[0;32m[2026-05-28 16:30:03] Step /1569 (0%)[0m
./orchestrate_kl_controllers.sh: line 157: [: : integer expression expected
./orchestrate_kl_controllers.sh: line 139: [: : integer expression expected
./orchestrate_kl_controllers.sh: line 143: [: : integer expression expected
[0;32m[2026-05-28 16:31:03] Step /1569 (0%)[0m
./orchestrate_kl_controllers.sh: line 157: [: : integer expression expected
./orchestrate_kl_controllers.sh: line 139: [: : integer expression expected
./orchestrate_kl_controllers.sh: line 143: [: : integer expression expected
[0;32m[2026-05-28 16:32:03] Step /1569 (0%)[0m
./orchestrate_kl_controllers.sh: line 157: [: : integer expression expected
./orchestrate_kl_controllers.sh: line 139: [: : integer expression expected
./orchestrate_kl_controllers.sh: line 143: [: : integer expression expected
[0;32m[2026-05-28 16:33:03] Step /1569 (0%)[0m
./orchestrate_kl_controllers.sh: line 157: [: : integer expression expected
./orchestrate_kl_controllers.sh: line 139: [: : integer expression expected
./orchestrate_kl_controllers.sh: line 143: [: : integer expression expected
[0;32m[2026-05-28 16:34:03] Step /1569 (0%)[0m
./orchestrate_kl_controllers.sh: line 157: [: : integer expression expected
./orchestrate_kl_controllers.sh: line 139: [: : integer expression expected
./orchestrate_kl_controllers.sh: line 143: [: : integer expression expected
[0;32m[2026-05-28 16:35:03] Step /1569 (0%)[0m
./orchestrate_kl_controllers.sh: line 157: [: : integer expression expected
./orchestrate_kl_controllers.sh: line 139: [: : integer expression expected
./orchestrate_kl_controllers.sh: line 143: [: : integer expression expected
[0;32m[2026-05-28 16:36:03] Step /1569 (0%)[0m
./orchestrate_kl_controllers.sh: line 157: [: : integer expression expected
./orchestrate_kl_controllers.sh: line 139: [: : integer expression expected
./orchestrate_kl_controllers.sh: line 143: [: : integer expression expected
[0;32m[2026-05-28 16:37:03] Step /1569 (0%)[0m
./orchestrate_kl_controllers.sh: line 157: [: : integer expression expected
./orchestrate_kl_controllers.sh: line 139: [: : integer expression expected
./orchestrate_kl_controllers.sh: line 143: [: : integer expression expected
[0;32m[2026-05-28 16:38:03] Step /1569 (0%)[0m
./orchestrate_kl_controllers.sh: line 157: [: : integer expression expected
./orchestrate_kl_controllers.sh: line 139: [: : integer expression expected
./orchestrate_kl_controllers.sh: line 143: [: : integer expression expected
[0;32m[2026-05-28 16:39:04] Step /1569 (0%)[0m
./orchestrate_kl_controllers.sh: line 157: [: : integer expression expected
./orchestrate_kl_controllers.sh: line 139: [: : integer expression expected
./orchestrate_kl_controllers.sh: line 143: [: : integer expression expected
[0;32m[2026-05-28 16:40:04] Step /1569 (0%)[0m
./orchestrate_kl_controllers.sh: line 157: [: : integer expression expected
./orchestrate_kl_controllers.sh: line 139: [: : integer expression expected
./orchestrate_kl_controllers.sh: line 143: [: : integer expression expected
[0;32m[2026-05-28 16:41:04] Step /1569 (0%)[0m
./orchestrate_kl_controllers.sh: line 157: [: : integer expression expected
./orchestrate_kl_controllers.sh: line 139: [: : integer expression expected
./orchestrate_kl_controllers.sh: line 143: [: : integer expression expected
[0;32m[2026-05-28 16:42:04] Step /1569 (0%)[0m
./orchestrate_kl_controllers.sh: line 157: [: : integer expression expected
./orchestrate_kl_controllers.sh: line 139: [: : integer expression expected
./orchestrate_kl_controllers.sh: line 143: [: : integer expression expected
[0;32m[2026-05-28 16:43:04] Step /1569 (0%)[0m
./orchestrate_kl_controllers.sh: line 157: [: : integer expression expected
./orchestrate_kl_controllers.sh: line 139: [: : integer expression expected
./orchestrate_kl_controllers.sh: line 143: [: : integer expression expected
[0;32m[2026-05-28 16:44:04] Step /1569 (0%)[0m
./orchestrate_kl_controllers.sh: line 157: [: : integer expression expected
./orchestrate_kl_controllers.sh: line 139: [: : integer expression expected
./orchestrate_kl_controllers.sh: line 143: [: : integer expression expected
[0;32m[2026-05-28 16:45:04] Step /1569 (0%)[0m
./orchestrate_kl_controllers.sh: line 157: [: : integer expression expected
./orchestrate_kl_controllers.sh: line 139: [: : integer expression expected
./orchestrate_kl_controllers.sh: line 143: [: : integer expression expected
[0;32m[2026-05-28 16:46:04] Step /1569 (0%)[0m
./orchestrate_kl_controllers.sh: line 157: [: : integer expression expected
./orchestrate_kl_controllers.sh: line 139: [: : integer expression expected
./orchestrate_kl_controllers.sh: line 143: [: : integer expression expected
[0;32m[2026-05-28 16:47:04] Step /1569 (0%)[0m
./orchestrate_kl_controllers.sh: line 157: [: : integer expression expected
./orchestrate_kl_controllers.sh: line 139: [: : integer expression expected
./orchestrate_kl_controllers.sh: line 143: [: : integer expression expected
[0;32m[2026-05-28 16:48:04] Step /1569 (0%)[0m
./orchestrate_kl_controllers.sh: line 157: [: : integer expression expected
./orchestrate_kl_controllers.sh: line 139: [: : integer expression expected
./orchestrate_kl_controllers.sh: line 143: [: : integer expression expected
[0;32m[2026-05-28 16:49:04] Step /1569 (0%)[0m
./orchestrate_kl_controllers.sh: line 157: [: : integer expression expected
./orchestrate_kl_controllers.sh: line 139: [: : integer expression expected
./orchestrate_kl_controllers.sh: line 143: [: : integer expression expected
[0;32m[2026-05-28 16:50:04] Step /1569 (0%)[0m
./orchestrate_kl_controllers.sh: line 157: [: : integer expression expected
./orchestrate_kl_controllers.sh: line 139: [: : integer expression expected
./orchestrate_kl_controllers.sh: line 143: [: : integer expression expected
[0;32m[2026-05-28 16:51:04] Step /1569 (0%)[0m
./orchestrate_kl_controllers.sh: line 157: [: : integer expression expected
./orchestrate_kl_controllers.sh: line 139: [: : integer expression expected
./orchestrate_kl_controllers.sh: line 143: [: : integer expression expected
[0;32m[2026-05-28 16:52:04] Step /1569 (0%)[0m
./orchestrate_kl_controllers.sh: line 157: [: : integer expression expected
./orchestrate_kl_controllers.sh: line 139: [: : integer expression expected
./orchestrate_kl_controllers.sh: line 143: [: : integer expression expected
[0;32m[2026-05-28 16:53:04] Step /1569 (0%)[0m
./orchestrate_kl_controllers.sh: line 157: [: : integer expression expected
./orchestrate_kl_controllers.sh: line 139: [: : integer expression expected
./orchestrate_kl_controllers.sh: line 143: [: : integer expression expected
[0;32m[2026-05-28 16:54:04] Step /1569 (0%)[0m
./orchestrate_kl_controllers.sh: line 157: [: : integer expression expected
./orchestrate_kl_controllers.sh: line 139: [: : integer expression expected
./orchestrate_kl_controllers.sh: line 143: [: : integer expression expected
[0;32m[2026-05-28 16:55:04] Step /1569 (0%)[0m
./orchestrate_kl_controllers.sh: line 157: [: : integer expression expected
./orchestrate_kl_controllers.sh: line 139: [: : integer expression expected
./orchestrate_kl_controllers.sh: line 143: [: : integer expression expected
[0;32m[2026-05-28 16:56:04] Step /1569 (0%)[0m
./orchestrate_kl_controllers.sh: line 157: [: : integer expression expected
./orchestrate_kl_controllers.sh: line 139: [: : integer expression expected
./orchestrate_kl_controllers.sh: line 143: [: : integer expression expected
[0;32m[2026-05-28 16:57:04] Step /1569 (0%)[0m
./orchestrate_kl_controllers.sh: line 157: [: : integer expression expected
./orchestrate_kl_controllers.sh: line 139: [: : integer expression expected
./orchestrate_kl_controllers.sh: line 143: [: : integer expression expected
[0;32m[2026-05-28 16:58:04] Step /1569 (0%)[0m
./orchestrate_kl_controllers.sh: line 157: [: : integer expression expected
./orchestrate_kl_controllers.sh: line 139: [: : integer expression expected
./orchestrate_kl_controllers.sh: line 143: [: : integer expression expected
[0;32m[2026-05-28 16:59:04] Step /1569 (0%)[0m
./orchestrate_kl_controllers.sh: line 157: [: : integer expression expected
./orchestrate_kl_controllers.sh: line 139: [: : integer expression expected
./orchestrate_kl_controllers.sh: line 143: [: : integer expression expected
[0;32m[2026-05-28 17:00:04] Step /1569 (0%)[0m
./orchestrate_kl_controllers.sh: line 157: [: : integer expression expected
./orchestrate_kl_controllers.sh: line 139: [: : integer expression expected
./orchestrate_kl_controllers.sh: line 143: [: : integer expression expected
[0;32m[2026-05-28 17:01:04] Step /1569 (0%)[0m
./orchestrate_kl_controllers.sh: line 157: [: : integer expression expected
./orchestrate_kl_controllers.sh: line 139: [: : integer expression expected
./orchestrate_kl_controllers.sh: line 143: [: : integer expression expected
[0;32m[2026-05-28 17:02:04] Step /1569 (0%)[0m
./orchestrate_kl_controllers.sh: line 157: [: : integer expression expected
./orchestrate_kl_controllers.sh: line 139: [: : integer expression expected
./orchestrate_kl_controllers.sh: line 143: [: : integer expression expected
[0;32m[2026-05-28 17:03:04] Step /1569 (0%)[0m
./orchestrate_kl_controllers.sh: line 157: [: : integer expression expected
./orchestrate_kl_controllers.sh: line 139: [: : integer expression expected
./orchestrate_kl_controllers.sh: line 143: [: : integer expression expected
[0;32m[2026-05-28 17:04:04] Step /1569 (0%)[0m
./orchestrate_kl_controllers.sh: line 157: [: : integer expression expected
./orchestrate_kl_controllers.sh: line 139: [: : integer expression expected
./orchestrate_kl_controllers.sh: line 143: [: : integer expression expected
[0;32m[2026-05-28 17:05:04] Step /1569 (0%)[0m
./orchestrate_kl_controllers.sh: line 157: [: : integer expression expected
./orchestrate_kl_controllers.sh: line 139: [: : integer expression expected
./orchestrate_kl_controllers.sh: line 143: [: : integer expression expected
[0;32m[2026-05-28 17:06:04] Step /1569 (0%)[0m
./orchestrate_kl_controllers.sh: line 157: [: : integer expression expected
./orchestrate_kl_controllers.sh: line 139: [: : integer expression expected
./orchestrate_kl_controllers.sh: line 143: [: : integer expression expected
[0;32m[2026-05-28 17:07:04] Step /1569 (0%)[0m
./orchestrate_kl_controllers.sh: line 157: [: : integer expression expected
./orchestrate_kl_controllers.sh: line 139: [: : integer expression expected
./orchestrate_kl_controllers.sh: line 143: [: : integer expression expected
[0;32m[2026-05-28 17:08:04] Step /1569 (0%)[0m
./orchestrate_kl_controllers.sh: line 157: [: : integer expression expected
./orchestrate_kl_controllers.sh: line 139: [: : integer expression expected
./orchestrate_kl_controllers.sh: line 143: [: : integer expression expected
[0;32m[2026-05-28 17:09:05] Step /1569 (0%)[0m
./orchestrate_kl_controllers.sh: line 157: [: : integer expression expected
./orchestrate_kl_controllers.sh: line 139: [: : integer expression expected
./orchestrate_kl_controllers.sh: line 143: [: : integer expression expected
[0;32m[2026-05-28 17:10:05] Step /1569 (0%)[0m
./orchestrate_kl_controllers.sh: line 157: [: : integer expression expected
./orchestrate_kl_controllers.sh: line 139: [: : integer expression expected
./orchestrate_kl_controllers.sh: line 143: [: : integer expression expected
[0;32m[2026-05-28 17:11:05] Step /1569 (0%)[0m
./orchestrate_kl_controllers.sh: line 157: [: : integer expression expected
./orchestrate_kl_controllers.sh: line 139: [: : integer expression expected
./orchestrate_kl_controllers.sh: line 143: [: : integer expression expected
[0;32m[2026-05-28 17:12:05] Step /1569 (0%)[0m
./orchestrate_kl_controllers.sh: line 157: [: : integer expression expected
./orchestrate_kl_controllers.sh: line 139: [: : integer expression expected
./orchestrate_kl_controllers.sh: line 143: [: : integer expression expected
[0;32m[2026-05-28 17:13:05] Step /1569 (0%)[0m
./orchestrate_kl_controllers.sh: line 157: [: : integer expression expected
./orchestrate_kl_controllers.sh: line 139: [: : integer expression expected
./orchestrate_kl_controllers.sh: line 143: [: : integer expression expected
[0;32m[2026-05-28 17:14:05] Step /1569 (0%)[0m
./orchestrate_kl_controllers.sh: line 157: [: : integer expression expected
./orchestrate_kl_controllers.sh: line 139: [: : integer expression expected
./orchestrate_kl_controllers.sh: line 143: [: : integer expression expected
[0;32m[2026-05-28 17:15:05] Step /1569 (0%)[0m
./orchestrate_kl_controllers.sh: line 157: [: : integer expression expected
./orchestrate_kl_controllers.sh: line 139: [: : integer expression expected
./orchestrate_kl_controllers.sh: line 143: [: : integer expression expected
[0;32m[2026-05-28 17:16:05] Step /1569 (0%)[0m
./orchestrate_kl_controllers.sh: line 157: [: : integer expression expected
./orchestrate_kl_controllers.sh: line 139: [: : integer expression expected
./orchestrate_kl_controllers.sh: line 143: [: : integer expression expected
[0;32m[2026-05-28 17:17:05] Step /1569 (0%)[0m
./orchestrate_kl_controllers.sh: line 157: [: : integer expression expected
./orchestrate_kl_controllers.sh: line 139: [: : integer expression expected
./orchestrate_kl_controllers.sh: line 143: [: : integer expression expected
[0;32m[2026-05-28 17:18:05] Step /1569 (0%)[0m
./orchestrate_kl_controllers.sh: line 157: [: : integer expression expected
./orchestrate_kl_controllers.sh: line 139: [: : integer expression expected
./orchestrate_kl_controllers.sh: line 143: [: : integer expression expected
[0;32m[2026-05-28 17:19:05] Step /1569 (0%)[0m
./orchestrate_kl_controllers.sh: line 157: [: : integer expression expected
./orchestrate_kl_controllers.sh: line 139: [: : integer expression expected
./orchestrate_kl_controllers.sh: line 143: [: : integer expression expected
[0;32m[2026-05-28 17:20:05] Step /1569 (0%)[0m
./orchestrate_kl_controllers.sh: line 157: [: : integer expression expected
./orchestrate_kl_controllers.sh: line 139: [: : integer expression expected
./orchestrate_kl_controllers.sh: line 143: [: : integer expression expected
[0;32m[2026-05-28 17:21:05] Step /1569 (0%)[0m
./orchestrate_kl_controllers.sh: line 157: [: : integer expression expected
./orchestrate_kl_controllers.sh: line 139: [: : integer expression expected
./orchestrate_kl_controllers.sh: line 143: [: : integer expression expected
[0;32m[2026-05-28 17:22:05] Step /1569 (0%)[0m
./orchestrate_kl_controllers.sh: line 157: [: : integer expression expected
./orchestrate_kl_controllers.sh: line 139: [: : integer expression expected
./orchestrate_kl_controllers.sh: line 143: [: : integer expression expected
[0;32m[2026-05-28 17:23:05] Step /1569 (0%)[0m
./orchestrate_kl_controllers.sh: line 157: [: : integer expression expected
./orchestrate_kl_controllers.sh: line 139: [: : integer expression expected
./orchestrate_kl_controllers.sh: line 143: [: : integer expression expected
[0;32m[2026-05-28 17:24:05] Step /1569 (0%)[0m
./orchestrate_kl_controllers.sh: line 157: [: : integer expression expected
./orchestrate_kl_controllers.sh: line 139: [: : integer expression expected
./orchestrate_kl_controllers.sh: line 143: [: : integer expression expected
[0;32m[2026-05-28 17:25:05] Step /1569 (0%)[0m
./orchestrate_kl_controllers.sh: line 157: [: : integer expression expected
./orchestrate_kl_controllers.sh: line 139: [: : integer expression expected
./orchestrate_kl_controllers.sh: line 143: [: : integer expression expected
[0;32m[2026-05-28 17:26:05] Step /1569 (0%)[0m
./orchestrate_kl_controllers.sh: line 157: [: : integer expression expected
./orchestrate_kl_controllers.sh: line 139: [: : integer expression expected
./orchestrate_kl_controllers.sh: line 143: [: : integer expression expected
[0;32m[2026-05-28 17:27:05] Step /1569 (0%)[0m
./orchestrate_kl_controllers.sh: line 157: [: : integer expression expected
./orchestrate_kl_controllers.sh: line 139: [: : integer expression expected
./orchestrate_kl_controllers.sh: line 143: [: : integer expression expected
[0;32m[2026-05-28 17:28:05] Step /1569 (0%)[0m
./orchestrate_kl_controllers.sh: line 157: [: : integer expression expected
./orchestrate_kl_controllers.sh: line 139: [: : integer expression expected
./orchestrate_kl_controllers.sh: line 143: [: : integer expression expected
[0;32m[2026-05-28 17:29:05] Step /1569 (0%)[0m
./orchestrate_kl_controllers.sh: line 157: [: : integer expression expected
./orchestrate_kl_controllers.sh: line 139: [: : integer expression expected
./orchestrate_kl_controllers.sh: line 143: [: : integer expression expected
[0;32m[2026-05-28 17:30:05] Step /1569 (0%)[0m
./orchestrate_kl_controllers.sh: line 157: [: : integer expression expected
./orchestrate_kl_controllers.sh: line 139: [: : integer expression expected
./orchestrate_kl_controllers.sh: line 143: [: : integer expression expected
[0;32m[2026-05-28 17:31:05] Step /1569 (0%)[0m
./orchestrate_kl_controllers.sh: line 157: [: : integer expression expected
./orchestrate_kl_controllers.sh: line 139: [: : integer expression expected
./orchestrate_kl_controllers.sh: line 143: [: : integer expression expected
[0;32m[2026-05-28 17:32:05] Step /1569 (0%)[0m
./orchestrate_kl_controllers.sh: line 157: [: : integer expression expected
./orchestrate_kl_controllers.sh: line 139: [: : integer expression expected
./orchestrate_kl_controllers.sh: line 143: [: : integer expression expected
[0;32m[2026-05-28 17:33:05] Step /1569 (0%)[0m
./orchestrate_kl_controllers.sh: line 157: [: : integer expression expected
./orchestrate_kl_controllers.sh: line 139: [: : integer expression expected
./orchestrate_kl_controllers.sh: line 143: [: : integer expression expected
[0;32m[2026-05-28 17:34:05] Step /1569 (0%)[0m
./orchestrate_kl_controllers.sh: line 157: [: : integer expression expected
./orchestrate_kl_controllers.sh: line 139: [: : integer expression expected
./orchestrate_kl_controllers.sh: line 143: [: : integer expression expected
[0;32m[2026-05-28 17:35:05] Step /1569 (0%)[0m
./orchestrate_kl_controllers.sh: line 157: [: : integer expression expected
./orchestrate_kl_controllers.sh: line 139: [: : integer expression expected
./orchestrate_kl_controllers.sh: line 143: [: : integer expression expected
[0;32m[2026-05-28 17:36:05] Step /1569 (0%)[0m
./orchestrate_kl_controllers.sh: line 157: [: : integer expression expected
./orchestrate_kl_controllers.sh: line 139: [: : integer expression expected
./orchestrate_kl_controllers.sh: line 143: [: : integer expression expected
[0;32m[2026-05-28 17:37:06] Step /1569 (0%)[0m
./orchestrate_kl_controllers.sh: line 157: [: : integer expression expected
./orchestrate_kl_controllers.sh: line 139: [: : integer expression expected
./orchestrate_kl_controllers.sh: line 143: [: : integer expression expected
[0;32m[2026-05-28 17:38:06] Step /1569 (0%)[0m
./orchestrate_kl_controllers.sh: line 157: [: : integer expression expected
./orchestrate_kl_controllers.sh: line 139: [: : integer expression expected
./orchestrate_kl_controllers.sh: line 143: [: : integer expression expected
[0;32m[2026-05-28 17:39:06] Step /1569 (0%)[0m
./orchestrate_kl_controllers.sh: line 157: [: : integer expression expected
./orchestrate_kl_controllers.sh: line 139: [: : integer expression expected
./orchestrate_kl_controllers.sh: line 143: [: : integer expression expected
[0;32m[2026-05-28 17:40:06] Step /1569 (0%)[0m
./orchestrate_kl_controllers.sh: line 157: [: : integer expression expected
./orchestrate_kl_controllers.sh: line 139: [: : integer expression expected
./orchestrate_kl_controllers.sh: line 143: [: : integer expression expected
[0;32m[2026-05-28 17:41:06] Step /1569 (0%)[0m
./orchestrate_kl_controllers.sh: line 157: [: : integer expression expected
./orchestrate_kl_controllers.sh: line 139: [: : integer expression expected
./orchestrate_kl_controllers.sh: line 143: [: : integer expression expected
[0;32m[2026-05-28 17:42:06] Step /1569 (0%)[0m
./orchestrate_kl_controllers.sh: line 157: [: : integer expression expected
./orchestrate_kl_controllers.sh: line 139: [: : integer expression expected
./orchestrate_kl_controllers.sh: line 143: [: : integer expression expected
[0;32m[2026-05-28 17:43:06] Step /1569 (0%)[0m
./orchestrate_kl_controllers.sh: line 157: [: : integer expression expected
./orchestrate_kl_controllers.sh: line 139: [: : integer expression expected
./orchestrate_kl_controllers.sh: line 143: [: : integer expression expected
[0;32m[2026-05-28 17:44:06] Step /1569 (0%)[0m
./orchestrate_kl_controllers.sh: line 157: [: : integer expression expected
./orchestrate_kl_controllers.sh: line 139: [: : integer expression expected
./orchestrate_kl_controllers.sh: line 143: [: : integer expression expected
[0;32m[2026-05-28 17:45:06] Step /1569 (0%)[0m
./orchestrate_kl_controllers.sh: line 157: [: : integer expression expected
./orchestrate_kl_controllers.sh: line 139: [: : integer expression expected
./orchestrate_kl_controllers.sh: line 143: [: : integer expression expected
[0;32m[2026-05-28 17:46:06] Step /1569 (0%)[0m
./orchestrate_kl_controllers.sh: line 157: [: : integer expression expected
./orchestrate_kl_controllers.sh: line 139: [: : integer expression expected
./orchestrate_kl_controllers.sh: line 143: [: : integer expression expected
[0;32m[2026-05-28 17:47:06] Step /1569 (0%)[0m
./orchestrate_kl_controllers.sh: line 157: [: : integer expression expected
./orchestrate_kl_controllers.sh: line 139: [: : integer expression expected
./orchestrate_kl_controllers.sh: line 143: [: : integer expression expected
[0;32m[2026-05-28 17:48:06] Step /1569 (0%)[0m
./orchestrate_kl_controllers.sh: line 157: [: : integer expression expected
./orchestrate_kl_controllers.sh: line 139: [: : integer expression expected
./orchestrate_kl_controllers.sh: line 143: [: : integer expression expected
[0;32m[2026-05-28 17:49:06] Step /1569 (0%)[0m
./orchestrate_kl_controllers.sh: line 157: [: : integer expression expected
./orchestrate_kl_controllers.sh: line 139: [: : integer expression expected
./orchestrate_kl_controllers.sh: line 143: [: : integer expression expected
[0;32m[2026-05-28 17:50:06] Step /1569 (0%)[0m
./orchestrate_kl_controllers.sh: line 157: [: : integer expression expected
./orchestrate_kl_controllers.sh: line 139: [: : integer expression expected
./orchestrate_kl_controllers.sh: line 143: [: : integer expression expected
[0;32m[2026-05-28 17:51:06] Step /1569 (0%)[0m
./orchestrate_kl_controllers.sh: line 157: [: : integer expression expected
./orchestrate_kl_controllers.sh: line 139: [: : integer expression expected
./orchestrate_kl_controllers.sh: line 143: [: : integer expression expected
[0;32m[2026-05-28 17:52:06] Step /1569 (0%)[0m
./orchestrate_kl_controllers.sh: line 157: [: : integer expression expected
./orchestrate_kl_controllers.sh: line 139: [: : integer expression expected
./orchestrate_kl_controllers.sh: line 143: [: : integer expression expected
[0;32m[2026-05-28 17:53:06] Step /1569 (0%)[0m
./orchestrate_kl_controllers.sh: line 157: [: : integer expression expected
./orchestrate_kl_controllers.sh: line 139: [: : integer expression expected
./orchestrate_kl_controllers.sh: line 143: [: : integer expression expected
[0;32m[2026-05-28 17:54:06] Step /1569 (0%)[0m
./orchestrate_kl_controllers.sh: line 157: [: : integer expression expected
./orchestrate_kl_controllers.sh: line 139: [: : integer expression expected
./orchestrate_kl_controllers.sh: line 143: [: : integer expression expected
[0;32m[2026-05-28 17:55:06] Step /1569 (0%)[0m
./orchestrate_kl_controllers.sh: line 157: [: : integer expression expected
./orchestrate_kl_controllers.sh: line 139: [: : integer expression expected
./orchestrate_kl_controllers.sh: line 143: [: : integer expression expected
[0;32m[2026-05-28 17:56:06] Step /1569 (0%)[0m
./orchestrate_kl_controllers.sh: line 157: [: : integer expression expected
./orchestrate_kl_controllers.sh: line 139: [: : integer expression expected
./orchestrate_kl_controllers.sh: line 143: [: : integer expression expected
[0;32m[2026-05-28 17:57:06] Step /1569 (0%)[0m
./orchestrate_kl_controllers.sh: line 157: [: : integer expression expected
./orchestrate_kl_controllers.sh: line 139: [: : integer expression expected
./orchestrate_kl_controllers.sh: line 143: [: : integer expression expected
[0;32m[2026-05-28 17:58:06] Step /1569 (0%)[0m
./orchestrate_kl_controllers.sh: line 157: [: : integer expression expected
./orchestrate_kl_controllers.sh: line 139: [: : integer expression expected
./orchestrate_kl_controllers.sh: line 143: [: : integer expression expected
[0;32m[2026-05-28 17:59:06] Step /1569 (0%)[0m
./orchestrate_kl_controllers.sh: line 157: [: : integer expression expected
./orchestrate_kl_controllers.sh: line 139: [: : integer expression expected
./orchestrate_kl_controllers.sh: line 143: [: : integer expression expected
[0;32m[2026-05-28 18:00:06] Step /1569 (0%)[0m
./orchestrate_kl_controllers.sh: line 157: [: : integer expression expected
./orchestrate_kl_controllers.sh: line 139: [: : integer expression expected
./orchestrate_kl_controllers.sh: line 143: [: : integer expression expected
[0;32m[2026-05-28 18:01:06] Step /1569 (0%)[0m
./orchestrate_kl_controllers.sh: line 157: [: : integer expression expected
./orchestrate_kl_controllers.sh: line 139: [: : integer expression expected
./orchestrate_kl_controllers.sh: line 143: [: : integer expression expected
[0;32m[2026-05-28 18:02:06] Step /1569 (0%)[0m
./orchestrate_kl_controllers.sh: line 157: [: : integer expression expected
./orchestrate_kl_controllers.sh: line 139: [: : integer expression expected
./orchestrate_kl_controllers.sh: line 143: [: : integer expression expected
[0;32m[2026-05-28 18:03:06] Step /1569 (0%)[0m
./orchestrate_kl_controllers.sh: line 157: [: : integer expression expected
./orchestrate_kl_controllers.sh: line 139: [: : integer expression expected
./orchestrate_kl_controllers.sh: line 143: [: : integer expression expected
[0;32m[2026-05-28 18:04:06] Step /1569 (0%)[0m
./orchestrate_kl_controllers.sh: line 157: [: : integer expression expected
./orchestrate_kl_controllers.sh: line 139: [: : integer expression expected
./orchestrate_kl_controllers.sh: line 143: [: : integer expression expected
[0;32m[2026-05-28 18:05:07] Step /1569 (0%)[0m
./orchestrate_kl_controllers.sh: line 157: [: : integer expression expected
./orchestrate_kl_controllers.sh: line 139: [: : integer expression expected
./orchestrate_kl_controllers.sh: line 143: [: : integer expression expected
[0;32m[2026-05-28 18:06:07] Step /1569 (0%)[0m
./orchestrate_kl_controllers.sh: line 157: [: : integer expression expected
./orchestrate_kl_controllers.sh: line 139: [: : integer expression expected
./orchestrate_kl_controllers.sh: line 143: [: : integer expression expected
[0;32m[2026-05-28 18:07:07] Step /1569 (0%)[0m
./orchestrate_kl_controllers.sh: line 157: [: : integer expression expected
./orchestrate_kl_controllers.sh: line 139: [: : integer expression expected
./orchestrate_kl_controllers.sh: line 143: [: : integer expression expected
[0;32m[2026-05-28 18:08:07] Step /1569 (0%)[0m
./orchestrate_kl_controllers.sh: line 157: [: : integer expression expected
./orchestrate_kl_controllers.sh: line 139: [: : integer expression expected
./orchestrate_kl_controllers.sh: line 143: [: : integer expression expected
[0;32m[2026-05-28 18:09:07] Step /1569 (0%)[0m
./orchestrate_kl_controllers.sh: line 157: [: : integer expression expected
./orchestrate_kl_controllers.sh: line 139: [: : integer expression expected
./orchestrate_kl_controllers.sh: line 143: [: : integer expression expected
[0;32m[2026-05-28 18:10:07] Step /1569 (0%)[0m
./orchestrate_kl_controllers.sh: line 157: [: : integer expression expected
./orchestrate_kl_controllers.sh: line 139: [: : integer expression expected
./orchestrate_kl_controllers.sh: line 143: [: : integer expression expected
[0;32m[2026-05-28 18:11:07] Step /1569 (0%)[0m
./orchestrate_kl_controllers.sh: line 157: [: : integer expression expected
./orchestrate_kl_controllers.sh: line 139: [: : integer expression expected
./orchestrate_kl_controllers.sh: line 143: [: : integer expression expected
[0;32m[2026-05-28 18:12:07] Step /1569 (0%)[0m
./orchestrate_kl_controllers.sh: line 157: [: : integer expression expected
./orchestrate_kl_controllers.sh: line 139: [: : integer expression expected
./orchestrate_kl_controllers.sh: line 143: [: : integer expression expected
[0;32m[2026-05-28 18:13:07] Step /1569 (0%)[0m
./orchestrate_kl_controllers.sh: line 157: [: : integer expression expected
./orchestrate_kl_controllers.sh: line 139: [: : integer expression expected
./orchestrate_kl_controllers.sh: line 143: [: : integer expression expected
[0;32m[2026-05-28 18:14:07] Step /1569 (0%)[0m
./orchestrate_kl_controllers.sh: line 157: [: : integer expression expected
./orchestrate_kl_controllers.sh: line 139: [: : integer expression expected
./orchestrate_kl_controllers.sh: line 143: [: : integer expression expected
[0;32m[2026-05-28 18:15:07] Step /1569 (0%)[0m
./orchestrate_kl_controllers.sh: line 157: [: : integer expression expected
./orchestrate_kl_controllers.sh: line 139: [: : integer expression expected
./orchestrate_kl_controllers.sh: line 143: [: : integer expression expected
[0;32m[2026-05-28 18:16:07] Step /1569 (0%)[0m
./orchestrate_kl_controllers.sh: line 157: [: : integer expression expected
./orchestrate_kl_controllers.sh: line 139: [: : integer expression expected
./orchestrate_kl_controllers.sh: line 143: [: : integer expression expected
[0;32m[2026-05-28 18:17:07] Step /1569 (0%)[0m
./orchestrate_kl_controllers.sh: line 157: [: : integer expression expected
./orchestrate_kl_controllers.sh: line 139: [: : integer expression expected
./orchestrate_kl_controllers.sh: line 143: [: : integer expression expected
[0;32m[2026-05-28 18:18:07] Step /1569 (0%)[0m
./orchestrate_kl_controllers.sh: line 157: [: : integer expression expected
./orchestrate_kl_controllers.sh: line 139: [: : integer expression expected
./orchestrate_kl_controllers.sh: line 143: [: : integer expression expected
[0;32m[2026-05-28 18:19:07] Step /1569 (0%)[0m
./orchestrate_kl_controllers.sh: line 157: [: : integer expression expected
./orchestrate_kl_controllers.sh: line 139: [: : integer expression expected
./orchestrate_kl_controllers.sh: line 143: [: : integer expression expected
[0;32m[2026-05-28 18:20:07] Step /1569 (0%)[0m
./orchestrate_kl_controllers.sh: line 157: [: : integer expression expected
./orchestrate_kl_controllers.sh: line 139: [: : integer expression expected
./orchestrate_kl_controllers.sh: line 143: [: : integer expression expected
[0;32m[2026-05-28 18:21:07] Step /1569 (0%)[0m
./orchestrate_kl_controllers.sh: line 157: [: : integer expression expected
./orchestrate_kl_controllers.sh: line 139: [: : integer expression expected
./orchestrate_kl_controllers.sh: line 143: [: : integer expression expected
[0;32m[2026-05-28 18:22:07] Step /1569 (0%)[0m
./orchestrate_kl_controllers.sh: line 157: [: : integer expression expected
./orchestrate_kl_controllers.sh: line 139: [: : integer expression expected
./orchestrate_kl_controllers.sh: line 143: [: : integer expression expected
[0;32m[2026-05-28 18:23:07] Step /1569 (0%)[0m
./orchestrate_kl_controllers.sh: line 157: [: : integer expression expected
./orchestrate_kl_controllers.sh: line 139: [: : integer expression expected
./orchestrate_kl_controllers.sh: line 143: [: : integer expression expected
[0;32m[2026-05-28 18:24:07] Step /1569 (0%)[0m
./orchestrate_kl_controllers.sh: line 157: [: : integer expression expected
./orchestrate_kl_controllers.sh: line 139: [: : integer expression expected
./orchestrate_kl_controllers.sh: line 143: [: : integer expression expected
[0;32m[2026-05-28 18:25:07] Step /1569 (0%)[0m
./orchestrate_kl_controllers.sh: line 157: [: : integer expression expected
./orchestrate_kl_controllers.sh: line 139: [: : integer expression expected
./orchestrate_kl_controllers.sh: line 143: [: : integer expression expected
[0;32m[2026-05-28 18:26:07] Step /1569 (0%)[0m
./orchestrate_kl_controllers.sh: line 157: [: : integer expression expected
./orchestrate_kl_controllers.sh: line 139: [: : integer expression expected
./orchestrate_kl_controllers.sh: line 143: [: : integer expression expected
[0;32m[2026-05-28 18:27:07] Step /1569 (0%)[0m
./orchestrate_kl_controllers.sh: line 157: [: : integer expression expected
./orchestrate_kl_controllers.sh: line 139: [: : integer expression expected
./orchestrate_kl_controllers.sh: line 143: [: : integer expression expected
[0;32m[2026-05-28 18:28:07] Step /1569 (0%)[0m
./orchestrate_kl_controllers.sh: line 157: [: : integer expression expected
./orchestrate_kl_controllers.sh: line 139: [: : integer expression expected
./orchestrate_kl_controllers.sh: line 143: [: : integer expression expected
[0;32m[2026-05-28 18:29:07] Step /1569 (0%)[0m
./orchestrate_kl_controllers.sh: line 157: [: : integer expression expected
./orchestrate_kl_controllers.sh: line 139: [: : integer expression expected
./orchestrate_kl_controllers.sh: line 143: [: : integer expression expected
[0;32m[2026-05-28 18:30:07] Step /1569 (0%)[0m
./orchestrate_kl_controllers.sh: line 157: [: : integer expression expected
./orchestrate_kl_controllers.sh: line 139: [: : integer expression expected
./orchestrate_kl_controllers.sh: line 143: [: : integer expression expected
[0;32m[2026-05-28 18:31:07] Step /1569 (0%)[0m
./orchestrate_kl_controllers.sh: line 157: [: : integer expression expected
./orchestrate_kl_controllers.sh: line 139: [: : integer expression expected
./orchestrate_kl_controllers.sh: line 143: [: : integer expression expected
[0;32m[2026-05-28 18:32:07] Step /1569 (0%)[0m
./orchestrate_kl_controllers.sh: line 157: [: : integer expression expected
./orchestrate_kl_controllers.sh: line 139: [: : integer expression expected
./orchestrate_kl_controllers.sh: line 143: [: : integer expression expected
[0;32m[2026-05-28 18:33:08] Step /1569 (0%)[0m
./orchestrate_kl_controllers.sh: line 157: [: : integer expression expected
./orchestrate_kl_controllers.sh: line 139: [: : integer expression expected
./orchestrate_kl_controllers.sh: line 143: [: : integer expression expected
[0;32m[2026-05-28 18:34:08] Step /1569 (0%)[0m
./orchestrate_kl_controllers.sh: line 157: [: : integer expression expected
./orchestrate_kl_controllers.sh: line 139: [: : integer expression expected
./orchestrate_kl_controllers.sh: line 143: [: : integer expression expected
[0;32m[2026-05-28 18:35:08] Step /1569 (0%)[0m
./orchestrate_kl_controllers.sh: line 157: [: : integer expression expected
./orchestrate_kl_controllers.sh: line 139: [: : integer expression expected
./orchestrate_kl_controllers.sh: line 143: [: : integer expression expected
[0;32m[2026-05-28 18:36:08] Step /1569 (0%)[0m
./orchestrate_kl_controllers.sh: line 157: [: : integer expression expected
./orchestrate_kl_controllers.sh: line 139: [: : integer expression expected
./orchestrate_kl_controllers.sh: line 143: [: : integer expression expected
[0;32m[2026-05-28 18:37:08] Step /1569 (0%)[0m
./orchestrate_kl_controllers.sh: line 157: [: : integer expression expected
./orchestrate_kl_controllers.sh: line 139: [: : integer expression expected
./orchestrate_kl_controllers.sh: line 143: [: : integer expression expected
[0;32m[2026-05-28 18:38:08] Step /1569 (0%)[0m
./orchestrate_kl_controllers.sh: line 157: [: : integer expression expected
./orchestrate_kl_controllers.sh: line 139: [: : integer expression expected
./orchestrate_kl_controllers.sh: line 143: [: : integer expression expected
[0;32m[2026-05-28 18:39:08] Step /1569 (0%)[0m
./orchestrate_kl_controllers.sh: line 157: [: : integer expression expected
./orchestrate_kl_controllers.sh: line 139: [: : integer expression expected
./orchestrate_kl_controllers.sh: line 143: [: : integer expression expected
[0;32m[2026-05-28 18:40:08] Step /1569 (0%)[0m
./orchestrate_kl_controllers.sh: line 157: [: : integer expression expected
./orchestrate_kl_controllers.sh: line 139: [: : integer expression expected
./orchestrate_kl_controllers.sh: line 143: [: : integer expression expected
[0;32m[2026-05-28 18:41:08] Step /1569 (0%)[0m
./orchestrate_kl_controllers.sh: line 157: [: : integer expression expected
./orchestrate_kl_controllers.sh: line 139: [: : integer expression expected
./orchestrate_kl_controllers.sh: line 143: [: : integer expression expected
[0;32m[2026-05-28 18:42:08] Step /1569 (0%)[0m
./orchestrate_kl_controllers.sh: line 157: [: : integer expression expected
./orchestrate_kl_controllers.sh: line 139: [: : integer expression expected
./orchestrate_kl_controllers.sh: line 143: [: : integer expression expected
[0;32m[2026-05-28 18:43:08] Step /1569 (0%)[0m
./orchestrate_kl_controllers.sh: line 157: [: : integer expression expected
./orchestrate_kl_controllers.sh: line 139: [: : integer expression expected
./orchestrate_kl_controllers.sh: line 143: [: : integer expression expected
[0;32m[2026-05-28 18:44:08] Step /1569 (0%)[0m
./orchestrate_kl_controllers.sh: line 157: [: : integer expression expected
./orchestrate_kl_controllers.sh: line 139: [: : integer expression expected
./orchestrate_kl_controllers.sh: line 143: [: : integer expression expected
[0;32m[2026-05-28 18:45:08] Step /1569 (0%)[0m
./orchestrate_kl_controllers.sh: line 157: [: : integer expression expected
./orchestrate_kl_controllers.sh: line 139: [: : integer expression expected
./orchestrate_kl_controllers.sh: line 143: [: : integer expression expected
[0;32m[2026-05-28 18:46:08] Step /1569 (0%)[0m
./orchestrate_kl_controllers.sh: line 157: [: : integer expression expected
./orchestrate_kl_controllers.sh: line 139: [: : integer expression expected
./orchestrate_kl_controllers.sh: line 143: [: : integer expression expected
[0;32m[2026-05-28 18:47:08] Step /1569 (0%)[0m
./orchestrate_kl_controllers.sh: line 157: [: : integer expression expected
./orchestrate_kl_controllers.sh: line 139: [: : integer expression expected
./orchestrate_kl_controllers.sh: line 143: [: : integer expression expected
[0;32m[2026-05-28 18:48:08] Step /1569 (0%)[0m
./orchestrate_kl_controllers.sh: line 157: [: : integer expression expected
./orchestrate_kl_controllers.sh: line 139: [: : integer expression expected
./orchestrate_kl_controllers.sh: line 143: [: : integer expression expected
[0;32m[2026-05-28 18:49:08] Step /1569 (0%)[0m
./orchestrate_kl_controllers.sh: line 157: [: : integer expression expected
./orchestrate_kl_controllers.sh: line 139: [: : integer expression expected
./orchestrate_kl_controllers.sh: line 143: [: : integer expression expected
[0;32m[2026-05-28 18:50:08] Step /1569 (0%)[0m
./orchestrate_kl_controllers.sh: line 157: [: : integer expression expected
./orchestrate_kl_controllers.sh: line 139: [: : integer expression expected
./orchestrate_kl_controllers.sh: line 143: [: : integer expression expected
[0;32m[2026-05-28 18:51:08] Step /1569 (0%)[0m
./orchestrate_kl_controllers.sh: line 157: [: : integer expression expected
./orchestrate_kl_controllers.sh: line 139: [: : integer expression expected
./orchestrate_kl_controllers.sh: line 143: [: : integer expression expected
[0;32m[2026-05-28 18:52:08] Step /1569 (0%)[0m
./orchestrate_kl_controllers.sh: line 157: [: : integer expression expected
./orchestrate_kl_controllers.sh: line 139: [: : integer expression expected
./orchestrate_kl_controllers.sh: line 143: [: : integer expression expected
[0;32m[2026-05-28 18:53:08] Step /1569 (0%)[0m
./orchestrate_kl_controllers.sh: line 157: [: : integer expression expected
./orchestrate_kl_controllers.sh: line 139: [: : integer expression expected
./orchestrate_kl_controllers.sh: line 143: [: : integer expression expected
[0;32m[2026-05-28 18:54:08] Step /1569 (0%)[0m
./orchestrate_kl_controllers.sh: line 157: [: : integer expression expected
./orchestrate_kl_controllers.sh: line 139: [: : integer expression expected
./orchestrate_kl_controllers.sh: line 143: [: : integer expression expected
[0;32m[2026-05-28 18:55:08] Step /1569 (0%)[0m
./orchestrate_kl_controllers.sh: line 157: [: : integer expression expected
./orchestrate_kl_controllers.sh: line 139: [: : integer expression expected
./orchestrate_kl_controllers.sh: line 143: [: : integer expression expected
[0;32m[2026-05-28 18:56:08] Step /1569 (0%)[0m
./orchestrate_kl_controllers.sh: line 157: [: : integer expression expected
./orchestrate_kl_controllers.sh: line 139: [: : integer expression expected
./orchestrate_kl_controllers.sh: line 143: [: : integer expression expected
[0;32m[2026-05-28 18:57:08] Step /1569 (0%)[0m
./orchestrate_kl_controllers.sh: line 157: [: : integer expression expected
./orchestrate_kl_controllers.sh: line 139: [: : integer expression expected
./orchestrate_kl_controllers.sh: line 143: [: : integer expression expected
[0;32m[2026-05-28 18:58:08] Step /1569 (0%)[0m
./orchestrate_kl_controllers.sh: line 157: [: : integer expression expected
./orchestrate_kl_controllers.sh: line 139: [: : integer expression expected
./orchestrate_kl_controllers.sh: line 143: [: : integer expression expected
[0;32m[2026-05-28 18:59:08] Step /1569 (0%)[0m
./orchestrate_kl_controllers.sh: line 157: [: : integer expression expected
./orchestrate_kl_controllers.sh: line 139: [: : integer expression expected
./orchestrate_kl_controllers.sh: line 143: [: : integer expression expected
[0;32m[2026-05-28 19:00:08] Step /1569 (0%)[0m
./orchestrate_kl_controllers.sh: line 157: [: : integer expression expected
./orchestrate_kl_controllers.sh: line 139: [: : integer expression expected
./orchestrate_kl_controllers.sh: line 143: [: : integer expression expected
[0;32m[2026-05-28 19:01:09] Step /1569 (0%)[0m
./orchestrate_kl_controllers.sh: line 157: [: : integer expression expected
./orchestrate_kl_controllers.sh: line 139: [: : integer expression expected
./orchestrate_kl_controllers.sh: line 143: [: : integer expression expected
[0;32m[2026-05-28 19:02:09] Step /1569 (0%)[0m
./orchestrate_kl_controllers.sh: line 157: [: : integer expression expected
./orchestrate_kl_controllers.sh: line 139: [: : integer expression expected
./orchestrate_kl_controllers.sh: line 143: [: : integer expression expected
[0;32m[2026-05-28 19:03:09] Step /1569 (0%)[0m
./orchestrate_kl_controllers.sh: line 157: [: : integer expression expected
./orchestrate_kl_controllers.sh: line 139: [: : integer expression expected
./orchestrate_kl_controllers.sh: line 143: [: : integer expression expected
[0;32m[2026-05-28 19:04:09] Step /1569 (0%)[0m
./orchestrate_kl_controllers.sh: line 157: [: : integer expression expected
./orchestrate_kl_controllers.sh: line 139: [: : integer expression expected
./orchestrate_kl_controllers.sh: line 143: [: : integer expression expected
[0;32m[2026-05-28 19:05:09] Step /1569 (0%)[0m
./orchestrate_kl_controllers.sh: line 157: [: : integer expression expected
./orchestrate_kl_controllers.sh: line 139: [: : integer expression expected
./orchestrate_kl_controllers.sh: line 143: [: : integer expression expected
[0;32m[2026-05-28 19:06:09] Step /1569 (0%)[0m
./orchestrate_kl_controllers.sh: line 157: [: : integer expression expected
./orchestrate_kl_controllers.sh: line 139: [: : integer expression expected
./orchestrate_kl_controllers.sh: line 143: [: : integer expression expected
[0;32m[2026-05-28 19:07:09] Step /1569 (0%)[0m
./orchestrate_kl_controllers.sh: line 157: [: : integer expression expected
./orchestrate_kl_controllers.sh: line 139: [: : integer expression expected
./orchestrate_kl_controllers.sh: line 143: [: : integer expression expected
[0;32m[2026-05-28 19:08:09] Step /1569 (0%)[0m
./orchestrate_kl_controllers.sh: line 157: [: : integer expression expected
./orchestrate_kl_controllers.sh: line 139: [: : integer expression expected
./orchestrate_kl_controllers.sh: line 143: [: : integer expression expected
[0;32m[2026-05-28 19:09:09] Step /1569 (0%)[0m
./orchestrate_kl_controllers.sh: line 157: [: : integer expression expected
./orchestrate_kl_controllers.sh: line 139: [: : integer expression expected
./orchestrate_kl_controllers.sh: line 143: [: : integer expression expected
[0;32m[2026-05-28 19:10:09] Step /1569 (0%)[0m
./orchestrate_kl_controllers.sh: line 157: [: : integer expression expected
./orchestrate_kl_controllers.sh: line 139: [: : integer expression expected
./orchestrate_kl_controllers.sh: line 143: [: : integer expression expected
[0;32m[2026-05-28 19:11:09] Step /1569 (0%)[0m
./orchestrate_kl_controllers.sh: line 157: [: : integer expression expected
./orchestrate_kl_controllers.sh: line 139: [: : integer expression expected
./orchestrate_kl_controllers.sh: line 143: [: : integer expression expected
[0;32m[2026-05-28 19:12:09] Step /1569 (0%)[0m
./orchestrate_kl_controllers.sh: line 157: [: : integer expression expected
./orchestrate_kl_controllers.sh: line 139: [: : integer expression expected
./orchestrate_kl_controllers.sh: line 143: [: : integer expression expected
[0;32m[2026-05-28 19:13:09] Step /1569 (0%)[0m
./orchestrate_kl_controllers.sh: line 157: [: : integer expression expected
./orchestrate_kl_controllers.sh: line 139: [: : integer expression expected
./orchestrate_kl_controllers.sh: line 143: [: : integer expression expected
[0;32m[2026-05-28 19:14:09] Step /1569 (0%)[0m
./orchestrate_kl_controllers.sh: line 157: [: : integer expression expected
./orchestrate_kl_controllers.sh: line 139: [: : integer expression expected
./orchestrate_kl_controllers.sh: line 143: [: : integer expression expected
[0;32m[2026-05-28 19:15:09] Step /1569 (0%)[0m
./orchestrate_kl_controllers.sh: line 157: [: : integer expression expected
./orchestrate_kl_controllers.sh: line 139: [: : integer expression expected
./orchestrate_kl_controllers.sh: line 143: [: : integer expression expected
[0;32m[2026-05-28 19:16:09] Step /1569 (0%)[0m
./orchestrate_kl_controllers.sh: line 157: [: : integer expression expected
./orchestrate_kl_controllers.sh: line 139: [: : integer expression expected
./orchestrate_kl_controllers.sh: line 143: [: : integer expression expected
[0;32m[2026-05-28 19:17:09] Step /1569 (0%)[0m
./orchestrate_kl_controllers.sh: line 157: [: : integer expression expected
./orchestrate_kl_controllers.sh: line 139: [: : integer expression expected
./orchestrate_kl_controllers.sh: line 143: [: : integer expression expected
[0;32m[2026-05-28 19:18:09] Step /1569 (0%)[0m
./orchestrate_kl_controllers.sh: line 157: [: : integer expression expected
./orchestrate_kl_controllers.sh: line 139: [: : integer expression expected
./orchestrate_kl_controllers.sh: line 143: [: : integer expression expected
[0;32m[2026-05-28 19:19:09] Step /1569 (0%)[0m
./orchestrate_kl_controllers.sh: line 157: [: : integer expression expected
./orchestrate_kl_controllers.sh: line 139: [: : integer expression expected
./orchestrate_kl_controllers.sh: line 143: [: : integer expression expected
[0;32m[2026-05-28 19:20:09] Step /1569 (0%)[0m
./orchestrate_kl_controllers.sh: line 157: [: : integer expression expected
./orchestrate_kl_controllers.sh: line 139: [: : integer expression expected
./orchestrate_kl_controllers.sh: line 143: [: : integer expression expected
[0;32m[2026-05-28 19:21:09] Step /1569 (0%)[0m
./orchestrate_kl_controllers.sh: line 157: [: : integer expression expected
./orchestrate_kl_controllers.sh: line 139: [: : integer expression expected
./orchestrate_kl_controllers.sh: line 143: [: : integer expression expected
[0;32m[2026-05-28 19:22:09] Step /1569 (0%)[0m
./orchestrate_kl_controllers.sh: line 157: [: : integer expression expected
./orchestrate_kl_controllers.sh: line 139: [: : integer expression expected
./orchestrate_kl_controllers.sh: line 143: [: : integer expression expected
[0;32m[2026-05-28 19:23:09] Step /1569 (0%)[0m
./orchestrate_kl_controllers.sh: line 157: [: : integer expression expected
./orchestrate_kl_controllers.sh: line 139: [: : integer expression expected
./orchestrate_kl_controllers.sh: line 143: [: : integer expression expected
[0;32m[2026-05-28 19:24:09] Step /1569 (0%)[0m
./orchestrate_kl_controllers.sh: line 157: [: : integer expression expected
./orchestrate_kl_controllers.sh: line 139: [: : integer expression expected
./orchestrate_kl_controllers.sh: line 143: [: : integer expression expected
[0;32m[2026-05-28 19:25:09] Step /1569 (0%)[0m
./orchestrate_kl_controllers.sh: line 157: [: : integer expression expected
./orchestrate_kl_controllers.sh: line 139: [: : integer expression expected
./orchestrate_kl_controllers.sh: line 143: [: : integer expression expected
[0;32m[2026-05-28 19:26:09] Step /1569 (0%)[0m
./orchestrate_kl_controllers.sh: line 157: [: : integer expression expected
./orchestrate_kl_controllers.sh: line 139: [: : integer expression expected
./orchestrate_kl_controllers.sh: line 143: [: : integer expression expected
[0;32m[2026-05-28 19:27:09] Step /1569 (0%)[0m
./orchestrate_kl_controllers.sh: line 157: [: : integer expression expected
./orchestrate_kl_controllers.sh: line 139: [: : integer expression expected
./orchestrate_kl_controllers.sh: line 143: [: : integer expression expected
[0;32m[2026-05-28 19:28:10] Step /1569 (0%)[0m
./orchestrate_kl_controllers.sh: line 157: [: : integer expression expected
./orchestrate_kl_controllers.sh: line 139: [: : integer expression expected
./orchestrate_kl_controllers.sh: line 143: [: : integer expression expected
[0;32m[2026-05-28 19:29:10] Step /1569 (0%)[0m
./orchestrate_kl_controllers.sh: line 157: [: : integer expression expected
./orchestrate_kl_controllers.sh: line 139: [: : integer expression expected
./orchestrate_kl_controllers.sh: line 143: [: : integer expression expected
[0;32m[2026-05-28 19:30:10] Step /1569 (0%)[0m
./orchestrate_kl_controllers.sh: line 157: [: : integer expression expected
./orchestrate_kl_controllers.sh: line 139: [: : integer expression expected
./orchestrate_kl_controllers.sh: line 143: [: : integer expression expected
[0;32m[2026-05-28 19:31:10] Step /1569 (0%)[0m
./orchestrate_kl_controllers.sh: line 157: [: : integer expression expected
./orchestrate_kl_controllers.sh: line 139: [: : integer expression expected
./orchestrate_kl_controllers.sh: line 143: [: : integer expression expected
[0;32m[2026-05-28 19:32:10] Step /1569 (0%)[0m
./orchestrate_kl_controllers.sh: line 157: [: : integer expression expected
./orchestrate_kl_controllers.sh: line 139: [: : integer expression expected
./orchestrate_kl_controllers.sh: line 143: [: : integer expression expected
[0;32m[2026-05-28 19:33:10] Step /1569 (0%)[0m
./orchestrate_kl_controllers.sh: line 157: [: : integer expression expected
./orchestrate_kl_controllers.sh: line 139: [: : integer expression expected
./orchestrate_kl_controllers.sh: line 143: [: : integer expression expected
[0;32m[2026-05-28 19:34:10] Step /1569 (0%)[0m
./orchestrate_kl_controllers.sh: line 157: [: : integer expression expected
./orchestrate_kl_controllers.sh: line 139: [: : integer expression expected
./orchestrate_kl_controllers.sh: line 143: [: : integer expression expected
[0;32m[2026-05-28 19:35:10] Step /1569 (0%)[0m
./orchestrate_kl_controllers.sh: line 157: [: : integer expression expected
./orchestrate_kl_controllers.sh: line 139: [: : integer expression expected
./orchestrate_kl_controllers.sh: line 143: [: : integer expression expected
[0;32m[2026-05-28 19:36:10] Step /1569 (0%)[0m
./orchestrate_kl_controllers.sh: line 157: [: : integer expression expected
./orchestrate_kl_controllers.sh: line 139: [: : integer expression expected
./orchestrate_kl_controllers.sh: line 143: [: : integer expression expected
[0;32m[2026-05-28 19:37:10] Step /1569 (0%)[0m
./orchestrate_kl_controllers.sh: line 157: [: : integer expression expected
./orchestrate_kl_controllers.sh: line 139: [: : integer expression expected
./orchestrate_kl_controllers.sh: line 143: [: : integer expression expected
[0;32m[2026-05-28 19:38:10] Step /1569 (0%)[0m
./orchestrate_kl_controllers.sh: line 157: [: : integer expression expected
./orchestrate_kl_controllers.sh: line 139: [: : integer expression expected
./orchestrate_kl_controllers.sh: line 143: [: : integer expression expected
[0;32m[2026-05-28 19:39:10] Step /1569 (0%)[0m
./orchestrate_kl_controllers.sh: line 157: [: : integer expression expected
./orchestrate_kl_controllers.sh: line 139: [: : integer expression expected
./orchestrate_kl_controllers.sh: line 143: [: : integer expression expected
[0;32m[2026-05-28 19:40:10] Step /1569 (0%)[0m
./orchestrate_kl_controllers.sh: line 157: [: : integer expression expected
./orchestrate_kl_controllers.sh: line 139: [: : integer expression expected
./orchestrate_kl_controllers.sh: line 143: [: : integer expression expected
[0;32m[2026-05-28 19:41:10] Step /1569 (0%)[0m
./orchestrate_kl_controllers.sh: line 157: [: : integer expression expected
./orchestrate_kl_controllers.sh: line 139: [: : integer expression expected
./orchestrate_kl_controllers.sh: line 143: [: : integer expression expected
[0;32m[2026-05-28 19:42:10] Step /1569 (0%)[0m
./orchestrate_kl_controllers.sh: line 157: [: : integer expression expected
./orchestrate_kl_controllers.sh: line 139: [: : integer expression expected
./orchestrate_kl_controllers.sh: line 143: [: : integer expression expected
[0;32m[2026-05-28 19:43:10] Step /1569 (0%)[0m
./orchestrate_kl_controllers.sh: line 157: [: : integer expression expected
./orchestrate_kl_controllers.sh: line 139: [: : integer expression expected
./orchestrate_kl_controllers.sh: line 143: [: : integer expression expected
[0;32m[2026-05-28 19:44:10] Step /1569 (0%)[0m
./orchestrate_kl_controllers.sh: line 157: [: : integer expression expected
./orchestrate_kl_controllers.sh: line 139: [: : integer expression expected
./orchestrate_kl_controllers.sh: line 143: [: : integer expression expected
[0;32m[2026-05-28 19:45:10] Step /1569 (0%)[0m
./orchestrate_kl_controllers.sh: line 157: [: : integer expression expected
./orchestrate_kl_controllers.sh: line 139: [: : integer expression expected
./orchestrate_kl_controllers.sh: line 143: [: : integer expression expected
[0;32m[2026-05-28 19:46:10] Step /1569 (0%)[0m
./orchestrate_kl_controllers.sh: line 157: [: : integer expression expected
./orchestrate_kl_controllers.sh: line 139: [: : integer expression expected
./orchestrate_kl_controllers.sh: line 143: [: : integer expression expected
[0;32m[2026-05-28 19:47:10] Step /1569 (0%)[0m
./orchestrate_kl_controllers.sh: line 157: [: : integer expression expected
./orchestrate_kl_controllers.sh: line 139: [: : integer expression expected
./orchestrate_kl_controllers.sh: line 143: [: : integer expression expected
[0;32m[2026-05-28 19:48:10] Step /1569 (0%)[0m
./orchestrate_kl_controllers.sh: line 157: [: : integer expression expected
./orchestrate_kl_controllers.sh: line 139: [: : integer expression expected
./orchestrate_kl_controllers.sh: line 143: [: : integer expression expected
[0;32m[2026-05-28 19:49:10] Step /1569 (0%)[0m
./orchestrate_kl_controllers.sh: line 157: [: : integer expression expected
./orchestrate_kl_controllers.sh: line 139: [: : integer expression expected
./orchestrate_kl_controllers.sh: line 143: [: : integer expression expected
[0;32m[2026-05-28 19:50:10] Step /1569 (0%)[0m
./orchestrate_kl_controllers.sh: line 157: [: : integer expression expected
./orchestrate_kl_controllers.sh: line 139: [: : integer expression expected
./orchestrate_kl_controllers.sh: line 143: [: : integer expression expected
[0;32m[2026-05-28 19:51:10] Step /1569 (0%)[0m
./orchestrate_kl_controllers.sh: line 157: [: : integer expression expected
./orchestrate_kl_controllers.sh: line 139: [: : integer expression expected
./orchestrate_kl_controllers.sh: line 143: [: : integer expression expected
[0;32m[2026-05-28 19:52:10] Step /1569 (0%)[0m
./orchestrate_kl_controllers.sh: line 157: [: : integer expression expected
./orchestrate_kl_controllers.sh: line 139: [: : integer expression expected
./orchestrate_kl_controllers.sh: line 143: [: : integer expression expected
[0;32m[2026-05-28 19:53:10] Step /1569 (0%)[0m
./orchestrate_kl_controllers.sh: line 157: [: : integer expression expected
./orchestrate_kl_controllers.sh: line 139: [: : integer expression expected
./orchestrate_kl_controllers.sh: line 143: [: : integer expression expected
[0;32m[2026-05-28 19:54:10] Step /1569 (0%)[0m
./orchestrate_kl_controllers.sh: line 157: [: : integer expression expected
./orchestrate_kl_controllers.sh: line 139: [: : integer expression expected
./orchestrate_kl_controllers.sh: line 143: [: : integer expression expected
[0;32m[2026-05-28 19:55:10] Step /1569 (0%)[0m
./orchestrate_kl_controllers.sh: line 157: [: : integer expression expected
./orchestrate_kl_controllers.sh: line 139: [: : integer expression expected
./orchestrate_kl_controllers.sh: line 143: [: : integer expression expected
[0;32m[2026-05-28 19:56:10] Step /1569 (0%)[0m
./orchestrate_kl_controllers.sh: line 157: [: : integer expression expected
./orchestrate_kl_controllers.sh: line 139: [: : integer expression expected
./orchestrate_kl_controllers.sh: line 143: [: : integer expression expected
[0;32m[2026-05-28 19:57:11] Step /1569 (0%)[0m
./orchestrate_kl_controllers.sh: line 157: [: : integer expression expected
./orchestrate_kl_controllers.sh: line 139: [: : integer expression expected
./orchestrate_kl_controllers.sh: line 143: [: : integer expression expected
[0;32m[2026-05-28 19:58:11] Step /1569 (0%)[0m
./orchestrate_kl_controllers.sh: line 157: [: : integer expression expected
./orchestrate_kl_controllers.sh: line 139: [: : integer expression expected
./orchestrate_kl_controllers.sh: line 143: [: : integer expression expected
[0;32m[2026-05-28 19:59:11] Step /1569 (0%)[0m
./orchestrate_kl_controllers.sh: line 157: [: : integer expression expected
./orchestrate_kl_controllers.sh: line 139: [: : integer expression expected
./orchestrate_kl_controllers.sh: line 143: [: : integer expression expected
[0;32m[2026-05-28 20:00:11] Step /1569 (0%)[0m
./orchestrate_kl_controllers.sh: line 157: [: : integer expression expected
./orchestrate_kl_controllers.sh: line 139: [: : integer expression expected
./orchestrate_kl_controllers.sh: line 143: [: : integer expression expected
[0;32m[2026-05-28 20:01:11] Step /1569 (0%)[0m
./orchestrate_kl_controllers.sh: line 157: [: : integer expression expected
./orchestrate_kl_controllers.sh: line 139: [: : integer expression expected
./orchestrate_kl_controllers.sh: line 143: [: : integer expression expected
[0;32m[2026-05-28 20:02:11] Step /1569 (0%)[0m
./orchestrate_kl_controllers.sh: line 157: [: : integer expression expected
./orchestrate_kl_controllers.sh: line 139: [: : integer expression expected
./orchestrate_kl_controllers.sh: line 143: [: : integer expression expected
[0;32m[2026-05-28 20:03:11] Step /1569 (0%)[0m
./orchestrate_kl_controllers.sh: line 157: [: : integer expression expected
./orchestrate_kl_controllers.sh: line 139: [: : integer expression expected
./orchestrate_kl_controllers.sh: line 143: [: : integer expression expected
[0;32m[2026-05-28 20:04:11] Step /1569 (0%)[0m
./orchestrate_kl_controllers.sh: line 157: [: : integer expression expected
./orchestrate_kl_controllers.sh: line 139: [: : integer expression expected
./orchestrate_kl_controllers.sh: line 143: [: : integer expression expected
[0;32m[2026-05-28 20:05:11] Step /1569 (0%)[0m
./orchestrate_kl_controllers.sh: line 157: [: : integer expression expected
./orchestrate_kl_controllers.sh: line 139: [: : integer expression expected
./orchestrate_kl_controllers.sh: line 143: [: : integer expression expected
[0;32m[2026-05-28 20:06:11] Step /1569 (0%)[0m
./orchestrate_kl_controllers.sh: line 157: [: : integer expression expected
./orchestrate_kl_controllers.sh: line 139: [: : integer expression expected
./orchestrate_kl_controllers.sh: line 143: [: : integer expression expected
[0;32m[2026-05-28 20:07:11] Step /1569 (0%)[0m
./orchestrate_kl_controllers.sh: line 157: [: : integer expression expected
./orchestrate_kl_controllers.sh: line 139: [: : integer expression expected
./orchestrate_kl_controllers.sh: line 143: [: : integer expression expected
[0;32m[2026-05-28 20:08:11] Step /1569 (0%)[0m
./orchestrate_kl_controllers.sh: line 157: [: : integer expression expected
./orchestrate_kl_controllers.sh: line 139: [: : integer expression expected
./orchestrate_kl_controllers.sh: line 143: [: : integer expression expected
[0;32m[2026-05-28 20:09:11] Step /1569 (0%)[0m
./orchestrate_kl_controllers.sh: line 157: [: : integer expression expected
./orchestrate_kl_controllers.sh: line 139: [: : integer expression expected
./orchestrate_kl_controllers.sh: line 143: [: : integer expression expected
[0;32m[2026-05-28 20:10:11] Step /1569 (0%)[0m
./orchestrate_kl_controllers.sh: line 157: [: : integer expression expected
./orchestrate_kl_controllers.sh: line 139: [: : integer expression expected
./orchestrate_kl_controllers.sh: line 143: [: : integer expression expected
[0;32m[2026-05-28 20:11:11] Step /1569 (0%)[0m
./orchestrate_kl_controllers.sh: line 157: [: : integer expression expected
./orchestrate_kl_controllers.sh: line 139: [: : integer expression expected
./orchestrate_kl_controllers.sh: line 143: [: : integer expression expected
[0;32m[2026-05-28 20:12:11] Step /1569 (0%)[0m
./orchestrate_kl_controllers.sh: line 157: [: : integer expression expected
./orchestrate_kl_controllers.sh: line 139: [: : integer expression expected
./orchestrate_kl_controllers.sh: line 143: [: : integer expression expected
[0;32m[2026-05-28 20:13:11] Step /1569 (0%)[0m
./orchestrate_kl_controllers.sh: line 157: [: : integer expression expected
./orchestrate_kl_controllers.sh: line 139: [: : integer expression expected
./orchestrate_kl_controllers.sh: line 143: [: : integer expression expected
[0;32m[2026-05-28 20:14:11] Step /1569 (0%)[0m
./orchestrate_kl_controllers.sh: line 157: [: : integer expression expected
./orchestrate_kl_controllers.sh: line 139: [: : integer expression expected
./orchestrate_kl_controllers.sh: line 143: [: : integer expression expected
[0;32m[2026-05-28 20:15:11] Step /1569 (0%)[0m
./orchestrate_kl_controllers.sh: line 157: [: : integer expression expected
./orchestrate_kl_controllers.sh: line 139: [: : integer expression expected
./orchestrate_kl_controllers.sh: line 143: [: : integer expression expected
[0;32m[2026-05-28 20:16:11] Step /1569 (0%)[0m
./orchestrate_kl_controllers.sh: line 157: [: : integer expression expected
./orchestrate_kl_controllers.sh: line 139: [: : integer expression expected
./orchestrate_kl_controllers.sh: line 143: [: : integer expression expected
[0;32m[2026-05-28 20:17:11] Step /1569 (0%)[0m
./orchestrate_kl_controllers.sh: line 157: [: : integer expression expected
./orchestrate_kl_controllers.sh: line 139: [: : integer expression expected
./orchestrate_kl_controllers.sh: line 143: [: : integer expression expected
[0;32m[2026-05-28 20:18:11] Step /1569 (0%)[0m
./orchestrate_kl_controllers.sh: line 157: [: : integer expression expected
./orchestrate_kl_controllers.sh: line 139: [: : integer expression expected
./orchestrate_kl_controllers.sh: line 143: [: : integer expression expected
[0;32m[2026-05-28 20:19:11] Step /1569 (0%)[0m
./orchestrate_kl_controllers.sh: line 157: [: : integer expression expected
./orchestrate_kl_controllers.sh: line 139: [: : integer expression expected
./orchestrate_kl_controllers.sh: line 143: [: : integer expression expected
[0;32m[2026-05-28 20:20:11] Step /1569 (0%)[0m
./orchestrate_kl_controllers.sh: line 157: [: : integer expression expected
./orchestrate_kl_controllers.sh: line 139: [: : integer expression expected
./orchestrate_kl_controllers.sh: line 143: [: : integer expression expected
[0;32m[2026-05-28 20:21:11] Step /1569 (0%)[0m
./orchestrate_kl_controllers.sh: line 157: [: : integer expression expected
./orchestrate_kl_controllers.sh: line 139: [: : integer expression expected
./orchestrate_kl_controllers.sh: line 143: [: : integer expression expected
[0;32m[2026-05-28 20:22:11] Step /1569 (0%)[0m
./orchestrate_kl_controllers.sh: line 157: [: : integer expression expected
./orchestrate_kl_controllers.sh: line 139: [: : integer expression expected
./orchestrate_kl_controllers.sh: line 143: [: : integer expression expected
[0;32m[2026-05-28 20:23:11] Step /1569 (0%)[0m
./orchestrate_kl_controllers.sh: line 157: [: : integer expression expected
./orchestrate_kl_controllers.sh: line 139: [: : integer expression expected
./orchestrate_kl_controllers.sh: line 143: [: : integer expression expected
[0;32m[2026-05-28 20:24:11] Step /1569 (0%)[0m
./orchestrate_kl_controllers.sh: line 157: [: : integer expression expected
./orchestrate_kl_controllers.sh: line 139: [: : integer expression expected
./orchestrate_kl_controllers.sh: line 143: [: : integer expression expected
[0;32m[2026-05-28 20:25:11] Step /1569 (0%)[0m
./orchestrate_kl_controllers.sh: line 157: [: : integer expression expected
./orchestrate_kl_controllers.sh: line 139: [: : integer expression expected
./orchestrate_kl_controllers.sh: line 143: [: : integer expression expected
[0;32m[2026-05-28 20:26:12] Step /1569 (0%)[0m
./orchestrate_kl_controllers.sh: line 157: [: : integer expression expected
./orchestrate_kl_controllers.sh: line 139: [: : integer expression expected
./orchestrate_kl_controllers.sh: line 143: [: : integer expression expected
[0;32m[2026-05-28 20:27:12] Step /1569 (0%)[0m
./orchestrate_kl_controllers.sh: line 157: [: : integer expression expected
./orchestrate_kl_controllers.sh: line 139: [: : integer expression expected
./orchestrate_kl_controllers.sh: line 143: [: : integer expression expected
[0;32m[2026-05-28 20:28:12] Step /1569 (0%)[0m
./orchestrate_kl_controllers.sh: line 157: [: : integer expression expected
./orchestrate_kl_controllers.sh: line 139: [: : integer expression expected
./orchestrate_kl_controllers.sh: line 143: [: : integer expression expected
[0;32m[2026-05-28 20:29:12] Step /1569 (0%)[0m
./orchestrate_kl_controllers.sh: line 157: [: : integer expression expected
./orchestrate_kl_controllers.sh: line 139: [: : integer expression expected
./orchestrate_kl_controllers.sh: line 143: [: : integer expression expected
[0;32m[2026-05-28 20:30:12] Step /1569 (0%)[0m
./orchestrate_kl_controllers.sh: line 157: [: : integer expression expected
./orchestrate_kl_controllers.sh: line 139: [: : integer expression expected
./orchestrate_kl_controllers.sh: line 143: [: : integer expression expected
[0;32m[2026-05-28 20:31:12] Step /1569 (0%)[0m
./orchestrate_kl_controllers.sh: line 157: [: : integer expression expected
./orchestrate_kl_controllers.sh: line 139: [: : integer expression expected
./orchestrate_kl_controllers.sh: line 143: [: : integer expression expected
[0;32m[2026-05-28 20:32:12] Step /1569 (0%)[0m
./orchestrate_kl_controllers.sh: line 157: [: : integer expression expected
./orchestrate_kl_controllers.sh: line 139: [: : integer expression expected
./orchestrate_kl_controllers.sh: line 143: [: : integer expression expected
[0;32m[2026-05-28 20:33:12] Step /1569 (0%)[0m
./orchestrate_kl_controllers.sh: line 157: [: : integer expression expected
./orchestrate_kl_controllers.sh: line 139: [: : integer expression expected
./orchestrate_kl_controllers.sh: line 143: [: : integer expression expected
[0;32m[2026-05-28 20:34:12] Step /1569 (0%)[0m
./orchestrate_kl_controllers.sh: line 157: [: : integer expression expected
./orchestrate_kl_controllers.sh: line 139: [: : integer expression expected
./orchestrate_kl_controllers.sh: line 143: [: : integer expression expected
[0;32m[2026-05-28 20:35:12] Step /1569 (0%)[0m
./orchestrate_kl_controllers.sh: line 157: [: : integer expression expected
./orchestrate_kl_controllers.sh: line 139: [: : integer expression expected
./orchestrate_kl_controllers.sh: line 143: [: : integer expression expected
[0;32m[2026-05-28 20:36:12] Step /1569 (0%)[0m
./orchestrate_kl_controllers.sh: line 157: [: : integer expression expected
./orchestrate_kl_controllers.sh: line 139: [: : integer expression expected
./orchestrate_kl_controllers.sh: line 143: [: : integer expression expected
[0;32m[2026-05-28 20:37:12] Step /1569 (0%)[0m
./orchestrate_kl_controllers.sh: line 157: [: : integer expression expected
./orchestrate_kl_controllers.sh: line 139: [: : integer expression expected
./orchestrate_kl_controllers.sh: line 143: [: : integer expression expected
[0;32m[2026-05-28 20:38:12] Step /1569 (0%)[0m
./orchestrate_kl_controllers.sh: line 157: [: : integer expression expected
./orchestrate_kl_controllers.sh: line 139: [: : integer expression expected
./orchestrate_kl_controllers.sh: line 143: [: : integer expression expected
[0;32m[2026-05-28 20:39:12] Step /1569 (0%)[0m
./orchestrate_kl_controllers.sh: line 157: [: : integer expression expected
./orchestrate_kl_controllers.sh: line 139: [: : integer expression expected
./orchestrate_kl_controllers.sh: line 143: [: : integer expression expected
[0;32m[2026-05-28 20:40:12] Step /1569 (0%)[0m
./orchestrate_kl_controllers.sh: line 157: [: : integer expression expected
./orchestrate_kl_controllers.sh: line 139: [: : integer expression expected
./orchestrate_kl_controllers.sh: line 143: [: : integer expression expected
[0;32m[2026-05-28 20:41:12] Step /1569 (0%)[0m
./orchestrate_kl_controllers.sh: line 157: [: : integer expression expected
./orchestrate_kl_controllers.sh: line 139: [: : integer expression expected
./orchestrate_kl_controllers.sh: line 143: [: : integer expression expected
[0;32m[2026-05-28 20:42:12] Step /1569 (0%)[0m
./orchestrate_kl_controllers.sh: line 157: [: : integer expression expected
./orchestrate_kl_controllers.sh: line 139: [: : integer expression expected
./orchestrate_kl_controllers.sh: line 143: [: : integer expression expected
[0;32m[2026-05-28 20:43:12] Step /1569 (0%)[0m
./orchestrate_kl_controllers.sh: line 157: [: : integer expression expected
./orchestrate_kl_controllers.sh: line 139: [: : integer expression expected
./orchestrate_kl_controllers.sh: line 143: [: : integer expression expected
[0;32m[2026-05-28 20:44:12] Step /1569 (0%)[0m
./orchestrate_kl_controllers.sh: line 157: [: : integer expression expected
./orchestrate_kl_controllers.sh: line 139: [: : integer expression expected
./orchestrate_kl_controllers.sh: line 143: [: : integer expression expected
[0;32m[2026-05-28 20:45:12] Step /1569 (0%)[0m
./orchestrate_kl_controllers.sh: line 157: [: : integer expression expected
./orchestrate_kl_controllers.sh: line 139: [: : integer expression expected
./orchestrate_kl_controllers.sh: line 143: [: : integer expression expected
[0;32m[2026-05-28 20:46:12] Step /1569 (0%)[0m
./orchestrate_kl_controllers.sh: line 157: [: : integer expression expected
./orchestrate_kl_controllers.sh: line 139: [: : integer expression expected
./orchestrate_kl_controllers.sh: line 143: [: : integer expression expected
[0;32m[2026-05-28 20:47:12] Step /1569 (0%)[0m
./orchestrate_kl_controllers.sh: line 157: [: : integer expression expected
./orchestrate_kl_controllers.sh: line 139: [: : integer expression expected
./orchestrate_kl_controllers.sh: line 143: [: : integer expression expected
[0;32m[2026-05-28 20:48:12] Step /1569 (0%)[0m
./orchestrate_kl_controllers.sh: line 157: [: : integer expression expected
./orchestrate_kl_controllers.sh: line 139: [: : integer expression expected
./orchestrate_kl_controllers.sh: line 143: [: : integer expression expected
[0;32m[2026-05-28 20:49:12] Step /1569 (0%)[0m
./orchestrate_kl_controllers.sh: line 157: [: : integer expression expected
./orchestrate_kl_controllers.sh: line 139: [: : integer expression expected
./orchestrate_kl_controllers.sh: line 143: [: : integer expression expected
[0;32m[2026-05-28 20:50:12] Step /1569 (0%)[0m
./orchestrate_kl_controllers.sh: line 157: [: : integer expression expected
./orchestrate_kl_controllers.sh: line 139: [: : integer expression expected
./orchestrate_kl_controllers.sh: line 143: [: : integer expression expected
[0;32m[2026-05-28 20:51:12] Step /1569 (0%)[0m
./orchestrate_kl_controllers.sh: line 157: [: : integer expression expected
./orchestrate_kl_controllers.sh: line 139: [: : integer expression expected
./orchestrate_kl_controllers.sh: line 143: [: : integer expression expected
[0;32m[2026-05-28 20:52:12] Step /1569 (0%)[0m
./orchestrate_kl_controllers.sh: line 157: [: : integer expression expected
./orchestrate_kl_controllers.sh: line 139: [: : integer expression expected
./orchestrate_kl_controllers.sh: line 143: [: : integer expression expected
[0;32m[2026-05-28 20:53:12] Step /1569 (0%)[0m
./orchestrate_kl_controllers.sh: line 157: [: : integer expression expected
./orchestrate_kl_controllers.sh: line 139: [: : integer expression expected
./orchestrate_kl_controllers.sh: line 143: [: : integer expression expected
[0;32m[2026-05-28 20:54:12] Step /1569 (0%)[0m
./orchestrate_kl_controllers.sh: line 157: [: : integer expression expected
./orchestrate_kl_controllers.sh: line 139: [: : integer expression expected
./orchestrate_kl_controllers.sh: line 143: [: : integer expression expected
[0;32m[2026-05-28 20:55:12] Step /1569 (0%)[0m
./orchestrate_kl_controllers.sh: line 157: [: : integer expression expected
./orchestrate_kl_controllers.sh: line 139: [: : integer expression expected
./orchestrate_kl_controllers.sh: line 143: [: : integer expression expected
[0;32m[2026-05-28 20:56:13] Step /1569 (0%)[0m
./orchestrate_kl_controllers.sh: line 157: [: : integer expression expected
./orchestrate_kl_controllers.sh: line 139: [: : integer expression expected
./orchestrate_kl_controllers.sh: line 143: [: : integer expression expected
[0;32m[2026-05-28 20:57:13] Step /1569 (0%)[0m
./orchestrate_kl_controllers.sh: line 157: [: : integer expression expected
./orchestrate_kl_controllers.sh: line 139: [: : integer expression expected
./orchestrate_kl_controllers.sh: line 143: [: : integer expression expected
[0;32m[2026-05-28 20:58:13] Step /1569 (0%)[0m
./orchestrate_kl_controllers.sh: line 157: [: : integer expression expected
./orchestrate_kl_controllers.sh: line 139: [: : integer expression expected
./orchestrate_kl_controllers.sh: line 143: [: : integer expression expected
[0;32m[2026-05-28 20:59:13] Step /1569 (0%)[0m
./orchestrate_kl_controllers.sh: line 157: [: : integer expression expected
./orchestrate_kl_controllers.sh: line 139: [: : integer expression expected
./orchestrate_kl_controllers.sh: line 143: [: : integer expression expected
[0;32m[2026-05-28 21:00:13] Step /1569 (0%)[0m
./orchestrate_kl_controllers.sh: line 157: [: : integer expression expected
./orchestrate_kl_controllers.sh: line 139: [: : integer expression expected
./orchestrate_kl_controllers.sh: line 143: [: : integer expression expected
[0;32m[2026-05-28 21:01:13] Step /1569 (0%)[0m
./orchestrate_kl_controllers.sh: line 157: [: : integer expression expected
./orchestrate_kl_controllers.sh: line 139: [: : integer expression expected
./orchestrate_kl_controllers.sh: line 143: [: : integer expression expected
[0;32m[2026-05-28 21:02:13] Step /1569 (0%)[0m
./orchestrate_kl_controllers.sh: line 157: [: : integer expression expected
./orchestrate_kl_controllers.sh: line 139: [: : integer expression expected
./orchestrate_kl_controllers.sh: line 143: [: : integer expression expected
[0;32m[2026-05-28 21:03:13] Step /1569 (0%)[0m
./orchestrate_kl_controllers.sh: line 157: [: : integer expression expected
./orchestrate_kl_controllers.sh: line 139: [: : integer expression expected
./orchestrate_kl_controllers.sh: line 143: [: : integer expression expected
[0;32m[2026-05-28 21:04:13] Step /1569 (0%)[0m
./orchestrate_kl_controllers.sh: line 157: [: : integer expression expected
./orchestrate_kl_controllers.sh: line 139: [: : integer expression expected
./orchestrate_kl_controllers.sh: line 143: [: : integer expression expected
[0;32m[2026-05-28 21:05:13] Step /1569 (0%)[0m
./orchestrate_kl_controllers.sh: line 157: [: : integer expression expected
./orchestrate_kl_controllers.sh: line 139: [: : integer expression expected
./orchestrate_kl_controllers.sh: line 143: [: : integer expression expected
[0;32m[2026-05-28 21:06:13] Step /1569 (0%)[0m
./orchestrate_kl_controllers.sh: line 157: [: : integer expression expected
./orchestrate_kl_controllers.sh: line 139: [: : integer expression expected
./orchestrate_kl_controllers.sh: line 143: [: : integer expression expected
[0;32m[2026-05-28 21:07:13] Step /1569 (0%)[0m
./orchestrate_kl_controllers.sh: line 157: [: : integer expression expected
./orchestrate_kl_controllers.sh: line 139: [: : integer expression expected
./orchestrate_kl_controllers.sh: line 143: [: : integer expression expected
[0;32m[2026-05-28 21:08:13] Step /1569 (0%)[0m
./orchestrate_kl_controllers.sh: line 157: [: : integer expression expected
./orchestrate_kl_controllers.sh: line 139: [: : integer expression expected
./orchestrate_kl_controllers.sh: line 143: [: : integer expression expected
[0;32m[2026-05-28 21:09:13] Step /1569 (0%)[0m
./orchestrate_kl_controllers.sh: line 157: [: : integer expression expected
./orchestrate_kl_controllers.sh: line 139: [: : integer expression expected
./orchestrate_kl_controllers.sh: line 143: [: : integer expression expected
[0;32m[2026-05-28 21:10:13] Step /1569 (0%)[0m
./orchestrate_kl_controllers.sh: line 157: [: : integer expression expected
./orchestrate_kl_controllers.sh: line 139: [: : integer expression expected
./orchestrate_kl_controllers.sh: line 143: [: : integer expression expected
[0;32m[2026-05-28 21:11:13] Step /1569 (0%)[0m
./orchestrate_kl_controllers.sh: line 157: [: : integer expression expected
./orchestrate_kl_controllers.sh: line 139: [: : integer expression expected
./orchestrate_kl_controllers.sh: line 143: [: : integer expression expected
[0;32m[2026-05-28 21:12:13] Step /1569 (0%)[0m
./orchestrate_kl_controllers.sh: line 157: [: : integer expression expected
./orchestrate_kl_controllers.sh: line 139: [: : integer expression expected
./orchestrate_kl_controllers.sh: line 143: [: : integer expression expected
[0;32m[2026-05-28 21:13:13] Step /1569 (0%)[0m
./orchestrate_kl_controllers.sh: line 157: [: : integer expression expected
./orchestrate_kl_controllers.sh: line 139: [: : integer expression expected
./orchestrate_kl_controllers.sh: line 143: [: : integer expression expected
[0;32m[2026-05-28 21:14:13] Step /1569 (0%)[0m
./orchestrate_kl_controllers.sh: line 157: [: : integer expression expected
./orchestrate_kl_controllers.sh: line 139: [: : integer expression expected
./orchestrate_kl_controllers.sh: line 143: [: : integer expression expected
[0;32m[2026-05-28 21:15:13] Step /1569 (0%)[0m
./orchestrate_kl_controllers.sh: line 157: [: : integer expression expected
./orchestrate_kl_controllers.sh: line 139: [: : integer expression expected
./orchestrate_kl_controllers.sh: line 143: [: : integer expression expected
[0;32m[2026-05-28 21:16:13] Step /1569 (0%)[0m
./orchestrate_kl_controllers.sh: line 157: [: : integer expression expected
./orchestrate_kl_controllers.sh: line 139: [: : integer expression expected
./orchestrate_kl_controllers.sh: line 143: [: : integer expression expected
[0;32m[2026-05-28 21:17:13] Step /1569 (0%)[0m
./orchestrate_kl_controllers.sh: line 157: [: : integer expression expected
./orchestrate_kl_controllers.sh: line 139: [: : integer expression expected
./orchestrate_kl_controllers.sh: line 143: [: : integer expression expected
[0;32m[2026-05-28 21:18:13] Step /1569 (0%)[0m
./orchestrate_kl_controllers.sh: line 157: [: : integer expression expected
./orchestrate_kl_controllers.sh: line 139: [: : integer expression expected
./orchestrate_kl_controllers.sh: line 143: [: : integer expression expected
[0;32m[2026-05-28 21:19:13] Step /1569 (0%)[0m
./orchestrate_kl_controllers.sh: line 157: [: : integer expression expected
./orchestrate_kl_controllers.sh: line 139: [: : integer expression expected
./orchestrate_kl_controllers.sh: line 143: [: : integer expression expected
[0;32m[2026-05-28 21:20:13] Step /1569 (0%)[0m
./orchestrate_kl_controllers.sh: line 157: [: : integer expression expected
./orchestrate_kl_controllers.sh: line 139: [: : integer expression expected
./orchestrate_kl_controllers.sh: line 143: [: : integer expression expected
[0;32m[2026-05-28 21:21:13] Step /1569 (0%)[0m
./orchestrate_kl_controllers.sh: line 157: [: : integer expression expected
./orchestrate_kl_controllers.sh: line 139: [: : integer expression expected
./orchestrate_kl_controllers.sh: line 143: [: : integer expression expected
[0;32m[2026-05-28 21:22:13] Step /1569 (0%)[0m
./orchestrate_kl_controllers.sh: line 157: [: : integer expression expected
./orchestrate_kl_controllers.sh: line 139: [: : integer expression expected
./orchestrate_kl_controllers.sh: line 143: [: : integer expression expected
[0;32m[2026-05-28 21:23:13] Step /1569 (0%)[0m
./orchestrate_kl_controllers.sh: line 157: [: : integer expression expected
./orchestrate_kl_controllers.sh: line 139: [: : integer expression expected
./orchestrate_kl_controllers.sh: line 143: [: : integer expression expected
[0;32m[2026-05-28 21:24:13] Step /1569 (0%)[0m
./orchestrate_kl_controllers.sh: line 157: [: : integer expression expected
./orchestrate_kl_controllers.sh: line 139: [: : integer expression expected
./orchestrate_kl_controllers.sh: line 143: [: : integer expression expected
[0;32m[2026-05-28 21:25:14] Step /1569 (0%)[0m
./orchestrate_kl_controllers.sh: line 157: [: : integer expression expected
./orchestrate_kl_controllers.sh: line 139: [: : integer expression expected
./orchestrate_kl_controllers.sh: line 143: [: : integer expression expected
[0;32m[2026-05-28 21:26:14] Step /1569 (0%)[0m
./orchestrate_kl_controllers.sh: line 157: [: : integer expression expected
./orchestrate_kl_controllers.sh: line 139: [: : integer expression expected
./orchestrate_kl_controllers.sh: line 143: [: : integer expression expected
[0;32m[2026-05-28 21:27:14] Step /1569 (0%)[0m
./orchestrate_kl_controllers.sh: line 157: [: : integer expression expected
./orchestrate_kl_controllers.sh: line 139: [: : integer expression expected
./orchestrate_kl_controllers.sh: line 143: [: : integer expression expected
[0;32m[2026-05-28 21:28:14] Step /1569 (0%)[0m
./orchestrate_kl_controllers.sh: line 157: [: : integer expression expected
./orchestrate_kl_controllers.sh: line 139: [: : integer expression expected
./orchestrate_kl_controllers.sh: line 143: [: : integer expression expected
[0;32m[2026-05-28 21:29:14] Step /1569 (0%)[0m
./orchestrate_kl_controllers.sh: line 157: [: : integer expression expected
./orchestrate_kl_controllers.sh: line 139: [: : integer expression expected
./orchestrate_kl_controllers.sh: line 143: [: : integer expression expected
[0;32m[2026-05-28 21:30:14] Step /1569 (0%)[0m
./orchestrate_kl_controllers.sh: line 157: [: : integer expression expected
./orchestrate_kl_controllers.sh: line 139: [: : integer expression expected
./orchestrate_kl_controllers.sh: line 143: [: : integer expression expected
[0;32m[2026-05-28 21:31:14] Step /1569 (0%)[0m
./orchestrate_kl_controllers.sh: line 157: [: : integer expression expected
./orchestrate_kl_controllers.sh: line 139: [: : integer expression expected
./orchestrate_kl_controllers.sh: line 143: [: : integer expression expected
[0;32m[2026-05-28 21:32:14] Step /1569 (0%)[0m
./orchestrate_kl_controllers.sh: line 157: [: : integer expression expected
./orchestrate_kl_controllers.sh: line 139: [: : integer expression expected
./orchestrate_kl_controllers.sh: line 143: [: : integer expression expected
[0;32m[2026-05-28 21:33:14] Step /1569 (0%)[0m
./orchestrate_kl_controllers.sh: line 157: [: : integer expression expected
./orchestrate_kl_controllers.sh: line 139: [: : integer expression expected
./orchestrate_kl_controllers.sh: line 143: [: : integer expression expected
[0;32m[2026-05-28 21:34:14] Step /1569 (0%)[0m
./orchestrate_kl_controllers.sh: line 157: [: : integer expression expected
./orchestrate_kl_controllers.sh: line 139: [: : integer expression expected
./orchestrate_kl_controllers.sh: line 143: [: : integer expression expected
[0;32m[2026-05-28 21:35:14] Step /1569 (0%)[0m
./orchestrate_kl_controllers.sh: line 157: [: : integer expression expected
./orchestrate_kl_controllers.sh: line 139: [: : integer expression expected
./orchestrate_kl_controllers.sh: line 143: [: : integer expression expected
[0;32m[2026-05-28 21:36:14] Step /1569 (0%)[0m
./orchestrate_kl_controllers.sh: line 157: [: : integer expression expected
./orchestrate_kl_controllers.sh: line 139: [: : integer expression expected
./orchestrate_kl_controllers.sh: line 143: [: : integer expression expected
[0;32m[2026-05-28 21:37:14] Step /1569 (0%)[0m
./orchestrate_kl_controllers.sh: line 157: [: : integer expression expected
./orchestrate_kl_controllers.sh: line 139: [: : integer expression expected
./orchestrate_kl_controllers.sh: line 143: [: : integer expression expected
[0;32m[2026-05-28 21:38:14] Step /1569 (0%)[0m
./orchestrate_kl_controllers.sh: line 157: [: : integer expression expected
./orchestrate_kl_controllers.sh: line 139: [: : integer expression expected
./orchestrate_kl_controllers.sh: line 143: [: : integer expression expected
[0;32m[2026-05-28 21:39:14] Step /1569 (0%)[0m
./orchestrate_kl_controllers.sh: line 157: [: : integer expression expected
./orchestrate_kl_controllers.sh: line 139: [: : integer expression expected
./orchestrate_kl_controllers.sh: line 143: [: : integer expression expected
[0;32m[2026-05-28 21:40:14] Step /1569 (0%)[0m
./orchestrate_kl_controllers.sh: line 157: [: : integer expression expected
./orchestrate_kl_controllers.sh: line 139: [: : integer expression expected
./orchestrate_kl_controllers.sh: line 143: [: : integer expression expected
[0;32m[2026-05-28 21:41:14] Step /1569 (0%)[0m
./orchestrate_kl_controllers.sh: line 157: [: : integer expression expected
./orchestrate_kl_controllers.sh: line 139: [: : integer expression expected
./orchestrate_kl_controllers.sh: line 143: [: : integer expression expected
[0;32m[2026-05-28 21:42:14] Step /1569 (0%)[0m
./orchestrate_kl_controllers.sh: line 157: [: : integer expression expected
./orchestrate_kl_controllers.sh: line 139: [: : integer expression expected
./orchestrate_kl_controllers.sh: line 143: [: : integer expression expected
[0;32m[2026-05-28 21:43:14] Step /1569 (0%)[0m
./orchestrate_kl_controllers.sh: line 157: [: : integer expression expected
./orchestrate_kl_controllers.sh: line 139: [: : integer expression expected
./orchestrate_kl_controllers.sh: line 143: [: : integer expression expected
[0;32m[2026-05-28 21:44:14] Step /1569 (0%)[0m
./orchestrate_kl_controllers.sh: line 157: [: : integer expression expected
./orchestrate_kl_controllers.sh: line 139: [: : integer expression expected
./orchestrate_kl_controllers.sh: line 143: [: : integer expression expected
[0;32m[2026-05-28 21:45:14] Step /1569 (0%)[0m
./orchestrate_kl_controllers.sh: line 157: [: : integer expression expected
./orchestrate_kl_controllers.sh: line 139: [: : integer expression expected
./orchestrate_kl_controllers.sh: line 143: [: : integer expression expected
[0;32m[2026-05-28 21:46:14] Step /1569 (0%)[0m
./orchestrate_kl_controllers.sh: line 157: [: : integer expression expected
./orchestrate_kl_controllers.sh: line 139: [: : integer expression expected
./orchestrate_kl_controllers.sh: line 143: [: : integer expression expected
[0;32m[2026-05-28 21:47:14] Step /1569 (0%)[0m
./orchestrate_kl_controllers.sh: line 157: [: : integer expression expected
./orchestrate_kl_controllers.sh: line 139: [: : integer expression expected
./orchestrate_kl_controllers.sh: line 143: [: : integer expression expected
[0;32m[2026-05-28 21:48:14] Step /1569 (0%)[0m
./orchestrate_kl_controllers.sh: line 157: [: : integer expression expected
./orchestrate_kl_controllers.sh: line 139: [: : integer expression expected
./orchestrate_kl_controllers.sh: line 143: [: : integer expression expected
[0;32m[2026-05-28 21:49:14] Step /1569 (0%)[0m
./orchestrate_kl_controllers.sh: line 157: [: : integer expression expected
./orchestrate_kl_controllers.sh: line 139: [: : integer expression expected
./orchestrate_kl_controllers.sh: line 143: [: : integer expression expected
[0;32m[2026-05-28 21:50:14] Step /1569 (0%)[0m
./orchestrate_kl_controllers.sh: line 157: [: : integer expression expected
./orchestrate_kl_controllers.sh: line 139: [: : integer expression expected
./orchestrate_kl_controllers.sh: line 143: [: : integer expression expected
[0;32m[2026-05-28 21:51:14] Step /1569 (0%)[0m
./orchestrate_kl_controllers.sh: line 157: [: : integer expression expected
./orchestrate_kl_controllers.sh: line 139: [: : integer expression expected
./orchestrate_kl_controllers.sh: line 143: [: : integer expression expected
[0;32m[2026-05-28 21:52:14] Step /1569 (0%)[0m
./orchestrate_kl_controllers.sh: line 157: [: : integer expression expected
./orchestrate_kl_controllers.sh: line 139: [: : integer expression expected
./orchestrate_kl_controllers.sh: line 143: [: : integer expression expected
[0;32m[2026-05-28 21:53:14] Step /1569 (0%)[0m
./orchestrate_kl_controllers.sh: line 157: [: : integer expression expected
./orchestrate_kl_controllers.sh: line 139: [: : integer expression expected
./orchestrate_kl_controllers.sh: line 143: [: : integer expression expected
[0;32m[2026-05-28 21:54:15] Step /1569 (0%)[0m
./orchestrate_kl_controllers.sh: line 157: [: : integer expression expected
./orchestrate_kl_controllers.sh: line 139: [: : integer expression expected
./orchestrate_kl_controllers.sh: line 143: [: : integer expression expected
[0;32m[2026-05-28 21:55:15] Step /1569 (0%)[0m
./orchestrate_kl_controllers.sh: line 157: [: : integer expression expected
./orchestrate_kl_controllers.sh: line 139: [: : integer expression expected
./orchestrate_kl_controllers.sh: line 143: [: : integer expression expected
[0;32m[2026-05-28 21:56:15] Step /1569 (0%)[0m
./orchestrate_kl_controllers.sh: line 157: [: : integer expression expected
./orchestrate_kl_controllers.sh: line 139: [: : integer expression expected
./orchestrate_kl_controllers.sh: line 143: [: : integer expression expected
[0;32m[2026-05-28 21:57:15] Step /1569 (0%)[0m
./orchestrate_kl_controllers.sh: line 157: [: : integer expression expected
./orchestrate_kl_controllers.sh: line 139: [: : integer expression expected
./orchestrate_kl_controllers.sh: line 143: [: : integer expression expected
[0;32m[2026-05-28 21:58:15] Step /1569 (0%)[0m
./orchestrate_kl_controllers.sh: line 157: [: : integer expression expected
./orchestrate_kl_controllers.sh: line 139: [: : integer expression expected
./orchestrate_kl_controllers.sh: line 143: [: : integer expression expected
[0;32m[2026-05-28 21:59:15] Step /1569 (0%)[0m
./orchestrate_kl_controllers.sh: line 157: [: : integer expression expected
./orchestrate_kl_controllers.sh: line 139: [: : integer expression expected
./orchestrate_kl_controllers.sh: line 143: [: : integer expression expected
[0;32m[2026-05-28 22:00:15] Step /1569 (0%)[0m
./orchestrate_kl_controllers.sh: line 157: [: : integer expression expected
./orchestrate_kl_controllers.sh: line 139: [: : integer expression expected
./orchestrate_kl_controllers.sh: line 143: [: : integer expression expected
[0;32m[2026-05-28 22:01:15] Step /1569 (0%)[0m
./orchestrate_kl_controllers.sh: line 157: [: : integer expression expected
./orchestrate_kl_controllers.sh: line 139: [: : integer expression expected
./orchestrate_kl_controllers.sh: line 143: [: : integer expression expected
[0;32m[2026-05-28 22:02:15] Step /1569 (0%)[0m
./orchestrate_kl_controllers.sh: line 157: [: : integer expression expected
./orchestrate_kl_controllers.sh: line 139: [: : integer expression expected
./orchestrate_kl_controllers.sh: line 143: [: : integer expression expected
[0;32m[2026-05-28 22:03:15] Step /1569 (0%)[0m
./orchestrate_kl_controllers.sh: line 157: [: : integer expression expected
./orchestrate_kl_controllers.sh: line 139: [: : integer expression expected
./orchestrate_kl_controllers.sh: line 143: [: : integer expression expected
[0;32m[2026-05-28 22:04:15] Step /1569 (0%)[0m
./orchestrate_kl_controllers.sh: line 157: [: : integer expression expected
./orchestrate_kl_controllers.sh: line 139: [: : integer expression expected
./orchestrate_kl_controllers.sh: line 143: [: : integer expression expected
[0;32m[2026-05-28 22:05:15] Step /1569 (0%)[0m
./orchestrate_kl_controllers.sh: line 157: [: : integer expression expected
./orchestrate_kl_controllers.sh: line 139: [: : integer expression expected
./orchestrate_kl_controllers.sh: line 143: [: : integer expression expected
[0;32m[2026-05-28 22:06:15] Step /1569 (0%)[0m
./orchestrate_kl_controllers.sh: line 157: [: : integer expression expected
./orchestrate_kl_controllers.sh: line 139: [: : integer expression expected
./orchestrate_kl_controllers.sh: line 143: [: : integer expression expected
[0;32m[2026-05-28 22:07:15] Step /1569 (0%)[0m
./orchestrate_kl_controllers.sh: line 157: [: : integer expression expected
./orchestrate_kl_controllers.sh: line 139: [: : integer expression expected
./orchestrate_kl_controllers.sh: line 143: [: : integer expression expected
[0;32m[2026-05-28 22:08:15] Step /1569 (0%)[0m
./orchestrate_kl_controllers.sh: line 157: [: : integer expression expected
./orchestrate_kl_controllers.sh: line 139: [: : integer expression expected
./orchestrate_kl_controllers.sh: line 143: [: : integer expression expected
[0;32m[2026-05-28 22:09:15] Step /1569 (0%)[0m
./orchestrate_kl_controllers.sh: line 157: [: : integer expression expected
./orchestrate_kl_controllers.sh: line 139: [: : integer expression expected
./orchestrate_kl_controllers.sh: line 143: [: : integer expression expected
[0;32m[2026-05-28 22:10:15] Step /1569 (0%)[0m
./orchestrate_kl_controllers.sh: line 157: [: : integer expression expected
./orchestrate_kl_controllers.sh: line 139: [: : integer expression expected
./orchestrate_kl_controllers.sh: line 143: [: : integer expression expected
[0;32m[2026-05-28 22:11:15] Step /1569 (0%)[0m
./orchestrate_kl_controllers.sh: line 157: [: : integer expression expected
./orchestrate_kl_controllers.sh: line 139: [: : integer expression expected
./orchestrate_kl_controllers.sh: line 143: [: : integer expression expected
[0;32m[2026-05-28 22:12:15] Step /1569 (0%)[0m
./orchestrate_kl_controllers.sh: line 157: [: : integer expression expected
./orchestrate_kl_controllers.sh: line 139: [: : integer expression expected
./orchestrate_kl_controllers.sh: line 143: [: : integer expression expected
[0;32m[2026-05-28 22:13:15] Step /1569 (0%)[0m
./orchestrate_kl_controllers.sh: line 157: [: : integer expression expected
./orchestrate_kl_controllers.sh: line 139: [: : integer expression expected
./orchestrate_kl_controllers.sh: line 143: [: : integer expression expected
[0;32m[2026-05-28 22:14:15] Step /1569 (0%)[0m
./orchestrate_kl_controllers.sh: line 157: [: : integer expression expected
./orchestrate_kl_controllers.sh: line 139: [: : integer expression expected
./orchestrate_kl_controllers.sh: line 143: [: : integer expression expected
[0;32m[2026-05-28 22:15:15] Step /1569 (0%)[0m
./orchestrate_kl_controllers.sh: line 157: [: : integer expression expected
./orchestrate_kl_controllers.sh: line 139: [: : integer expression expected
./orchestrate_kl_controllers.sh: line 143: [: : integer expression expected
[0;32m[2026-05-28 22:16:15] Step /1569 (0%)[0m
./orchestrate_kl_controllers.sh: line 157: [: : integer expression expected
./orchestrate_kl_controllers.sh: line 139: [: : integer expression expected
./orchestrate_kl_controllers.sh: line 143: [: : integer expression expected
[0;32m[2026-05-28 22:17:15] Step /1569 (0%)[0m
./orchestrate_kl_controllers.sh: line 157: [: : integer expression expected
./orchestrate_kl_controllers.sh: line 139: [: : integer expression expected
./orchestrate_kl_controllers.sh: line 143: [: : integer expression expected
[0;32m[2026-05-28 22:18:15] Step /1569 (0%)[0m
./orchestrate_kl_controllers.sh: line 157: [: : integer expression expected
./orchestrate_kl_controllers.sh: line 139: [: : integer expression expected
./orchestrate_kl_controllers.sh: line 143: [: : integer expression expected
[0;32m[2026-05-28 22:19:15] Step /1569 (0%)[0m
./orchestrate_kl_controllers.sh: line 157: [: : integer expression expected
./orchestrate_kl_controllers.sh: line 139: [: : integer expression expected
./orchestrate_kl_controllers.sh: line 143: [: : integer expression expected
[0;32m[2026-05-28 22:20:15] Step /1569 (0%)[0m
./orchestrate_kl_controllers.sh: line 157: [: : integer expression expected
./orchestrate_kl_controllers.sh: line 139: [: : integer expression expected
./orchestrate_kl_controllers.sh: line 143: [: : integer expression expected
[0;32m[2026-05-28 22:21:15] Step /1569 (0%)[0m
./orchestrate_kl_controllers.sh: line 157: [: : integer expression expected
./orchestrate_kl_controllers.sh: line 139: [: : integer expression expected
./orchestrate_kl_controllers.sh: line 143: [: : integer expression expected
[0;32m[2026-05-28 22:22:16] Step /1569 (0%)[0m
./orchestrate_kl_controllers.sh: line 157: [: : integer expression expected
./orchestrate_kl_controllers.sh: line 139: [: : integer expression expected
./orchestrate_kl_controllers.sh: line 143: [: : integer expression expected
[0;32m[2026-05-28 22:23:16] Step /1569 (0%)[0m
./orchestrate_kl_controllers.sh: line 157: [: : integer expression expected
./orchestrate_kl_controllers.sh: line 139: [: : integer expression expected
./orchestrate_kl_controllers.sh: line 143: [: : integer expression expected
[0;32m[2026-05-28 22:24:16] Step /1569 (0%)[0m
./orchestrate_kl_controllers.sh: line 157: [: : integer expression expected
./orchestrate_kl_controllers.sh: line 139: [: : integer expression expected
./orchestrate_kl_controllers.sh: line 143: [: : integer expression expected
[0;32m[2026-05-28 22:25:16] Step /1569 (0%)[0m
./orchestrate_kl_controllers.sh: line 157: [: : integer expression expected
./orchestrate_kl_controllers.sh: line 139: [: : integer expression expected
./orchestrate_kl_controllers.sh: line 143: [: : integer expression expected
[0;32m[2026-05-28 22:26:16] Step /1569 (0%)[0m
./orchestrate_kl_controllers.sh: line 157: [: : integer expression expected
./orchestrate_kl_controllers.sh: line 139: [: : integer expression expected
./orchestrate_kl_controllers.sh: line 143: [: : integer expression expected
[0;32m[2026-05-28 22:27:16] Step /1569 (0%)[0m
./orchestrate_kl_controllers.sh: line 157: [: : integer expression expected
./orchestrate_kl_controllers.sh: line 139: [: : integer expression expected
./orchestrate_kl_controllers.sh: line 143: [: : integer expression expected
[0;32m[2026-05-28 22:28:16] Step /1569 (0%)[0m
./orchestrate_kl_controllers.sh: line 157: [: : integer expression expected
./orchestrate_kl_controllers.sh: line 139: [: : integer expression expected
./orchestrate_kl_controllers.sh: line 143: [: : integer expression expected
[0;32m[2026-05-28 22:29:16] Step /1569 (0%)[0m
./orchestrate_kl_controllers.sh: line 157: [: : integer expression expected
./orchestrate_kl_controllers.sh: line 139: [: : integer expression expected
./orchestrate_kl_controllers.sh: line 143: [: : integer expression expected
[0;32m[2026-05-28 22:30:16] Step /1569 (0%)[0m
./orchestrate_kl_controllers.sh: line 157: [: : integer expression expected
./orchestrate_kl_controllers.sh: line 139: [: : integer expression expected
./orchestrate_kl_controllers.sh: line 143: [: : integer expression expected
[0;32m[2026-05-28 22:31:16] Step /1569 (0%)[0m
./orchestrate_kl_controllers.sh: line 157: [: : integer expression expected
./orchestrate_kl_controllers.sh: line 139: [: : integer expression expected
./orchestrate_kl_controllers.sh: line 143: [: : integer expression expected
[0;32m[2026-05-28 22:32:16] Step /1569 (0%)[0m
./orchestrate_kl_controllers.sh: line 157: [: : integer expression expected
./orchestrate_kl_controllers.sh: line 139: [: : integer expression expected
./orchestrate_kl_controllers.sh: line 143: [: : integer expression expected
[0;32m[2026-05-28 22:33:16] Step /1569 (0%)[0m
./orchestrate_kl_controllers.sh: line 157: [: : integer expression expected
./orchestrate_kl_controllers.sh: line 139: [: : integer expression expected
./orchestrate_kl_controllers.sh: line 143: [: : integer expression expected
[0;32m[2026-05-28 22:34:16] Step /1569 (0%)[0m
./orchestrate_kl_controllers.sh: line 157: [: : integer expression expected
./orchestrate_kl_controllers.sh: line 139: [: : integer expression expected
./orchestrate_kl_controllers.sh: line 143: [: : integer expression expected
[0;32m[2026-05-28 22:35:16] Step /1569 (0%)[0m
./orchestrate_kl_controllers.sh: line 157: [: : integer expression expected
./orchestrate_kl_controllers.sh: line 139: [: : integer expression expected
./orchestrate_kl_controllers.sh: line 143: [: : integer expression expected
[0;32m[2026-05-28 22:36:16] Step /1569 (0%)[0m
./orchestrate_kl_controllers.sh: line 157: [: : integer expression expected
./orchestrate_kl_controllers.sh: line 139: [: : integer expression expected
./orchestrate_kl_controllers.sh: line 143: [: : integer expression expected
[0;32m[2026-05-28 22:37:16] Step /1569 (0%)[0m
./orchestrate_kl_controllers.sh: line 157: [: : integer expression expected
./orchestrate_kl_controllers.sh: line 139: [: : integer expression expected
./orchestrate_kl_controllers.sh: line 143: [: : integer expression expected
[0;32m[2026-05-28 22:38:16] Step /1569 (0%)[0m
./orchestrate_kl_controllers.sh: line 157: [: : integer expression expected
./orchestrate_kl_controllers.sh: line 139: [: : integer expression expected
./orchestrate_kl_controllers.sh: line 143: [: : integer expression expected
[0;32m[2026-05-28 22:39:16] Step /1569 (0%)[0m
./orchestrate_kl_controllers.sh: line 157: [: : integer expression expected
./orchestrate_kl_controllers.sh: line 139: [: : integer expression expected
./orchestrate_kl_controllers.sh: line 143: [: : integer expression expected
[0;32m[2026-05-28 22:40:16] Step /1569 (0%)[0m
./orchestrate_kl_controllers.sh: line 157: [: : integer expression expected
./orchestrate_kl_controllers.sh: line 139: [: : integer expression expected
./orchestrate_kl_controllers.sh: line 143: [: : integer expression expected
[0;32m[2026-05-28 22:41:16] Step /1569 (0%)[0m
./orchestrate_kl_controllers.sh: line 157: [: : integer expression expected
./orchestrate_kl_controllers.sh: line 139: [: : integer expression expected
./orchestrate_kl_controllers.sh: line 143: [: : integer expression expected
[0;32m[2026-05-28 22:42:16] Step /1569 (0%)[0m
./orchestrate_kl_controllers.sh: line 157: [: : integer expression expected
./orchestrate_kl_controllers.sh: line 139: [: : integer expression expected
./orchestrate_kl_controllers.sh: line 143: [: : integer expression expected
[0;32m[2026-05-28 22:43:16] Step /1569 (0%)[0m
./orchestrate_kl_controllers.sh: line 157: [: : integer expression expected
./orchestrate_kl_controllers.sh: line 139: [: : integer expression expected
./orchestrate_kl_controllers.sh: line 143: [: : integer expression expected
[0;32m[2026-05-28 22:44:16] Step /1569 (0%)[0m
./orchestrate_kl_controllers.sh: line 157: [: : integer expression expected
./orchestrate_kl_controllers.sh: line 139: [: : integer expression expected
./orchestrate_kl_controllers.sh: line 143: [: : integer expression expected
[0;32m[2026-05-28 22:45:16] Step /1569 (0%)[0m
./orchestrate_kl_controllers.sh: line 157: [: : integer expression expected
./orchestrate_kl_controllers.sh: line 139: [: : integer expression expected
./orchestrate_kl_controllers.sh: line 143: [: : integer expression expected
[0;32m[2026-05-28 22:46:16] Step /1569 (0%)[0m
./orchestrate_kl_controllers.sh: line 157: [: : integer expression expected
./orchestrate_kl_controllers.sh: line 139: [: : integer expression expected
./orchestrate_kl_controllers.sh: line 143: [: : integer expression expected
[0;32m[2026-05-28 22:47:16] Step /1569 (0%)[0m
./orchestrate_kl_controllers.sh: line 157: [: : integer expression expected
./orchestrate_kl_controllers.sh: line 139: [: : integer expression expected
./orchestrate_kl_controllers.sh: line 143: [: : integer expression expected
[0;32m[2026-05-28 22:48:16] Step /1569 (0%)[0m
./orchestrate_kl_controllers.sh: line 157: [: : integer expression expected
./orchestrate_kl_controllers.sh: line 139: [: : integer expression expected
./orchestrate_kl_controllers.sh: line 143: [: : integer expression expected
[0;32m[2026-05-28 22:49:16] Step /1569 (0%)[0m
./orchestrate_kl_controllers.sh: line 157: [: : integer expression expected
./orchestrate_kl_controllers.sh: line 139: [: : integer expression expected
./orchestrate_kl_controllers.sh: line 143: [: : integer expression expected
[0;32m[2026-05-28 22:50:17] Step /1569 (0%)[0m
./orchestrate_kl_controllers.sh: line 157: [: : integer expression expected
./orchestrate_kl_controllers.sh: line 139: [: : integer expression expected
./orchestrate_kl_controllers.sh: line 143: [: : integer expression expected
[0;32m[2026-05-28 22:51:17] Step /1569 (0%)[0m
./orchestrate_kl_controllers.sh: line 157: [: : integer expression expected
./orchestrate_kl_controllers.sh: line 139: [: : integer expression expected
./orchestrate_kl_controllers.sh: line 143: [: : integer expression expected
[0;32m[2026-05-28 22:52:17] Step /1569 (0%)[0m
./orchestrate_kl_controllers.sh: line 157: [: : integer expression expected
./orchestrate_kl_controllers.sh: line 139: [: : integer expression expected
./orchestrate_kl_controllers.sh: line 143: [: : integer expression expected
[0;32m[2026-05-28 22:53:17] Step /1569 (0%)[0m
./orchestrate_kl_controllers.sh: line 157: [: : integer expression expected
./orchestrate_kl_controllers.sh: line 139: [: : integer expression expected
./orchestrate_kl_controllers.sh: line 143: [: : integer expression expected
[0;32m[2026-05-28 22:54:17] Step /1569 (0%)[0m
./orchestrate_kl_controllers.sh: line 157: [: : integer expression expected
./orchestrate_kl_controllers.sh: line 139: [: : integer expression expected
./orchestrate_kl_controllers.sh: line 143: [: : integer expression expected
[0;32m[2026-05-28 22:55:17] Step /1569 (0%)[0m
./orchestrate_kl_controllers.sh: line 157: [: : integer expression expected
./orchestrate_kl_controllers.sh: line 139: [: : integer expression expected
./orchestrate_kl_controllers.sh: line 143: [: : integer expression expected
[0;32m[2026-05-28 22:56:17] Step /1569 (0%)[0m
./orchestrate_kl_controllers.sh: line 157: [: : integer expression expected
./orchestrate_kl_controllers.sh: line 139: [: : integer expression expected
./orchestrate_kl_controllers.sh: line 143: [: : integer expression expected
[0;32m[2026-05-28 22:57:17] Step /1569 (0%)[0m
./orchestrate_kl_controllers.sh: line 157: [: : integer expression expected
./orchestrate_kl_controllers.sh: line 139: [: : integer expression expected
./orchestrate_kl_controllers.sh: line 143: [: : integer expression expected
[0;32m[2026-05-28 22:58:17] Step /1569 (0%)[0m
./orchestrate_kl_controllers.sh: line 157: [: : integer expression expected
./orchestrate_kl_controllers.sh: line 139: [: : integer expression expected
./orchestrate_kl_controllers.sh: line 143: [: : integer expression expected
[0;32m[2026-05-28 22:59:17] Step /1569 (0%)[0m
./orchestrate_kl_controllers.sh: line 157: [: : integer expression expected
./orchestrate_kl_controllers.sh: line 139: [: : integer expression expected
./orchestrate_kl_controllers.sh: line 143: [: : integer expression expected
[0;32m[2026-05-28 23:00:17] Step /1569 (0%)[0m
./orchestrate_kl_controllers.sh: line 157: [: : integer expression expected
./orchestrate_kl_controllers.sh: line 139: [: : integer expression expected
./orchestrate_kl_controllers.sh: line 143: [: : integer expression expected
[0;32m[2026-05-28 23:01:17] Step /1569 (0%)[0m
./orchestrate_kl_controllers.sh: line 157: [: : integer expression expected
./orchestrate_kl_controllers.sh: line 139: [: : integer expression expected
./orchestrate_kl_controllers.sh: line 143: [: : integer expression expected
[0;32m[2026-05-28 23:02:17] Step /1569 (0%)[0m
./orchestrate_kl_controllers.sh: line 157: [: : integer expression expected
./orchestrate_kl_controllers.sh: line 139: [: : integer expression expected
./orchestrate_kl_controllers.sh: line 143: [: : integer expression expected
[0;32m[2026-05-28 23:03:17] Step /1569 (0%)[0m
./orchestrate_kl_controllers.sh: line 157: [: : integer expression expected
./orchestrate_kl_controllers.sh: line 139: [: : integer expression expected
./orchestrate_kl_controllers.sh: line 143: [: : integer expression expected
[0;32m[2026-05-28 23:04:17] Step /1569 (0%)[0m
./orchestrate_kl_controllers.sh: line 157: [: : integer expression expected
./orchestrate_kl_controllers.sh: line 139: [: : integer expression expected
./orchestrate_kl_controllers.sh: line 143: [: : integer expression expected
[0;32m[2026-05-28 23:05:17] Step /1569 (0%)[0m
./orchestrate_kl_controllers.sh: line 157: [: : integer expression expected
./orchestrate_kl_controllers.sh: line 139: [: : integer expression expected
./orchestrate_kl_controllers.sh: line 143: [: : integer expression expected
[0;32m[2026-05-28 23:06:17] Step /1569 (0%)[0m
./orchestrate_kl_controllers.sh: line 157: [: : integer expression expected
./orchestrate_kl_controllers.sh: line 139: [: : integer expression expected
./orchestrate_kl_controllers.sh: line 143: [: : integer expression expected
[0;32m[2026-05-28 23:07:17] Step /1569 (0%)[0m
./orchestrate_kl_controllers.sh: line 157: [: : integer expression expected
./orchestrate_kl_controllers.sh: line 139: [: : integer expression expected
./orchestrate_kl_controllers.sh: line 143: [: : integer expression expected
[0;32m[2026-05-28 23:08:17] Step /1569 (0%)[0m
./orchestrate_kl_controllers.sh: line 157: [: : integer expression expected
./orchestrate_kl_controllers.sh: line 139: [: : integer expression expected
./orchestrate_kl_controllers.sh: line 143: [: : integer expression expected
[0;32m[2026-05-28 23:09:17] Step /1569 (0%)[0m
./orchestrate_kl_controllers.sh: line 157: [: : integer expression expected
./orchestrate_kl_controllers.sh: line 139: [: : integer expression expected
./orchestrate_kl_controllers.sh: line 143: [: : integer expression expected
[0;32m[2026-05-28 23:10:17] Step /1569 (0%)[0m
./orchestrate_kl_controllers.sh: line 157: [: : integer expression expected
./orchestrate_kl_controllers.sh: line 139: [: : integer expression expected
./orchestrate_kl_controllers.sh: line 143: [: : integer expression expected
[0;32m[2026-05-28 23:11:17] Step /1569 (0%)[0m
./orchestrate_kl_controllers.sh: line 157: [: : integer expression expected
./orchestrate_kl_controllers.sh: line 139: [: : integer expression expected
./orchestrate_kl_controllers.sh: line 143: [: : integer expression expected
[0;32m[2026-05-28 23:12:17] Step /1569 (0%)[0m
./orchestrate_kl_controllers.sh: line 157: [: : integer expression expected
./orchestrate_kl_controllers.sh: line 139: [: : integer expression expected
./orchestrate_kl_controllers.sh: line 143: [: : integer expression expected
[0;32m[2026-05-28 23:13:17] Step /1569 (0%)[0m
./orchestrate_kl_controllers.sh: line 157: [: : integer expression expected
./orchestrate_kl_controllers.sh: line 139: [: : integer expression expected
./orchestrate_kl_controllers.sh: line 143: [: : integer expression expected
[0;32m[2026-05-28 23:14:18] Step /1569 (0%)[0m
./orchestrate_kl_controllers.sh: line 157: [: : integer expression expected
./orchestrate_kl_controllers.sh: line 139: [: : integer expression expected
./orchestrate_kl_controllers.sh: line 143: [: : integer expression expected
[0;32m[2026-05-28 23:15:18] Step /1569 (0%)[0m
./orchestrate_kl_controllers.sh: line 157: [: : integer expression expected
./orchestrate_kl_controllers.sh: line 139: [: : integer expression expected
./orchestrate_kl_controllers.sh: line 143: [: : integer expression expected
[0;32m[2026-05-28 23:16:18] Step /1569 (0%)[0m
./orchestrate_kl_controllers.sh: line 157: [: : integer expression expected
./orchestrate_kl_controllers.sh: line 139: [: : integer expression expected
./orchestrate_kl_controllers.sh: line 143: [: : integer expression expected
[0;32m[2026-05-28 23:17:18] Step /1569 (0%)[0m
./orchestrate_kl_controllers.sh: line 157: [: : integer expression expected
./orchestrate_kl_controllers.sh: line 139: [: : integer expression expected
./orchestrate_kl_controllers.sh: line 143: [: : integer expression expected
[0;32m[2026-05-28 23:18:18] Step /1569 (0%)[0m
./orchestrate_kl_controllers.sh: line 157: [: : integer expression expected
./orchestrate_kl_controllers.sh: line 139: [: : integer expression expected
./orchestrate_kl_controllers.sh: line 143: [: : integer expression expected
[0;32m[2026-05-28 23:19:18] Step /1569 (0%)[0m
./orchestrate_kl_controllers.sh: line 157: [: : integer expression expected
./orchestrate_kl_controllers.sh: line 139: [: : integer expression expected
./orchestrate_kl_controllers.sh: line 143: [: : integer expression expected
[0;32m[2026-05-28 23:20:18] Step /1569 (0%)[0m
./orchestrate_kl_controllers.sh: line 157: [: : integer expression expected
./orchestrate_kl_controllers.sh: line 139: [: : integer expression expected
./orchestrate_kl_controllers.sh: line 143: [: : integer expression expected
[0;32m[2026-05-28 23:21:18] Step /1569 (0%)[0m
./orchestrate_kl_controllers.sh: line 157: [: : integer expression expected
./orchestrate_kl_controllers.sh: line 139: [: : integer expression expected
./orchestrate_kl_controllers.sh: line 143: [: : integer expression expected
[0;32m[2026-05-28 23:22:18] Step /1569 (0%)[0m
./orchestrate_kl_controllers.sh: line 157: [: : integer expression expected
./orchestrate_kl_controllers.sh: line 139: [: : integer expression expected
./orchestrate_kl_controllers.sh: line 143: [: : integer expression expected
[0;32m[2026-05-28 23:23:18] Step /1569 (0%)[0m
./orchestrate_kl_controllers.sh: line 157: [: : integer expression expected
./orchestrate_kl_controllers.sh: line 139: [: : integer expression expected
./orchestrate_kl_controllers.sh: line 143: [: : integer expression expected
[0;32m[2026-05-28 23:24:18] Step /1569 (0%)[0m
./orchestrate_kl_controllers.sh: line 157: [: : integer expression expected
./orchestrate_kl_controllers.sh: line 139: [: : integer expression expected
./orchestrate_kl_controllers.sh: line 143: [: : integer expression expected
[0;32m[2026-05-28 23:25:18] Step /1569 (0%)[0m
./orchestrate_kl_controllers.sh: line 157: [: : integer expression expected
./orchestrate_kl_controllers.sh: line 139: [: : integer expression expected
./orchestrate_kl_controllers.sh: line 143: [: : integer expression expected
[0;32m[2026-05-28 23:26:18] Step /1569 (0%)[0m
./orchestrate_kl_controllers.sh: line 157: [: : integer expression expected
./orchestrate_kl_controllers.sh: line 139: [: : integer expression expected
./orchestrate_kl_controllers.sh: line 143: [: : integer expression expected
[0;32m[2026-05-28 23:27:18] Step /1569 (0%)[0m
./orchestrate_kl_controllers.sh: line 157: [: : integer expression expected
./orchestrate_kl_controllers.sh: line 139: [: : integer expression expected
./orchestrate_kl_controllers.sh: line 143: [: : integer expression expected
[0;32m[2026-05-28 23:28:18] Step /1569 (0%)[0m
./orchestrate_kl_controllers.sh: line 157: [: : integer expression expected
./orchestrate_kl_controllers.sh: line 139: [: : integer expression expected
./orchestrate_kl_controllers.sh: line 143: [: : integer expression expected
[0;32m[2026-05-28 23:29:18] Step /1569 (0%)[0m
./orchestrate_kl_controllers.sh: line 157: [: : integer expression expected
./orchestrate_kl_controllers.sh: line 139: [: : integer expression expected
./orchestrate_kl_controllers.sh: line 143: [: : integer expression expected
[0;32m[2026-05-28 23:30:18] Step /1569 (0%)[0m
./orchestrate_kl_controllers.sh: line 157: [: : integer expression expected
./orchestrate_kl_controllers.sh: line 139: [: : integer expression expected
./orchestrate_kl_controllers.sh: line 143: [: : integer expression expected
[0;32m[2026-05-28 23:31:18] Step /1569 (0%)[0m
./orchestrate_kl_controllers.sh: line 157: [: : integer expression expected
./orchestrate_kl_controllers.sh: line 139: [: : integer expression expected
./orchestrate_kl_controllers.sh: line 143: [: : integer expression expected
[0;32m[2026-05-28 23:32:18] Step /1569 (0%)[0m
./orchestrate_kl_controllers.sh: line 157: [: : integer expression expected
./orchestrate_kl_controllers.sh: line 139: [: : integer expression expected
./orchestrate_kl_controllers.sh: line 143: [: : integer expression expected
[0;32m[2026-05-28 23:33:18] Step /1569 (0%)[0m
./orchestrate_kl_controllers.sh: line 157: [: : integer expression expected
./orchestrate_kl_controllers.sh: line 139: [: : integer expression expected
./orchestrate_kl_controllers.sh: line 143: [: : integer expression expected
[0;32m[2026-05-28 23:34:18] Step /1569 (0%)[0m
./orchestrate_kl_controllers.sh: line 157: [: : integer expression expected
./orchestrate_kl_controllers.sh: line 139: [: : integer expression expected
./orchestrate_kl_controllers.sh: line 143: [: : integer expression expected
[0;32m[2026-05-28 23:35:18] Step /1569 (0%)[0m
./orchestrate_kl_controllers.sh: line 157: [: : integer expression expected
./orchestrate_kl_controllers.sh: line 139: [: : integer expression expected
./orchestrate_kl_controllers.sh: line 143: [: : integer expression expected
[0;32m[2026-05-28 23:36:18] Step /1569 (0%)[0m
./orchestrate_kl_controllers.sh: line 157: [: : integer expression expected
./orchestrate_kl_controllers.sh: line 139: [: : integer expression expected
./orchestrate_kl_controllers.sh: line 143: [: : integer expression expected
[0;32m[2026-05-28 23:37:18] Step /1569 (0%)[0m
./orchestrate_kl_controllers.sh: line 157: [: : integer expression expected
./orchestrate_kl_controllers.sh: line 139: [: : integer expression expected
./orchestrate_kl_controllers.sh: line 143: [: : integer expression expected
[0;32m[2026-05-28 23:38:18] Step /1569 (0%)[0m
./orchestrate_kl_controllers.sh: line 157: [: : integer expression expected
./orchestrate_kl_controllers.sh: line 139: [: : integer expression expected
./orchestrate_kl_controllers.sh: line 143: [: : integer expression expected
[0;32m[2026-05-28 23:39:19] Step /1569 (0%)[0m
./orchestrate_kl_controllers.sh: line 157: [: : integer expression expected
./orchestrate_kl_controllers.sh: line 139: [: : integer expression expected
./orchestrate_kl_controllers.sh: line 143: [: : integer expression expected
[0;32m[2026-05-28 23:40:19] Step /1569 (0%)[0m
./orchestrate_kl_controllers.sh: line 157: [: : integer expression expected
./orchestrate_kl_controllers.sh: line 139: [: : integer expression expected
./orchestrate_kl_controllers.sh: line 143: [: : integer expression expected
[0;32m[2026-05-28 23:41:19] Step /1569 (0%)[0m
./orchestrate_kl_controllers.sh: line 157: [: : integer expression expected
./orchestrate_kl_controllers.sh: line 139: [: : integer expression expected
./orchestrate_kl_controllers.sh: line 143: [: : integer expression expected
[0;32m[2026-05-28 23:42:19] Step /1569 (0%)[0m
./orchestrate_kl_controllers.sh: line 157: [: : integer expression expected
./orchestrate_kl_controllers.sh: line 139: [: : integer expression expected
./orchestrate_kl_controllers.sh: line 143: [: : integer expression expected
[0;32m[2026-05-28 23:43:19] Step /1569 (0%)[0m
./orchestrate_kl_controllers.sh: line 157: [: : integer expression expected
./orchestrate_kl_controllers.sh: line 139: [: : integer expression expected
./orchestrate_kl_controllers.sh: line 143: [: : integer expression expected
[0;32m[2026-05-28 23:44:19] Step /1569 (0%)[0m
./orchestrate_kl_controllers.sh: line 157: [: : integer expression expected
./orchestrate_kl_controllers.sh: line 139: [: : integer expression expected
./orchestrate_kl_controllers.sh: line 143: [: : integer expression expected
[0;32m[2026-05-28 23:45:19] Step /1569 (0%)[0m
./orchestrate_kl_controllers.sh: line 157: [: : integer expression expected
./orchestrate_kl_controllers.sh: line 139: [: : integer expression expected
./orchestrate_kl_controllers.sh: line 143: [: : integer expression expected
[0;32m[2026-05-28 23:46:19] Step /1569 (0%)[0m
./orchestrate_kl_controllers.sh: line 157: [: : integer expression expected
./orchestrate_kl_controllers.sh: line 139: [: : integer expression expected
./orchestrate_kl_controllers.sh: line 143: [: : integer expression expected
[0;32m[2026-05-28 23:47:19] Step /1569 (0%)[0m
./orchestrate_kl_controllers.sh: line 157: [: : integer expression expected
./orchestrate_kl_controllers.sh: line 139: [: : integer expression expected
./orchestrate_kl_controllers.sh: line 143: [: : integer expression expected
[0;32m[2026-05-28 23:48:19] Step /1569 (0%)[0m
./orchestrate_kl_controllers.sh: line 157: [: : integer expression expected
./orchestrate_kl_controllers.sh: line 139: [: : integer expression expected
./orchestrate_kl_controllers.sh: line 143: [: : integer expression expected
[0;32m[2026-05-28 23:49:19] Step /1569 (0%)[0m
./orchestrate_kl_controllers.sh: line 157: [: : integer expression expected
./orchestrate_kl_controllers.sh: line 139: [: : integer expression expected
./orchestrate_kl_controllers.sh: line 143: [: : integer expression expected
[0;32m[2026-05-28 23:50:19] Step /1569 (0%)[0m
./orchestrate_kl_controllers.sh: line 157: [: : integer expression expected
./orchestrate_kl_controllers.sh: line 139: [: : integer expression expected
./orchestrate_kl_controllers.sh: line 143: [: : integer expression expected
[0;32m[2026-05-28 23:51:19] Step /1569 (0%)[0m
./orchestrate_kl_controllers.sh: line 157: [: : integer expression expected
./orchestrate_kl_controllers.sh: line 139: [: : integer expression expected
./orchestrate_kl_controllers.sh: line 143: [: : integer expression expected
[0;32m[2026-05-28 23:52:19] Step /1569 (0%)[0m
./orchestrate_kl_controllers.sh: line 157: [: : integer expression expected
./orchestrate_kl_controllers.sh: line 139: [: : integer expression expected
./orchestrate_kl_controllers.sh: line 143: [: : integer expression expected
[0;32m[2026-05-28 23:53:19] Step /1569 (0%)[0m
./orchestrate_kl_controllers.sh: line 157: [: : integer expression expected
./orchestrate_kl_controllers.sh: line 139: [: : integer expression expected
./orchestrate_kl_controllers.sh: line 143: [: : integer expression expected
[0;32m[2026-05-28 23:54:19] Step /1569 (0%)[0m
./orchestrate_kl_controllers.sh: line 157: [: : integer expression expected
./orchestrate_kl_controllers.sh: line 139: [: : integer expression expected
./orchestrate_kl_controllers.sh: line 143: [: : integer expression expected
[0;32m[2026-05-28 23:55:19] Step /1569 (0%)[0m
./orchestrate_kl_controllers.sh: line 157: [: : integer expression expected
./orchestrate_kl_controllers.sh: line 139: [: : integer expression expected
./orchestrate_kl_controllers.sh: line 143: [: : integer expression expected
[0;32m[2026-05-28 23:56:19] Step /1569 (0%)[0m
./orchestrate_kl_controllers.sh: line 157: [: : integer expression expected
./orchestrate_kl_controllers.sh: line 139: [: : integer expression expected
./orchestrate_kl_controllers.sh: line 143: [: : integer expression expected
[0;32m[2026-05-28 23:57:19] Step /1569 (0%)[0m
./orchestrate_kl_controllers.sh: line 157: [: : integer expression expected
./orchestrate_kl_controllers.sh: line 139: [: : integer expression expected
./orchestrate_kl_controllers.sh: line 143: [: : integer expression expected
[0;32m[2026-05-28 23:58:19] Step /1569 (0%)[0m
./orchestrate_kl_controllers.sh: line 157: [: : integer expression expected
./orchestrate_kl_controllers.sh: line 139: [: : integer expression expected
./orchestrate_kl_controllers.sh: line 143: [: : integer expression expected
[0;32m[2026-05-28 23:59:19] Step /1569 (0%)[0m
./orchestrate_kl_controllers.sh: line 157: [: : integer expression expected
./orchestrate_kl_controllers.sh: line 139: [: : integer expression expected
./orchestrate_kl_controllers.sh: line 143: [: : integer expression expected
[0;32m[2026-05-29 00:00:19] Step /1569 (0%)[0m
./orchestrate_kl_controllers.sh: line 157: [: : integer expression expected
./orchestrate_kl_controllers.sh: line 139: [: : integer expression expected
./orchestrate_kl_controllers.sh: line 143: [: : integer expression expected
[0;32m[2026-05-29 00:01:19] Step /1569 (0%)[0m
./orchestrate_kl_controllers.sh: line 157: [: : integer expression expected
./orchestrate_kl_controllers.sh: line 139: [: : integer expression expected
./orchestrate_kl_controllers.sh: line 143: [: : integer expression expected
[0;32m[2026-05-29 00:02:19] Step /1569 (0%)[0m
./orchestrate_kl_controllers.sh: line 157: [: : integer expression expected
./orchestrate_kl_controllers.sh: line 139: [: : integer expression expected
./orchestrate_kl_controllers.sh: line 143: [: : integer expression expected
[0;32m[2026-05-29 00:03:19] Step /1569 (0%)[0m
./orchestrate_kl_controllers.sh: line 157: [: : integer expression expected
./orchestrate_kl_controllers.sh: line 139: [: : integer expression expected
./orchestrate_kl_controllers.sh: line 143: [: : integer expression expected
[0;32m[2026-05-29 00:04:20] Step /1569 (0%)[0m
./orchestrate_kl_controllers.sh: line 157: [: : integer expression expected
./orchestrate_kl_controllers.sh: line 139: [: : integer expression expected
./orchestrate_kl_controllers.sh: line 143: [: : integer expression expected
[0;32m[2026-05-29 00:05:20] Step /1569 (0%)[0m
./orchestrate_kl_controllers.sh: line 157: [: : integer expression expected
./orchestrate_kl_controllers.sh: line 139: [: : integer expression expected
./orchestrate_kl_controllers.sh: line 143: [: : integer expression expected
[0;32m[2026-05-29 00:06:20] Step /1569 (0%)[0m
./orchestrate_kl_controllers.sh: line 157: [: : integer expression expected
./orchestrate_kl_controllers.sh: line 139: [: : integer expression expected
./orchestrate_kl_controllers.sh: line 143: [: : integer expression expected
[0;32m[2026-05-29 00:07:20] Step /1569 (0%)[0m
./orchestrate_kl_controllers.sh: line 157: [: : integer expression expected
./orchestrate_kl_controllers.sh: line 139: [: : integer expression expected
./orchestrate_kl_controllers.sh: line 143: [: : integer expression expected
[0;32m[2026-05-29 00:08:20] Step /1569 (0%)[0m
./orchestrate_kl_controllers.sh: line 157: [: : integer expression expected
./orchestrate_kl_controllers.sh: line 139: [: : integer expression expected
./orchestrate_kl_controllers.sh: line 143: [: : integer expression expected
[0;32m[2026-05-29 00:09:20] Step /1569 (0%)[0m
./orchestrate_kl_controllers.sh: line 157: [: : integer expression expected
./orchestrate_kl_controllers.sh: line 139: [: : integer expression expected
./orchestrate_kl_controllers.sh: line 143: [: : integer expression expected
[0;32m[2026-05-29 00:10:20] Step /1569 (0%)[0m
./orchestrate_kl_controllers.sh: line 157: [: : integer expression expected
./orchestrate_kl_controllers.sh: line 139: [: : integer expression expected
./orchestrate_kl_controllers.sh: line 143: [: : integer expression expected
[0;32m[2026-05-29 00:11:20] Step /1569 (0%)[0m
./orchestrate_kl_controllers.sh: line 157: [: : integer expression expected
./orchestrate_kl_controllers.sh: line 139: [: : integer expression expected
./orchestrate_kl_controllers.sh: line 143: [: : integer expression expected
[0;32m[2026-05-29 00:12:20] Step /1569 (0%)[0m
./orchestrate_kl_controllers.sh: line 157: [: : integer expression expected
./orchestrate_kl_controllers.sh: line 139: [: : integer expression expected
./orchestrate_kl_controllers.sh: line 143: [: : integer expression expected
[0;32m[2026-05-29 00:13:20] Step /1569 (0%)[0m
./orchestrate_kl_controllers.sh: line 157: [: : integer expression expected
./orchestrate_kl_controllers.sh: line 139: [: : integer expression expected
./orchestrate_kl_controllers.sh: line 143: [: : integer expression expected
[0;32m[2026-05-29 00:14:20] Step /1569 (0%)[0m
./orchestrate_kl_controllers.sh: line 157: [: : integer expression expected
./orchestrate_kl_controllers.sh: line 139: [: : integer expression expected
./orchestrate_kl_controllers.sh: line 143: [: : integer expression expected
[0;32m[2026-05-29 00:15:20] Step /1569 (0%)[0m
./orchestrate_kl_controllers.sh: line 157: [: : integer expression expected
./orchestrate_kl_controllers.sh: line 139: [: : integer expression expected
./orchestrate_kl_controllers.sh: line 143: [: : integer expression expected
[0;32m[2026-05-29 00:16:20] Step /1569 (0%)[0m
./orchestrate_kl_controllers.sh: line 157: [: : integer expression expected
./orchestrate_kl_controllers.sh: line 139: [: : integer expression expected
./orchestrate_kl_controllers.sh: line 143: [: : integer expression expected
[0;32m[2026-05-29 00:17:20] Step /1569 (0%)[0m
./orchestrate_kl_controllers.sh: line 157: [: : integer expression expected
./orchestrate_kl_controllers.sh: line 139: [: : integer expression expected
./orchestrate_kl_controllers.sh: line 143: [: : integer expression expected
[0;32m[2026-05-29 00:18:20] Step /1569 (0%)[0m
./orchestrate_kl_controllers.sh: line 157: [: : integer expression expected
./orchestrate_kl_controllers.sh: line 139: [: : integer expression expected
./orchestrate_kl_controllers.sh: line 143: [: : integer expression expected
[0;32m[2026-05-29 00:19:20] Step /1569 (0%)[0m
./orchestrate_kl_controllers.sh: line 157: [: : integer expression expected
./orchestrate_kl_controllers.sh: line 139: [: : integer expression expected
./orchestrate_kl_controllers.sh: line 143: [: : integer expression expected
[0;32m[2026-05-29 00:20:20] Step /1569 (0%)[0m
./orchestrate_kl_controllers.sh: line 157: [: : integer expression expected
./orchestrate_kl_controllers.sh: line 139: [: : integer expression expected
./orchestrate_kl_controllers.sh: line 143: [: : integer expression expected
[0;32m[2026-05-29 00:21:20] Step /1569 (0%)[0m
./orchestrate_kl_controllers.sh: line 157: [: : integer expression expected
./orchestrate_kl_controllers.sh: line 139: [: : integer expression expected
./orchestrate_kl_controllers.sh: line 143: [: : integer expression expected
[0;32m[2026-05-29 00:22:20] Step /1569 (0%)[0m
./orchestrate_kl_controllers.sh: line 157: [: : integer expression expected
./orchestrate_kl_controllers.sh: line 139: [: : integer expression expected
./orchestrate_kl_controllers.sh: line 143: [: : integer expression expected
[0;32m[2026-05-29 00:23:20] Step /1569 (0%)[0m
./orchestrate_kl_controllers.sh: line 157: [: : integer expression expected
./orchestrate_kl_controllers.sh: line 139: [: : integer expression expected
./orchestrate_kl_controllers.sh: line 143: [: : integer expression expected
[0;32m[2026-05-29 00:24:20] Step /1569 (0%)[0m
./orchestrate_kl_controllers.sh: line 157: [: : integer expression expected
./orchestrate_kl_controllers.sh: line 139: [: : integer expression expected
./orchestrate_kl_controllers.sh: line 143: [: : integer expression expected
[0;32m[2026-05-29 00:25:20] Step /1569 (0%)[0m
./orchestrate_kl_controllers.sh: line 157: [: : integer expression expected
./orchestrate_kl_controllers.sh: line 139: [: : integer expression expected
./orchestrate_kl_controllers.sh: line 143: [: : integer expression expected
[0;32m[2026-05-29 00:26:21] Step /1569 (0%)[0m
./orchestrate_kl_controllers.sh: line 157: [: : integer expression expected
./orchestrate_kl_controllers.sh: line 139: [: : integer expression expected
./orchestrate_kl_controllers.sh: line 143: [: : integer expression expected
[0;32m[2026-05-29 00:27:21] Step /1569 (0%)[0m
./orchestrate_kl_controllers.sh: line 157: [: : integer expression expected
./orchestrate_kl_controllers.sh: line 139: [: : integer expression expected
./orchestrate_kl_controllers.sh: line 143: [: : integer expression expected
[0;32m[2026-05-29 00:28:21] Step /1569 (0%)[0m
./orchestrate_kl_controllers.sh: line 157: [: : integer expression expected
./orchestrate_kl_controllers.sh: line 139: [: : integer expression expected
./orchestrate_kl_controllers.sh: line 143: [: : integer expression expected
[0;32m[2026-05-29 00:29:21] Step /1569 (0%)[0m
./orchestrate_kl_controllers.sh: line 157: [: : integer expression expected
./orchestrate_kl_controllers.sh: line 139: [: : integer expression expected
./orchestrate_kl_controllers.sh: line 143: [: : integer expression expected
[0;32m[2026-05-29 00:30:21] Step /1569 (0%)[0m
./orchestrate_kl_controllers.sh: line 157: [: : integer expression expected
./orchestrate_kl_controllers.sh: line 139: [: : integer expression expected
./orchestrate_kl_controllers.sh: line 143: [: : integer expression expected
[0;32m[2026-05-29 00:31:21] Step /1569 (0%)[0m
./orchestrate_kl_controllers.sh: line 157: [: : integer expression expected
./orchestrate_kl_controllers.sh: line 139: [: : integer expression expected
./orchestrate_kl_controllers.sh: line 143: [: : integer expression expected
[0;32m[2026-05-29 00:32:21] Step /1569 (0%)[0m
./orchestrate_kl_controllers.sh: line 157: [: : integer expression expected
./orchestrate_kl_controllers.sh: line 139: [: : integer expression expected
./orchestrate_kl_controllers.sh: line 143: [: : integer expression expected
[0;32m[2026-05-29 00:33:21] Step /1569 (0%)[0m
./orchestrate_kl_controllers.sh: line 157: [: : integer expression expected
./orchestrate_kl_controllers.sh: line 139: [: : integer expression expected
./orchestrate_kl_controllers.sh: line 143: [: : integer expression expected
[0;32m[2026-05-29 00:34:21] Step /1569 (0%)[0m
./orchestrate_kl_controllers.sh: line 157: [: : integer expression expected
./orchestrate_kl_controllers.sh: line 139: [: : integer expression expected
./orchestrate_kl_controllers.sh: line 143: [: : integer expression expected
[0;32m[2026-05-29 00:35:21] Step /1569 (0%)[0m
./orchestrate_kl_controllers.sh: line 157: [: : integer expression expected
./orchestrate_kl_controllers.sh: line 139: [: : integer expression expected
./orchestrate_kl_controllers.sh: line 143: [: : integer expression expected
[0;32m[2026-05-29 00:36:21] Step /1569 (0%)[0m
./orchestrate_kl_controllers.sh: line 157: [: : integer expression expected
./orchestrate_kl_controllers.sh: line 139: [: : integer expression expected
./orchestrate_kl_controllers.sh: line 143: [: : integer expression expected
[0;32m[2026-05-29 00:37:21] Step /1569 (0%)[0m
./orchestrate_kl_controllers.sh: line 157: [: : integer expression expected
./orchestrate_kl_controllers.sh: line 139: [: : integer expression expected
./orchestrate_kl_controllers.sh: line 143: [: : integer expression expected
[0;32m[2026-05-29 00:38:21] Step /1569 (0%)[0m
./orchestrate_kl_controllers.sh: line 157: [: : integer expression expected
./orchestrate_kl_controllers.sh: line 139: [: : integer expression expected
./orchestrate_kl_controllers.sh: line 143: [: : integer expression expected
[0;32m[2026-05-29 00:39:21] Step /1569 (0%)[0m
./orchestrate_kl_controllers.sh: line 157: [: : integer expression expected
./orchestrate_kl_controllers.sh: line 139: [: : integer expression expected
./orchestrate_kl_controllers.sh: line 143: [: : integer expression expected
[0;32m[2026-05-29 00:40:21] Step /1569 (0%)[0m
./orchestrate_kl_controllers.sh: line 157: [: : integer expression expected
./orchestrate_kl_controllers.sh: line 139: [: : integer expression expected
./orchestrate_kl_controllers.sh: line 143: [: : integer expression expected
[0;32m[2026-05-29 00:41:21] Step /1569 (0%)[0m
./orchestrate_kl_controllers.sh: line 157: [: : integer expression expected
./orchestrate_kl_controllers.sh: line 139: [: : integer expression expected
./orchestrate_kl_controllers.sh: line 143: [: : integer expression expected
[0;32m[2026-05-29 00:42:21] Step /1569 (0%)[0m
./orchestrate_kl_controllers.sh: line 157: [: : integer expression expected
./orchestrate_kl_controllers.sh: line 139: [: : integer expression expected
./orchestrate_kl_controllers.sh: line 143: [: : integer expression expected
[0;32m[2026-05-29 00:43:21] Step /1569 (0%)[0m
./orchestrate_kl_controllers.sh: line 157: [: : integer expression expected
./orchestrate_kl_controllers.sh: line 139: [: : integer expression expected
./orchestrate_kl_controllers.sh: line 143: [: : integer expression expected
[0;32m[2026-05-29 00:44:21] Step /1569 (0%)[0m
./orchestrate_kl_controllers.sh: line 157: [: : integer expression expected
./orchestrate_kl_controllers.sh: line 139: [: : integer expression expected
./orchestrate_kl_controllers.sh: line 143: [: : integer expression expected
[0;32m[2026-05-29 00:45:21] Step /1569 (0%)[0m
./orchestrate_kl_controllers.sh: line 157: [: : integer expression expected
./orchestrate_kl_controllers.sh: line 139: [: : integer expression expected
./orchestrate_kl_controllers.sh: line 143: [: : integer expression expected
[0;32m[2026-05-29 00:46:21] Step /1569 (0%)[0m
./orchestrate_kl_controllers.sh: line 157: [: : integer expression expected
./orchestrate_kl_controllers.sh: line 139: [: : integer expression expected
./orchestrate_kl_controllers.sh: line 143: [: : integer expression expected
[0;32m[2026-05-29 00:47:21] Step /1569 (0%)[0m
./orchestrate_kl_controllers.sh: line 157: [: : integer expression expected
./orchestrate_kl_controllers.sh: line 139: [: : integer expression expected
./orchestrate_kl_controllers.sh: line 143: [: : integer expression expected
[0;32m[2026-05-29 00:48:21] Step /1569 (0%)[0m
./orchestrate_kl_controllers.sh: line 157: [: : integer expression expected
./orchestrate_kl_controllers.sh: line 139: [: : integer expression expected
./orchestrate_kl_controllers.sh: line 143: [: : integer expression expected
[0;32m[2026-05-29 00:49:22] Step /1569 (0%)[0m
./orchestrate_kl_controllers.sh: line 157: [: : integer expression expected
./orchestrate_kl_controllers.sh: line 139: [: : integer expression expected
./orchestrate_kl_controllers.sh: line 143: [: : integer expression expected
[0;32m[2026-05-29 00:50:22] Step /1569 (0%)[0m
./orchestrate_kl_controllers.sh: line 157: [: : integer expression expected
./orchestrate_kl_controllers.sh: line 139: [: : integer expression expected
./orchestrate_kl_controllers.sh: line 143: [: : integer expression expected
[0;32m[2026-05-29 00:51:22] Step /1569 (0%)[0m
./orchestrate_kl_controllers.sh: line 157: [: : integer expression expected
./orchestrate_kl_controllers.sh: line 139: [: : integer expression expected
./orchestrate_kl_controllers.sh: line 143: [: : integer expression expected
[0;32m[2026-05-29 00:52:22] Step /1569 (0%)[0m
./orchestrate_kl_controllers.sh: line 157: [: : integer expression expected
./orchestrate_kl_controllers.sh: line 139: [: : integer expression expected
./orchestrate_kl_controllers.sh: line 143: [: : integer expression expected
[0;32m[2026-05-29 00:53:22] Step /1569 (0%)[0m
./orchestrate_kl_controllers.sh: line 157: [: : integer expression expected
./orchestrate_kl_controllers.sh: line 139: [: : integer expression expected
./orchestrate_kl_controllers.sh: line 143: [: : integer expression expected
[0;32m[2026-05-29 00:54:22] Step /1569 (0%)[0m
./orchestrate_kl_controllers.sh: line 157: [: : integer expression expected
./orchestrate_kl_controllers.sh: line 139: [: : integer expression expected
./orchestrate_kl_controllers.sh: line 143: [: : integer expression expected
[0;32m[2026-05-29 00:55:22] Step /1569 (0%)[0m
./orchestrate_kl_controllers.sh: line 157: [: : integer expression expected
./orchestrate_kl_controllers.sh: line 139: [: : integer expression expected
./orchestrate_kl_controllers.sh: line 143: [: : integer expression expected
[0;32m[2026-05-29 00:56:22] Step /1569 (0%)[0m
./orchestrate_kl_controllers.sh: line 157: [: : integer expression expected
./orchestrate_kl_controllers.sh: line 139: [: : integer expression expected
./orchestrate_kl_controllers.sh: line 143: [: : integer expression expected
[0;32m[2026-05-29 00:57:22] Step /1569 (0%)[0m
./orchestrate_kl_controllers.sh: line 157: [: : integer expression expected
./orchestrate_kl_controllers.sh: line 139: [: : integer expression expected
./orchestrate_kl_controllers.sh: line 143: [: : integer expression expected
[0;32m[2026-05-29 00:58:22] Step /1569 (0%)[0m
./orchestrate_kl_controllers.sh: line 157: [: : integer expression expected
./orchestrate_kl_controllers.sh: line 139: [: : integer expression expected
./orchestrate_kl_controllers.sh: line 143: [: : integer expression expected
[0;32m[2026-05-29 00:59:22] Step /1569 (0%)[0m
./orchestrate_kl_controllers.sh: line 157: [: : integer expression expected
./orchestrate_kl_controllers.sh: line 139: [: : integer expression expected
./orchestrate_kl_controllers.sh: line 143: [: : integer expression expected
[0;32m[2026-05-29 01:00:22] Step /1569 (0%)[0m
./orchestrate_kl_controllers.sh: line 157: [: : integer expression expected
./orchestrate_kl_controllers.sh: line 139: [: : integer expression expected
./orchestrate_kl_controllers.sh: line 143: [: : integer expression expected
[0;32m[2026-05-29 01:01:22] Step /1569 (0%)[0m
./orchestrate_kl_controllers.sh: line 157: [: : integer expression expected
./orchestrate_kl_controllers.sh: line 139: [: : integer expression expected
./orchestrate_kl_controllers.sh: line 143: [: : integer expression expected
[0;32m[2026-05-29 01:02:22] Step /1569 (0%)[0m
./orchestrate_kl_controllers.sh: line 157: [: : integer expression expected
./orchestrate_kl_controllers.sh: line 139: [: : integer expression expected
./orchestrate_kl_controllers.sh: line 143: [: : integer expression expected
[0;32m[2026-05-29 01:03:22] Step /1569 (0%)[0m
./orchestrate_kl_controllers.sh: line 157: [: : integer expression expected
./orchestrate_kl_controllers.sh: line 139: [: : integer expression expected
./orchestrate_kl_controllers.sh: line 143: [: : integer expression expected
[0;32m[2026-05-29 01:04:22] Step /1569 (0%)[0m
./orchestrate_kl_controllers.sh: line 157: [: : integer expression expected
./orchestrate_kl_controllers.sh: line 139: [: : integer expression expected
./orchestrate_kl_controllers.sh: line 143: [: : integer expression expected
[0;32m[2026-05-29 01:05:22] Step /1569 (0%)[0m
./orchestrate_kl_controllers.sh: line 157: [: : integer expression expected
./orchestrate_kl_controllers.sh: line 139: [: : integer expression expected
./orchestrate_kl_controllers.sh: line 143: [: : integer expression expected
[0;32m[2026-05-29 01:06:22] Step /1569 (0%)[0m
./orchestrate_kl_controllers.sh: line 157: [: : integer expression expected
./orchestrate_kl_controllers.sh: line 139: [: : integer expression expected
./orchestrate_kl_controllers.sh: line 143: [: : integer expression expected
[0;32m[2026-05-29 01:07:22] Step /1569 (0%)[0m
./orchestrate_kl_controllers.sh: line 157: [: : integer expression expected
./orchestrate_kl_controllers.sh: line 139: [: : integer expression expected
./orchestrate_kl_controllers.sh: line 143: [: : integer expression expected
[0;32m[2026-05-29 01:08:22] Step /1569 (0%)[0m
./orchestrate_kl_controllers.sh: line 157: [: : integer expression expected
./orchestrate_kl_controllers.sh: line 139: [: : integer expression expected
./orchestrate_kl_controllers.sh: line 143: [: : integer expression expected
[0;32m[2026-05-29 01:09:22] Step /1569 (0%)[0m
./orchestrate_kl_controllers.sh: line 157: [: : integer expression expected
./orchestrate_kl_controllers.sh: line 139: [: : integer expression expected
./orchestrate_kl_controllers.sh: line 143: [: : integer expression expected
[0;32m[2026-05-29 01:10:22] Step /1569 (0%)[0m
./orchestrate_kl_controllers.sh: line 157: [: : integer expression expected
./orchestrate_kl_controllers.sh: line 139: [: : integer expression expected
./orchestrate_kl_controllers.sh: line 143: [: : integer expression expected
[0;32m[2026-05-29 01:11:22] Step /1569 (0%)[0m
./orchestrate_kl_controllers.sh: line 157: [: : integer expression expected
./orchestrate_kl_controllers.sh: line 139: [: : integer expression expected
./orchestrate_kl_controllers.sh: line 143: [: : integer expression expected
[0;32m[2026-05-29 01:12:22] Step /1569 (0%)[0m
./orchestrate_kl_controllers.sh: line 157: [: : integer expression expected
./orchestrate_kl_controllers.sh: line 139: [: : integer expression expected
./orchestrate_kl_controllers.sh: line 143: [: : integer expression expected
[0;32m[2026-05-29 01:13:23] Step /1569 (0%)[0m
./orchestrate_kl_controllers.sh: line 157: [: : integer expression expected
./orchestrate_kl_controllers.sh: line 139: [: : integer expression expected
./orchestrate_kl_controllers.sh: line 143: [: : integer expression expected
[0;32m[2026-05-29 01:14:23] Step /1569 (0%)[0m
./orchestrate_kl_controllers.sh: line 157: [: : integer expression expected
./orchestrate_kl_controllers.sh: line 139: [: : integer expression expected
./orchestrate_kl_controllers.sh: line 143: [: : integer expression expected
[0;32m[2026-05-29 01:15:23] Step /1569 (0%)[0m
./orchestrate_kl_controllers.sh: line 157: [: : integer expression expected
./orchestrate_kl_controllers.sh: line 139: [: : integer expression expected
./orchestrate_kl_controllers.sh: line 143: [: : integer expression expected
[0;32m[2026-05-29 01:16:23] Step /1569 (0%)[0m
./orchestrate_kl_controllers.sh: line 157: [: : integer expression expected
./orchestrate_kl_controllers.sh: line 139: [: : integer expression expected
./orchestrate_kl_controllers.sh: line 143: [: : integer expression expected
[0;32m[2026-05-29 01:17:23] Step /1569 (0%)[0m
./orchestrate_kl_controllers.sh: line 157: [: : integer expression expected
./orchestrate_kl_controllers.sh: line 139: [: : integer expression expected
./orchestrate_kl_controllers.sh: line 143: [: : integer expression expected
[0;32m[2026-05-29 01:18:23] Step /1569 (0%)[0m
./orchestrate_kl_controllers.sh: line 157: [: : integer expression expected
./orchestrate_kl_controllers.sh: line 139: [: : integer expression expected
./orchestrate_kl_controllers.sh: line 143: [: : integer expression expected
[0;32m[2026-05-29 01:19:23] Step /1569 (0%)[0m
./orchestrate_kl_controllers.sh: line 157: [: : integer expression expected
./orchestrate_kl_controllers.sh: line 139: [: : integer expression expected
./orchestrate_kl_controllers.sh: line 143: [: : integer expression expected
[0;32m[2026-05-29 01:20:23] Step /1569 (0%)[0m
./orchestrate_kl_controllers.sh: line 157: [: : integer expression expected
./orchestrate_kl_controllers.sh: line 139: [: : integer expression expected
./orchestrate_kl_controllers.sh: line 143: [: : integer expression expected
[0;32m[2026-05-29 01:21:23] Step /1569 (0%)[0m
./orchestrate_kl_controllers.sh: line 157: [: : integer expression expected
./orchestrate_kl_controllers.sh: line 139: [: : integer expression expected
./orchestrate_kl_controllers.sh: line 143: [: : integer expression expected
[0;32m[2026-05-29 01:22:23] Step /1569 (0%)[0m
./orchestrate_kl_controllers.sh: line 157: [: : integer expression expected
./orchestrate_kl_controllers.sh: line 139: [: : integer expression expected
./orchestrate_kl_controllers.sh: line 143: [: : integer expression expected
[0;32m[2026-05-29 01:23:23] Step /1569 (0%)[0m
./orchestrate_kl_controllers.sh: line 157: [: : integer expression expected
./orchestrate_kl_controllers.sh: line 139: [: : integer expression expected
./orchestrate_kl_controllers.sh: line 143: [: : integer expression expected
[0;32m[2026-05-29 01:24:23] Step /1569 (0%)[0m
./orchestrate_kl_controllers.sh: line 157: [: : integer expression expected
./orchestrate_kl_controllers.sh: line 139: [: : integer expression expected
./orchestrate_kl_controllers.sh: line 143: [: : integer expression expected
[0;32m[2026-05-29 01:25:23] Step /1569 (0%)[0m
./orchestrate_kl_controllers.sh: line 157: [: : integer expression expected
./orchestrate_kl_controllers.sh: line 139: [: : integer expression expected
./orchestrate_kl_controllers.sh: line 143: [: : integer expression expected
[0;32m[2026-05-29 01:26:23] Step /1569 (0%)[0m
./orchestrate_kl_controllers.sh: line 157: [: : integer expression expected
./orchestrate_kl_controllers.sh: line 139: [: : integer expression expected
./orchestrate_kl_controllers.sh: line 143: [: : integer expression expected
[0;32m[2026-05-29 01:27:23] Step /1569 (0%)[0m
./orchestrate_kl_controllers.sh: line 157: [: : integer expression expected
./orchestrate_kl_controllers.sh: line 139: [: : integer expression expected
./orchestrate_kl_controllers.sh: line 143: [: : integer expression expected
[0;32m[2026-05-29 01:28:23] Step /1569 (0%)[0m
./orchestrate_kl_controllers.sh: line 157: [: : integer expression expected
./orchestrate_kl_controllers.sh: line 139: [: : integer expression expected
./orchestrate_kl_controllers.sh: line 143: [: : integer expression expected
[0;32m[2026-05-29 01:29:23] Step /1569 (0%)[0m
./orchestrate_kl_controllers.sh: line 157: [: : integer expression expected
./orchestrate_kl_controllers.sh: line 139: [: : integer expression expected
./orchestrate_kl_controllers.sh: line 143: [: : integer expression expected
[0;32m[2026-05-29 01:30:23] Step /1569 (0%)[0m
./orchestrate_kl_controllers.sh: line 157: [: : integer expression expected
./orchestrate_kl_controllers.sh: line 139: [: : integer expression expected
./orchestrate_kl_controllers.sh: line 143: [: : integer expression expected
[0;32m[2026-05-29 01:31:23] Step /1569 (0%)[0m
./orchestrate_kl_controllers.sh: line 157: [: : integer expression expected
./orchestrate_kl_controllers.sh: line 139: [: : integer expression expected
./orchestrate_kl_controllers.sh: line 143: [: : integer expression expected
[0;32m[2026-05-29 01:32:23] Step /1569 (0%)[0m
./orchestrate_kl_controllers.sh: line 157: [: : integer expression expected
./orchestrate_kl_controllers.sh: line 139: [: : integer expression expected
./orchestrate_kl_controllers.sh: line 143: [: : integer expression expected
[0;32m[2026-05-29 01:33:23] Step /1569 (0%)[0m
./orchestrate_kl_controllers.sh: line 157: [: : integer expression expected
./orchestrate_kl_controllers.sh: line 139: [: : integer expression expected
./orchestrate_kl_controllers.sh: line 143: [: : integer expression expected
[0;32m[2026-05-29 01:34:23] Step /1569 (0%)[0m
./orchestrate_kl_controllers.sh: line 157: [: : integer expression expected
./orchestrate_kl_controllers.sh: line 139: [: : integer expression expected
./orchestrate_kl_controllers.sh: line 143: [: : integer expression expected
[0;32m[2026-05-29 01:35:23] Step /1569 (0%)[0m
./orchestrate_kl_controllers.sh: line 157: [: : integer expression expected
./orchestrate_kl_controllers.sh: line 139: [: : integer expression expected
./orchestrate_kl_controllers.sh: line 143: [: : integer expression expected
[0;32m[2026-05-29 01:36:24] Step /1569 (0%)[0m
./orchestrate_kl_controllers.sh: line 157: [: : integer expression expected
./orchestrate_kl_controllers.sh: line 139: [: : integer expression expected
./orchestrate_kl_controllers.sh: line 143: [: : integer expression expected
[0;32m[2026-05-29 01:37:24] Step /1569 (0%)[0m
./orchestrate_kl_controllers.sh: line 157: [: : integer expression expected
./orchestrate_kl_controllers.sh: line 139: [: : integer expression expected
./orchestrate_kl_controllers.sh: line 143: [: : integer expression expected
[0;32m[2026-05-29 01:38:24] Step /1569 (0%)[0m
./orchestrate_kl_controllers.sh: line 157: [: : integer expression expected
./orchestrate_kl_controllers.sh: line 139: [: : integer expression expected
./orchestrate_kl_controllers.sh: line 143: [: : integer expression expected
[0;32m[2026-05-29 01:39:24] Step /1569 (0%)[0m
./orchestrate_kl_controllers.sh: line 157: [: : integer expression expected
./orchestrate_kl_controllers.sh: line 139: [: : integer expression expected
./orchestrate_kl_controllers.sh: line 143: [: : integer expression expected
[0;32m[2026-05-29 01:40:24] Step /1569 (0%)[0m
./orchestrate_kl_controllers.sh: line 157: [: : integer expression expected
./orchestrate_kl_controllers.sh: line 139: [: : integer expression expected
./orchestrate_kl_controllers.sh: line 143: [: : integer expression expected
[0;32m[2026-05-29 01:41:24] Step /1569 (0%)[0m
./orchestrate_kl_controllers.sh: line 157: [: : integer expression expected
./orchestrate_kl_controllers.sh: line 139: [: : integer expression expected
./orchestrate_kl_controllers.sh: line 143: [: : integer expression expected
[0;32m[2026-05-29 01:42:24] Step /1569 (0%)[0m
./orchestrate_kl_controllers.sh: line 157: [: : integer expression expected
./orchestrate_kl_controllers.sh: line 139: [: : integer expression expected
./orchestrate_kl_controllers.sh: line 143: [: : integer expression expected
[0;32m[2026-05-29 01:43:24] Step /1569 (0%)[0m
./orchestrate_kl_controllers.sh: line 157: [: : integer expression expected
./orchestrate_kl_controllers.sh: line 139: [: : integer expression expected
./orchestrate_kl_controllers.sh: line 143: [: : integer expression expected
[0;32m[2026-05-29 01:44:24] Step /1569 (0%)[0m
./orchestrate_kl_controllers.sh: line 157: [: : integer expression expected
./orchestrate_kl_controllers.sh: line 139: [: : integer expression expected
./orchestrate_kl_controllers.sh: line 143: [: : integer expression expected
[0;32m[2026-05-29 01:45:24] Step /1569 (0%)[0m
./orchestrate_kl_controllers.sh: line 157: [: : integer expression expected
./orchestrate_kl_controllers.sh: line 139: [: : integer expression expected
./orchestrate_kl_controllers.sh: line 143: [: : integer expression expected
[0;32m[2026-05-29 01:46:24] Step /1569 (0%)[0m
./orchestrate_kl_controllers.sh: line 157: [: : integer expression expected
./orchestrate_kl_controllers.sh: line 139: [: : integer expression expected
./orchestrate_kl_controllers.sh: line 143: [: : integer expression expected
[0;32m[2026-05-29 01:47:24] Step /1569 (0%)[0m
./orchestrate_kl_controllers.sh: line 157: [: : integer expression expected
./orchestrate_kl_controllers.sh: line 139: [: : integer expression expected
./orchestrate_kl_controllers.sh: line 143: [: : integer expression expected
[0;32m[2026-05-29 01:48:24] Step /1569 (0%)[0m
./orchestrate_kl_controllers.sh: line 157: [: : integer expression expected
./orchestrate_kl_controllers.sh: line 139: [: : integer expression expected
./orchestrate_kl_controllers.sh: line 143: [: : integer expression expected
[0;32m[2026-05-29 01:49:24] Step /1569 (0%)[0m
./orchestrate_kl_controllers.sh: line 157: [: : integer expression expected
./orchestrate_kl_controllers.sh: line 139: [: : integer expression expected
./orchestrate_kl_controllers.sh: line 143: [: : integer expression expected
[0;32m[2026-05-29 01:50:24] Step /1569 (0%)[0m
./orchestrate_kl_controllers.sh: line 157: [: : integer expression expected
./orchestrate_kl_controllers.sh: line 139: [: : integer expression expected
./orchestrate_kl_controllers.sh: line 143: [: : integer expression expected
[0;32m[2026-05-29 01:51:24] Step /1569 (0%)[0m
./orchestrate_kl_controllers.sh: line 157: [: : integer expression expected
./orchestrate_kl_controllers.sh: line 139: [: : integer expression expected
./orchestrate_kl_controllers.sh: line 143: [: : integer expression expected
[0;32m[2026-05-29 01:52:24] Step /1569 (0%)[0m
./orchestrate_kl_controllers.sh: line 157: [: : integer expression expected
./orchestrate_kl_controllers.sh: line 139: [: : integer expression expected
./orchestrate_kl_controllers.sh: line 143: [: : integer expression expected
[0;32m[2026-05-29 01:53:24] Step /1569 (0%)[0m
./orchestrate_kl_controllers.sh: line 157: [: : integer expression expected
./orchestrate_kl_controllers.sh: line 139: [: : integer expression expected
./orchestrate_kl_controllers.sh: line 143: [: : integer expression expected
[0;32m[2026-05-29 01:54:24] Step /1569 (0%)[0m
./orchestrate_kl_controllers.sh: line 157: [: : integer expression expected
./orchestrate_kl_controllers.sh: line 139: [: : integer expression expected
./orchestrate_kl_controllers.sh: line 143: [: : integer expression expected
[0;32m[2026-05-29 01:55:24] Step /1569 (0%)[0m
./orchestrate_kl_controllers.sh: line 157: [: : integer expression expected
./orchestrate_kl_controllers.sh: line 139: [: : integer expression expected
./orchestrate_kl_controllers.sh: line 143: [: : integer expression expected
[0;32m[2026-05-29 01:56:24] Step /1569 (0%)[0m
./orchestrate_kl_controllers.sh: line 157: [: : integer expression expected
./orchestrate_kl_controllers.sh: line 139: [: : integer expression expected
./orchestrate_kl_controllers.sh: line 143: [: : integer expression expected
[0;32m[2026-05-29 01:57:24] Step /1569 (0%)[0m
./orchestrate_kl_controllers.sh: line 157: [: : integer expression expected
./orchestrate_kl_controllers.sh: line 139: [: : integer expression expected
./orchestrate_kl_controllers.sh: line 143: [: : integer expression expected
[0;32m[2026-05-29 01:58:24] Step /1569 (0%)[0m
./orchestrate_kl_controllers.sh: line 157: [: : integer expression expected
./orchestrate_kl_controllers.sh: line 139: [: : integer expression expected
./orchestrate_kl_controllers.sh: line 143: [: : integer expression expected
[0;32m[2026-05-29 01:59:24] Step /1569 (0%)[0m
./orchestrate_kl_controllers.sh: line 157: [: : integer expression expected
./orchestrate_kl_controllers.sh: line 139: [: : integer expression expected
./orchestrate_kl_controllers.sh: line 143: [: : integer expression expected
[0;32m[2026-05-29 02:00:25] Step /1569 (0%)[0m
./orchestrate_kl_controllers.sh: line 157: [: : integer expression expected
./orchestrate_kl_controllers.sh: line 139: [: : integer expression expected
./orchestrate_kl_controllers.sh: line 143: [: : integer expression expected
[0;32m[2026-05-29 02:01:25] Step /1569 (0%)[0m
./orchestrate_kl_controllers.sh: line 157: [: : integer expression expected
./orchestrate_kl_controllers.sh: line 139: [: : integer expression expected
./orchestrate_kl_controllers.sh: line 143: [: : integer expression expected
[0;32m[2026-05-29 02:02:25] Step /1569 (0%)[0m
./orchestrate_kl_controllers.sh: line 157: [: : integer expression expected
./orchestrate_kl_controllers.sh: line 139: [: : integer expression expected
./orchestrate_kl_controllers.sh: line 143: [: : integer expression expected
[0;32m[2026-05-29 02:03:25] Step /1569 (0%)[0m
./orchestrate_kl_controllers.sh: line 157: [: : integer expression expected
./orchestrate_kl_controllers.sh: line 139: [: : integer expression expected
./orchestrate_kl_controllers.sh: line 143: [: : integer expression expected
[0;32m[2026-05-29 02:04:25] Step /1569 (0%)[0m
./orchestrate_kl_controllers.sh: line 157: [: : integer expression expected
./orchestrate_kl_controllers.sh: line 139: [: : integer expression expected
./orchestrate_kl_controllers.sh: line 143: [: : integer expression expected
[0;32m[2026-05-29 02:05:25] Step /1569 (0%)[0m
./orchestrate_kl_controllers.sh: line 157: [: : integer expression expected
./orchestrate_kl_controllers.sh: line 139: [: : integer expression expected
./orchestrate_kl_controllers.sh: line 143: [: : integer expression expected
[0;32m[2026-05-29 02:06:25] Step /1569 (0%)[0m
./orchestrate_kl_controllers.sh: line 157: [: : integer expression expected
./orchestrate_kl_controllers.sh: line 139: [: : integer expression expected
./orchestrate_kl_controllers.sh: line 143: [: : integer expression expected
[0;32m[2026-05-29 02:07:25] Step /1569 (0%)[0m
./orchestrate_kl_controllers.sh: line 157: [: : integer expression expected
./orchestrate_kl_controllers.sh: line 139: [: : integer expression expected
./orchestrate_kl_controllers.sh: line 143: [: : integer expression expected
[0;32m[2026-05-29 02:08:25] Step /1569 (0%)[0m
./orchestrate_kl_controllers.sh: line 157: [: : integer expression expected
./orchestrate_kl_controllers.sh: line 139: [: : integer expression expected
./orchestrate_kl_controllers.sh: line 143: [: : integer expression expected
[0;32m[2026-05-29 02:09:25] Step /1569 (0%)[0m
./orchestrate_kl_controllers.sh: line 157: [: : integer expression expected
./orchestrate_kl_controllers.sh: line 139: [: : integer expression expected
./orchestrate_kl_controllers.sh: line 143: [: : integer expression expected
[0;32m[2026-05-29 02:10:25] Step /1569 (0%)[0m
./orchestrate_kl_controllers.sh: line 157: [: : integer expression expected
./orchestrate_kl_controllers.sh: line 139: [: : integer expression expected
./orchestrate_kl_controllers.sh: line 143: [: : integer expression expected
[0;32m[2026-05-29 02:11:25] Step /1569 (0%)[0m
./orchestrate_kl_controllers.sh: line 157: [: : integer expression expected
./orchestrate_kl_controllers.sh: line 139: [: : integer expression expected
./orchestrate_kl_controllers.sh: line 143: [: : integer expression expected
[0;32m[2026-05-29 02:12:25] Step /1569 (0%)[0m
./orchestrate_kl_controllers.sh: line 157: [: : integer expression expected
./orchestrate_kl_controllers.sh: line 139: [: : integer expression expected
./orchestrate_kl_controllers.sh: line 143: [: : integer expression expected
[0;32m[2026-05-29 02:13:25] Step /1569 (0%)[0m
./orchestrate_kl_controllers.sh: line 157: [: : integer expression expected
./orchestrate_kl_controllers.sh: line 139: [: : integer expression expected
./orchestrate_kl_controllers.sh: line 143: [: : integer expression expected
[0;32m[2026-05-29 02:14:25] Step /1569 (0%)[0m
./orchestrate_kl_controllers.sh: line 157: [: : integer expression expected
./orchestrate_kl_controllers.sh: line 139: [: : integer expression expected
./orchestrate_kl_controllers.sh: line 143: [: : integer expression expected
[0;32m[2026-05-29 02:15:25] Step /1569 (0%)[0m
./orchestrate_kl_controllers.sh: line 157: [: : integer expression expected
./orchestrate_kl_controllers.sh: line 139: [: : integer expression expected
./orchestrate_kl_controllers.sh: line 143: [: : integer expression expected
[0;32m[2026-05-29 02:16:25] Step /1569 (0%)[0m
./orchestrate_kl_controllers.sh: line 157: [: : integer expression expected
./orchestrate_kl_controllers.sh: line 139: [: : integer expression expected
./orchestrate_kl_controllers.sh: line 143: [: : integer expression expected
[0;32m[2026-05-29 02:17:25] Step /1569 (0%)[0m
./orchestrate_kl_controllers.sh: line 157: [: : integer expression expected
./orchestrate_kl_controllers.sh: line 139: [: : integer expression expected
./orchestrate_kl_controllers.sh: line 143: [: : integer expression expected
[0;32m[2026-05-29 02:18:25] Step /1569 (0%)[0m
./orchestrate_kl_controllers.sh: line 157: [: : integer expression expected
./orchestrate_kl_controllers.sh: line 139: [: : integer expression expected
./orchestrate_kl_controllers.sh: line 143: [: : integer expression expected
[0;32m[2026-05-29 02:19:25] Step /1569 (0%)[0m
./orchestrate_kl_controllers.sh: line 157: [: : integer expression expected
./orchestrate_kl_controllers.sh: line 139: [: : integer expression expected
./orchestrate_kl_controllers.sh: line 143: [: : integer expression expected
[0;32m[2026-05-29 02:20:25] Step /1569 (0%)[0m
./orchestrate_kl_controllers.sh: line 157: [: : integer expression expected
./orchestrate_kl_controllers.sh: line 139: [: : integer expression expected
./orchestrate_kl_controllers.sh: line 143: [: : integer expression expected
[0;32m[2026-05-29 02:21:25] Step /1569 (0%)[0m
./orchestrate_kl_controllers.sh: line 157: [: : integer expression expected
./orchestrate_kl_controllers.sh: line 139: [: : integer expression expected
./orchestrate_kl_controllers.sh: line 143: [: : integer expression expected
[0;32m[2026-05-29 02:22:25] Step /1569 (0%)[0m
./orchestrate_kl_controllers.sh: line 157: [: : integer expression expected
./orchestrate_kl_controllers.sh: line 139: [: : integer expression expected
./orchestrate_kl_controllers.sh: line 143: [: : integer expression expected
[0;32m[2026-05-29 02:23:25] Step /1569 (0%)[0m
./orchestrate_kl_controllers.sh: line 157: [: : integer expression expected
./orchestrate_kl_controllers.sh: line 139: [: : integer expression expected
./orchestrate_kl_controllers.sh: line 143: [: : integer expression expected
[0;32m[2026-05-29 02:24:25] Step /1569 (0%)[0m
./orchestrate_kl_controllers.sh: line 157: [: : integer expression expected
./orchestrate_kl_controllers.sh: line 139: [: : integer expression expected
./orchestrate_kl_controllers.sh: line 143: [: : integer expression expected
[0;32m[2026-05-29 02:25:26] Step /1569 (0%)[0m
./orchestrate_kl_controllers.sh: line 157: [: : integer expression expected
./orchestrate_kl_controllers.sh: line 139: [: : integer expression expected
./orchestrate_kl_controllers.sh: line 143: [: : integer expression expected
[0;32m[2026-05-29 02:26:26] Step /1569 (0%)[0m
./orchestrate_kl_controllers.sh: line 157: [: : integer expression expected
./orchestrate_kl_controllers.sh: line 139: [: : integer expression expected
./orchestrate_kl_controllers.sh: line 143: [: : integer expression expected
[0;32m[2026-05-29 02:27:26] Step /1569 (0%)[0m
./orchestrate_kl_controllers.sh: line 157: [: : integer expression expected
./orchestrate_kl_controllers.sh: line 139: [: : integer expression expected
./orchestrate_kl_controllers.sh: line 143: [: : integer expression expected
[0;32m[2026-05-29 02:28:26] Step /1569 (0%)[0m
./orchestrate_kl_controllers.sh: line 157: [: : integer expression expected
./orchestrate_kl_controllers.sh: line 139: [: : integer expression expected
./orchestrate_kl_controllers.sh: line 143: [: : integer expression expected
[0;32m[2026-05-29 02:29:26] Step /1569 (0%)[0m
./orchestrate_kl_controllers.sh: line 157: [: : integer expression expected
./orchestrate_kl_controllers.sh: line 139: [: : integer expression expected
./orchestrate_kl_controllers.sh: line 143: [: : integer expression expected
[0;32m[2026-05-29 02:30:26] Step /1569 (0%)[0m
./orchestrate_kl_controllers.sh: line 157: [: : integer expression expected
./orchestrate_kl_controllers.sh: line 139: [: : integer expression expected
./orchestrate_kl_controllers.sh: line 143: [: : integer expression expected
[0;32m[2026-05-29 02:31:26] Step /1569 (0%)[0m
./orchestrate_kl_controllers.sh: line 157: [: : integer expression expected
./orchestrate_kl_controllers.sh: line 139: [: : integer expression expected
./orchestrate_kl_controllers.sh: line 143: [: : integer expression expected
[0;32m[2026-05-29 02:32:26] Step /1569 (0%)[0m
./orchestrate_kl_controllers.sh: line 157: [: : integer expression expected
./orchestrate_kl_controllers.sh: line 139: [: : integer expression expected
./orchestrate_kl_controllers.sh: line 143: [: : integer expression expected
[0;32m[2026-05-29 02:33:26] Step /1569 (0%)[0m
./orchestrate_kl_controllers.sh: line 157: [: : integer expression expected
./orchestrate_kl_controllers.sh: line 139: [: : integer expression expected
./orchestrate_kl_controllers.sh: line 143: [: : integer expression expected
[0;32m[2026-05-29 02:34:26] Step /1569 (0%)[0m
./orchestrate_kl_controllers.sh: line 157: [: : integer expression expected
./orchestrate_kl_controllers.sh: line 139: [: : integer expression expected
./orchestrate_kl_controllers.sh: line 143: [: : integer expression expected
[0;32m[2026-05-29 02:35:26] Step /1569 (0%)[0m
./orchestrate_kl_controllers.sh: line 157: [: : integer expression expected
./orchestrate_kl_controllers.sh: line 139: [: : integer expression expected
./orchestrate_kl_controllers.sh: line 143: [: : integer expression expected
[0;32m[2026-05-29 02:36:26] Step /1569 (0%)[0m
./orchestrate_kl_controllers.sh: line 157: [: : integer expression expected
./orchestrate_kl_controllers.sh: line 139: [: : integer expression expected
./orchestrate_kl_controllers.sh: line 143: [: : integer expression expected
[0;32m[2026-05-29 02:37:26] Step /1569 (0%)[0m
./orchestrate_kl_controllers.sh: line 157: [: : integer expression expected
./orchestrate_kl_controllers.sh: line 139: [: : integer expression expected
./orchestrate_kl_controllers.sh: line 143: [: : integer expression expected
[0;32m[2026-05-29 02:38:26] Step /1569 (0%)[0m
./orchestrate_kl_controllers.sh: line 157: [: : integer expression expected
./orchestrate_kl_controllers.sh: line 139: [: : integer expression expected
./orchestrate_kl_controllers.sh: line 143: [: : integer expression expected
[0;32m[2026-05-29 02:39:26] Step /1569 (0%)[0m
./orchestrate_kl_controllers.sh: line 157: [: : integer expression expected
./orchestrate_kl_controllers.sh: line 139: [: : integer expression expected
./orchestrate_kl_controllers.sh: line 143: [: : integer expression expected
[0;32m[2026-05-29 02:40:26] Step /1569 (0%)[0m
./orchestrate_kl_controllers.sh: line 157: [: : integer expression expected
./orchestrate_kl_controllers.sh: line 139: [: : integer expression expected
./orchestrate_kl_controllers.sh: line 143: [: : integer expression expected
[0;32m[2026-05-29 02:41:26] Step /1569 (0%)[0m
./orchestrate_kl_controllers.sh: line 157: [: : integer expression expected
./orchestrate_kl_controllers.sh: line 139: [: : integer expression expected
./orchestrate_kl_controllers.sh: line 143: [: : integer expression expected
[0;32m[2026-05-29 02:42:26] Step /1569 (0%)[0m
./orchestrate_kl_controllers.sh: line 157: [: : integer expression expected
./orchestrate_kl_controllers.sh: line 139: [: : integer expression expected
./orchestrate_kl_controllers.sh: line 143: [: : integer expression expected
[0;32m[2026-05-29 02:43:26] Step /1569 (0%)[0m
./orchestrate_kl_controllers.sh: line 157: [: : integer expression expected
./orchestrate_kl_controllers.sh: line 139: [: : integer expression expected
./orchestrate_kl_controllers.sh: line 143: [: : integer expression expected
[0;32m[2026-05-29 02:44:26] Step /1569 (0%)[0m
./orchestrate_kl_controllers.sh: line 157: [: : integer expression expected
./orchestrate_kl_controllers.sh: line 139: [: : integer expression expected
./orchestrate_kl_controllers.sh: line 143: [: : integer expression expected
[0;32m[2026-05-29 02:45:26] Step /1569 (0%)[0m
./orchestrate_kl_controllers.sh: line 157: [: : integer expression expected
./orchestrate_kl_controllers.sh: line 139: [: : integer expression expected
./orchestrate_kl_controllers.sh: line 143: [: : integer expression expected
[0;32m[2026-05-29 02:46:26] Step /1569 (0%)[0m
./orchestrate_kl_controllers.sh: line 157: [: : integer expression expected
./orchestrate_kl_controllers.sh: line 139: [: : integer expression expected
./orchestrate_kl_controllers.sh: line 143: [: : integer expression expected
[0;32m[2026-05-29 02:47:26] Step /1569 (0%)[0m
./orchestrate_kl_controllers.sh: line 157: [: : integer expression expected
./orchestrate_kl_controllers.sh: line 139: [: : integer expression expected
./orchestrate_kl_controllers.sh: line 143: [: : integer expression expected
[0;32m[2026-05-29 02:48:26] Step /1569 (0%)[0m
./orchestrate_kl_controllers.sh: line 157: [: : integer expression expected
./orchestrate_kl_controllers.sh: line 139: [: : integer expression expected
./orchestrate_kl_controllers.sh: line 143: [: : integer expression expected
[0;32m[2026-05-29 02:49:27] Step /1569 (0%)[0m
./orchestrate_kl_controllers.sh: line 157: [: : integer expression expected
./orchestrate_kl_controllers.sh: line 139: [: : integer expression expected
./orchestrate_kl_controllers.sh: line 143: [: : integer expression expected
[0;32m[2026-05-29 02:50:27] Step /1569 (0%)[0m
./orchestrate_kl_controllers.sh: line 157: [: : integer expression expected
./orchestrate_kl_controllers.sh: line 139: [: : integer expression expected
./orchestrate_kl_controllers.sh: line 143: [: : integer expression expected
[0;32m[2026-05-29 02:51:27] Step /1569 (0%)[0m
./orchestrate_kl_controllers.sh: line 157: [: : integer expression expected
./orchestrate_kl_controllers.sh: line 139: [: : integer expression expected
./orchestrate_kl_controllers.sh: line 143: [: : integer expression expected
[0;32m[2026-05-29 02:52:27] Step /1569 (0%)[0m
./orchestrate_kl_controllers.sh: line 157: [: : integer expression expected
./orchestrate_kl_controllers.sh: line 139: [: : integer expression expected
./orchestrate_kl_controllers.sh: line 143: [: : integer expression expected
[0;32m[2026-05-29 02:53:27] Step /1569 (0%)[0m
./orchestrate_kl_controllers.sh: line 157: [: : integer expression expected
./orchestrate_kl_controllers.sh: line 139: [: : integer expression expected
./orchestrate_kl_controllers.sh: line 143: [: : integer expression expected
[0;32m[2026-05-29 02:54:27] Step /1569 (0%)[0m
./orchestrate_kl_controllers.sh: line 157: [: : integer expression expected
./orchestrate_kl_controllers.sh: line 139: [: : integer expression expected
./orchestrate_kl_controllers.sh: line 143: [: : integer expression expected
[0;32m[2026-05-29 02:55:27] Step /1569 (0%)[0m
./orchestrate_kl_controllers.sh: line 157: [: : integer expression expected
./orchestrate_kl_controllers.sh: line 139: [: : integer expression expected
./orchestrate_kl_controllers.sh: line 143: [: : integer expression expected
[0;32m[2026-05-29 02:56:27] Step /1569 (0%)[0m
./orchestrate_kl_controllers.sh: line 157: [: : integer expression expected
./orchestrate_kl_controllers.sh: line 139: [: : integer expression expected
./orchestrate_kl_controllers.sh: line 143: [: : integer expression expected
[0;32m[2026-05-29 02:57:27] Step /1569 (0%)[0m
./orchestrate_kl_controllers.sh: line 157: [: : integer expression expected
./orchestrate_kl_controllers.sh: line 139: [: : integer expression expected
./orchestrate_kl_controllers.sh: line 143: [: : integer expression expected
[0;32m[2026-05-29 02:58:27] Step /1569 (0%)[0m
./orchestrate_kl_controllers.sh: line 157: [: : integer expression expected
./orchestrate_kl_controllers.sh: line 139: [: : integer expression expected
./orchestrate_kl_controllers.sh: line 143: [: : integer expression expected
[0;32m[2026-05-29 02:59:27] Step /1569 (0%)[0m
./orchestrate_kl_controllers.sh: line 157: [: : integer expression expected
./orchestrate_kl_controllers.sh: line 139: [: : integer expression expected
./orchestrate_kl_controllers.sh: line 143: [: : integer expression expected
[0;32m[2026-05-29 03:00:27] Step /1569 (0%)[0m
./orchestrate_kl_controllers.sh: line 157: [: : integer expression expected
./orchestrate_kl_controllers.sh: line 139: [: : integer expression expected
./orchestrate_kl_controllers.sh: line 143: [: : integer expression expected
[0;32m[2026-05-29 03:01:27] Step /1569 (0%)[0m
./orchestrate_kl_controllers.sh: line 157: [: : integer expression expected
./orchestrate_kl_controllers.sh: line 139: [: : integer expression expected
./orchestrate_kl_controllers.sh: line 143: [: : integer expression expected
[0;32m[2026-05-29 03:02:27] Step /1569 (0%)[0m
./orchestrate_kl_controllers.sh: line 157: [: : integer expression expected
./orchestrate_kl_controllers.sh: line 139: [: : integer expression expected
./orchestrate_kl_controllers.sh: line 143: [: : integer expression expected
[0;32m[2026-05-29 03:03:27] Step /1569 (0%)[0m
./orchestrate_kl_controllers.sh: line 157: [: : integer expression expected
./orchestrate_kl_controllers.sh: line 139: [: : integer expression expected
./orchestrate_kl_controllers.sh: line 143: [: : integer expression expected
[0;32m[2026-05-29 03:04:27] Step /1569 (0%)[0m
./orchestrate_kl_controllers.sh: line 157: [: : integer expression expected
./orchestrate_kl_controllers.sh: line 139: [: : integer expression expected
./orchestrate_kl_controllers.sh: line 143: [: : integer expression expected
[0;32m[2026-05-29 03:05:27] Step /1569 (0%)[0m
./orchestrate_kl_controllers.sh: line 157: [: : integer expression expected
./orchestrate_kl_controllers.sh: line 139: [: : integer expression expected
./orchestrate_kl_controllers.sh: line 143: [: : integer expression expected
[0;32m[2026-05-29 03:06:27] Step /1569 (0%)[0m
./orchestrate_kl_controllers.sh: line 157: [: : integer expression expected
./orchestrate_kl_controllers.sh: line 139: [: : integer expression expected
./orchestrate_kl_controllers.sh: line 143: [: : integer expression expected
[0;32m[2026-05-29 03:07:27] Step /1569 (0%)[0m
./orchestrate_kl_controllers.sh: line 157: [: : integer expression expected
./orchestrate_kl_controllers.sh: line 139: [: : integer expression expected
./orchestrate_kl_controllers.sh: line 143: [: : integer expression expected
[0;32m[2026-05-29 03:08:27] Step /1569 (0%)[0m
./orchestrate_kl_controllers.sh: line 157: [: : integer expression expected
./orchestrate_kl_controllers.sh: line 139: [: : integer expression expected
./orchestrate_kl_controllers.sh: line 143: [: : integer expression expected
[0;32m[2026-05-29 03:09:27] Step /1569 (0%)[0m
./orchestrate_kl_controllers.sh: line 157: [: : integer expression expected
./orchestrate_kl_controllers.sh: line 139: [: : integer expression expected
./orchestrate_kl_controllers.sh: line 143: [: : integer expression expected
[0;32m[2026-05-29 03:10:27] Step /1569 (0%)[0m
./orchestrate_kl_controllers.sh: line 157: [: : integer expression expected
./orchestrate_kl_controllers.sh: line 139: [: : integer expression expected
./orchestrate_kl_controllers.sh: line 143: [: : integer expression expected
[0;32m[2026-05-29 03:11:27] Step /1569 (0%)[0m
./orchestrate_kl_controllers.sh: line 157: [: : integer expression expected
./orchestrate_kl_controllers.sh: line 139: [: : integer expression expected
./orchestrate_kl_controllers.sh: line 143: [: : integer expression expected
[0;32m[2026-05-29 03:12:27] Step /1569 (0%)[0m
./orchestrate_kl_controllers.sh: line 157: [: : integer expression expected
./orchestrate_kl_controllers.sh: line 139: [: : integer expression expected
./orchestrate_kl_controllers.sh: line 143: [: : integer expression expected
[0;32m[2026-05-29 03:13:28] Step /1569 (0%)[0m
./orchestrate_kl_controllers.sh: line 157: [: : integer expression expected
./orchestrate_kl_controllers.sh: line 139: [: : integer expression expected
./orchestrate_kl_controllers.sh: line 143: [: : integer expression expected
[0;32m[2026-05-29 03:14:28] Step /1569 (0%)[0m
./orchestrate_kl_controllers.sh: line 157: [: : integer expression expected
./orchestrate_kl_controllers.sh: line 139: [: : integer expression expected
./orchestrate_kl_controllers.sh: line 143: [: : integer expression expected
[0;32m[2026-05-29 03:15:28] Step /1569 (0%)[0m
./orchestrate_kl_controllers.sh: line 157: [: : integer expression expected
./orchestrate_kl_controllers.sh: line 139: [: : integer expression expected
./orchestrate_kl_controllers.sh: line 143: [: : integer expression expected
[0;32m[2026-05-29 03:16:28] Step /1569 (0%)[0m
./orchestrate_kl_controllers.sh: line 157: [: : integer expression expected
./orchestrate_kl_controllers.sh: line 139: [: : integer expression expected
./orchestrate_kl_controllers.sh: line 143: [: : integer expression expected
[0;32m[2026-05-29 03:17:28] Step /1569 (0%)[0m
./orchestrate_kl_controllers.sh: line 157: [: : integer expression expected
./orchestrate_kl_controllers.sh: line 139: [: : integer expression expected
./orchestrate_kl_controllers.sh: line 143: [: : integer expression expected
[0;32m[2026-05-29 03:18:28] Step /1569 (0%)[0m
./orchestrate_kl_controllers.sh: line 157: [: : integer expression expected
./orchestrate_kl_controllers.sh: line 139: [: : integer expression expected
./orchestrate_kl_controllers.sh: line 143: [: : integer expression expected
[0;32m[2026-05-29 03:19:28] Step /1569 (0%)[0m
./orchestrate_kl_controllers.sh: line 157: [: : integer expression expected
./orchestrate_kl_controllers.sh: line 139: [: : integer expression expected
./orchestrate_kl_controllers.sh: line 143: [: : integer expression expected
[0;32m[2026-05-29 03:20:28] Step /1569 (0%)[0m
./orchestrate_kl_controllers.sh: line 157: [: : integer expression expected
./orchestrate_kl_controllers.sh: line 139: [: : integer expression expected
./orchestrate_kl_controllers.sh: line 143: [: : integer expression expected
[0;32m[2026-05-29 03:21:28] Step /1569 (0%)[0m
./orchestrate_kl_controllers.sh: line 157: [: : integer expression expected
./orchestrate_kl_controllers.sh: line 139: [: : integer expression expected
./orchestrate_kl_controllers.sh: line 143: [: : integer expression expected
[0;32m[2026-05-29 03:22:28] Step /1569 (0%)[0m
./orchestrate_kl_controllers.sh: line 157: [: : integer expression expected
./orchestrate_kl_controllers.sh: line 139: [: : integer expression expected
./orchestrate_kl_controllers.sh: line 143: [: : integer expression expected
[0;32m[2026-05-29 03:23:28] Step /1569 (0%)[0m
./orchestrate_kl_controllers.sh: line 157: [: : integer expression expected
./orchestrate_kl_controllers.sh: line 139: [: : integer expression expected
./orchestrate_kl_controllers.sh: line 143: [: : integer expression expected
[0;32m[2026-05-29 03:24:28] Step /1569 (0%)[0m
./orchestrate_kl_controllers.sh: line 157: [: : integer expression expected
./orchestrate_kl_controllers.sh: line 139: [: : integer expression expected
./orchestrate_kl_controllers.sh: line 143: [: : integer expression expected
[0;32m[2026-05-29 03:25:28] Step /1569 (0%)[0m
./orchestrate_kl_controllers.sh: line 157: [: : integer expression expected
./orchestrate_kl_controllers.sh: line 139: [: : integer expression expected
./orchestrate_kl_controllers.sh: line 143: [: : integer expression expected
[0;32m[2026-05-29 03:26:28] Step /1569 (0%)[0m
./orchestrate_kl_controllers.sh: line 157: [: : integer expression expected
./orchestrate_kl_controllers.sh: line 139: [: : integer expression expected
./orchestrate_kl_controllers.sh: line 143: [: : integer expression expected
[0;32m[2026-05-29 03:27:28] Step /1569 (0%)[0m
./orchestrate_kl_controllers.sh: line 157: [: : integer expression expected
./orchestrate_kl_controllers.sh: line 139: [: : integer expression expected
./orchestrate_kl_controllers.sh: line 143: [: : integer expression expected
[0;32m[2026-05-29 03:28:28] Step /1569 (0%)[0m
./orchestrate_kl_controllers.sh: line 157: [: : integer expression expected
./orchestrate_kl_controllers.sh: line 139: [: : integer expression expected
./orchestrate_kl_controllers.sh: line 143: [: : integer expression expected
[0;32m[2026-05-29 03:29:28] Step /1569 (0%)[0m
./orchestrate_kl_controllers.sh: line 157: [: : integer expression expected
./orchestrate_kl_controllers.sh: line 139: [: : integer expression expected
./orchestrate_kl_controllers.sh: line 143: [: : integer expression expected
[0;32m[2026-05-29 03:30:28] Step /1569 (0%)[0m
./orchestrate_kl_controllers.sh: line 157: [: : integer expression expected
./orchestrate_kl_controllers.sh: line 139: [: : integer expression expected
./orchestrate_kl_controllers.sh: line 143: [: : integer expression expected
[0;32m[2026-05-29 03:31:28] Step /1569 (0%)[0m
./orchestrate_kl_controllers.sh: line 157: [: : integer expression expected
./orchestrate_kl_controllers.sh: line 139: [: : integer expression expected
./orchestrate_kl_controllers.sh: line 143: [: : integer expression expected
[0;32m[2026-05-29 03:32:28] Step /1569 (0%)[0m
./orchestrate_kl_controllers.sh: line 157: [: : integer expression expected
./orchestrate_kl_controllers.sh: line 139: [: : integer expression expected
./orchestrate_kl_controllers.sh: line 143: [: : integer expression expected
[0;32m[2026-05-29 03:33:28] Step /1569 (0%)[0m
./orchestrate_kl_controllers.sh: line 157: [: : integer expression expected
./orchestrate_kl_controllers.sh: line 139: [: : integer expression expected
./orchestrate_kl_controllers.sh: line 143: [: : integer expression expected
[0;32m[2026-05-29 03:34:28] Step /1569 (0%)[0m
./orchestrate_kl_controllers.sh: line 157: [: : integer expression expected
./orchestrate_kl_controllers.sh: line 139: [: : integer expression expected
./orchestrate_kl_controllers.sh: line 143: [: : integer expression expected
[0;32m[2026-05-29 03:35:28] Step /1569 (0%)[0m
./orchestrate_kl_controllers.sh: line 157: [: : integer expression expected
./orchestrate_kl_controllers.sh: line 139: [: : integer expression expected
./orchestrate_kl_controllers.sh: line 143: [: : integer expression expected
[0;32m[2026-05-29 03:36:28] Step /1569 (0%)[0m
./orchestrate_kl_controllers.sh: line 157: [: : integer expression expected
./orchestrate_kl_controllers.sh: line 139: [: : integer expression expected
./orchestrate_kl_controllers.sh: line 143: [: : integer expression expected
[0;32m[2026-05-29 03:37:29] Step /1569 (0%)[0m
./orchestrate_kl_controllers.sh: line 157: [: : integer expression expected
./orchestrate_kl_controllers.sh: line 139: [: : integer expression expected
./orchestrate_kl_controllers.sh: line 143: [: : integer expression expected
[0;32m[2026-05-29 03:38:29] Step /1569 (0%)[0m
./orchestrate_kl_controllers.sh: line 157: [: : integer expression expected
./orchestrate_kl_controllers.sh: line 139: [: : integer expression expected
./orchestrate_kl_controllers.sh: line 143: [: : integer expression expected
[0;32m[2026-05-29 03:39:29] Step /1569 (0%)[0m
./orchestrate_kl_controllers.sh: line 157: [: : integer expression expected
./orchestrate_kl_controllers.sh: line 139: [: : integer expression expected
./orchestrate_kl_controllers.sh: line 143: [: : integer expression expected
[0;32m[2026-05-29 03:40:29] Step /1569 (0%)[0m
./orchestrate_kl_controllers.sh: line 157: [: : integer expression expected
./orchestrate_kl_controllers.sh: line 139: [: : integer expression expected
./orchestrate_kl_controllers.sh: line 143: [: : integer expression expected
[0;32m[2026-05-29 03:41:29] Step /1569 (0%)[0m
./orchestrate_kl_controllers.sh: line 157: [: : integer expression expected
./orchestrate_kl_controllers.sh: line 139: [: : integer expression expected
./orchestrate_kl_controllers.sh: line 143: [: : integer expression expected
[0;32m[2026-05-29 03:42:29] Step /1569 (0%)[0m
./orchestrate_kl_controllers.sh: line 157: [: : integer expression expected
./orchestrate_kl_controllers.sh: line 139: [: : integer expression expected
./orchestrate_kl_controllers.sh: line 143: [: : integer expression expected
[0;32m[2026-05-29 03:43:29] Step /1569 (0%)[0m
./orchestrate_kl_controllers.sh: line 157: [: : integer expression expected
./orchestrate_kl_controllers.sh: line 139: [: : integer expression expected
./orchestrate_kl_controllers.sh: line 143: [: : integer expression expected
[0;32m[2026-05-29 03:44:29] Step /1569 (0%)[0m
./orchestrate_kl_controllers.sh: line 157: [: : integer expression expected
./orchestrate_kl_controllers.sh: line 139: [: : integer expression expected
./orchestrate_kl_controllers.sh: line 143: [: : integer expression expected
[0;32m[2026-05-29 03:45:29] Step /1569 (0%)[0m
./orchestrate_kl_controllers.sh: line 157: [: : integer expression expected
./orchestrate_kl_controllers.sh: line 139: [: : integer expression expected
./orchestrate_kl_controllers.sh: line 143: [: : integer expression expected
[0;32m[2026-05-29 03:46:29] Step /1569 (0%)[0m
./orchestrate_kl_controllers.sh: line 157: [: : integer expression expected
./orchestrate_kl_controllers.sh: line 139: [: : integer expression expected
./orchestrate_kl_controllers.sh: line 143: [: : integer expression expected
[0;32m[2026-05-29 03:47:29] Step /1569 (0%)[0m
./orchestrate_kl_controllers.sh: line 157: [: : integer expression expected
./orchestrate_kl_controllers.sh: line 139: [: : integer expression expected
./orchestrate_kl_controllers.sh: line 143: [: : integer expression expected
[0;32m[2026-05-29 03:48:29] Step /1569 (0%)[0m
./orchestrate_kl_controllers.sh: line 157: [: : integer expression expected
./orchestrate_kl_controllers.sh: line 139: [: : integer expression expected
./orchestrate_kl_controllers.sh: line 143: [: : integer expression expected
[0;32m[2026-05-29 03:49:29] Step /1569 (0%)[0m
./orchestrate_kl_controllers.sh: line 157: [: : integer expression expected
./orchestrate_kl_controllers.sh: line 139: [: : integer expression expected
./orchestrate_kl_controllers.sh: line 143: [: : integer expression expected
[0;32m[2026-05-29 03:50:29] Step /1569 (0%)[0m
./orchestrate_kl_controllers.sh: line 157: [: : integer expression expected
./orchestrate_kl_controllers.sh: line 139: [: : integer expression expected
./orchestrate_kl_controllers.sh: line 143: [: : integer expression expected
[0;32m[2026-05-29 03:51:29] Step /1569 (0%)[0m
./orchestrate_kl_controllers.sh: line 157: [: : integer expression expected
./orchestrate_kl_controllers.sh: line 139: [: : integer expression expected
./orchestrate_kl_controllers.sh: line 143: [: : integer expression expected
[0;32m[2026-05-29 03:52:29] Step /1569 (0%)[0m
./orchestrate_kl_controllers.sh: line 157: [: : integer expression expected
./orchestrate_kl_controllers.sh: line 139: [: : integer expression expected
./orchestrate_kl_controllers.sh: line 143: [: : integer expression expected
[0;32m[2026-05-29 03:53:29] Step /1569 (0%)[0m
./orchestrate_kl_controllers.sh: line 157: [: : integer expression expected
./orchestrate_kl_controllers.sh: line 139: [: : integer expression expected
./orchestrate_kl_controllers.sh: line 143: [: : integer expression expected
[0;32m[2026-05-29 03:54:29] Step /1569 (0%)[0m
./orchestrate_kl_controllers.sh: line 157: [: : integer expression expected
./orchestrate_kl_controllers.sh: line 139: [: : integer expression expected
./orchestrate_kl_controllers.sh: line 143: [: : integer expression expected
[0;32m[2026-05-29 03:55:29] Step /1569 (0%)[0m
./orchestrate_kl_controllers.sh: line 157: [: : integer expression expected
./orchestrate_kl_controllers.sh: line 139: [: : integer expression expected
./orchestrate_kl_controllers.sh: line 143: [: : integer expression expected
[0;32m[2026-05-29 03:56:29] Step /1569 (0%)[0m
./orchestrate_kl_controllers.sh: line 157: [: : integer expression expected
./orchestrate_kl_controllers.sh: line 139: [: : integer expression expected
./orchestrate_kl_controllers.sh: line 143: [: : integer expression expected
[0;32m[2026-05-29 03:57:29] Step /1569 (0%)[0m
./orchestrate_kl_controllers.sh: line 157: [: : integer expression expected
./orchestrate_kl_controllers.sh: line 139: [: : integer expression expected
./orchestrate_kl_controllers.sh: line 143: [: : integer expression expected
[0;32m[2026-05-29 03:58:29] Step /1569 (0%)[0m
./orchestrate_kl_controllers.sh: line 157: [: : integer expression expected
./orchestrate_kl_controllers.sh: line 139: [: : integer expression expected
./orchestrate_kl_controllers.sh: line 143: [: : integer expression expected
[0;32m[2026-05-29 03:59:29] Step /1569 (0%)[0m
./orchestrate_kl_controllers.sh: line 157: [: : integer expression expected
./orchestrate_kl_controllers.sh: line 139: [: : integer expression expected
./orchestrate_kl_controllers.sh: line 143: [: : integer expression expected
[0;32m[2026-05-29 04:00:29] Step /1569 (0%)[0m
./orchestrate_kl_controllers.sh: line 157: [: : integer expression expected
./orchestrate_kl_controllers.sh: line 139: [: : integer expression expected
./orchestrate_kl_controllers.sh: line 143: [: : integer expression expected
[0;32m[2026-05-29 04:01:29] Step /1569 (0%)[0m
./orchestrate_kl_controllers.sh: line 157: [: : integer expression expected
./orchestrate_kl_controllers.sh: line 139: [: : integer expression expected
./orchestrate_kl_controllers.sh: line 143: [: : integer expression expected
[0;32m[2026-05-29 04:02:30] Step /1569 (0%)[0m
./orchestrate_kl_controllers.sh: line 157: [: : integer expression expected
./orchestrate_kl_controllers.sh: line 139: [: : integer expression expected
./orchestrate_kl_controllers.sh: line 143: [: : integer expression expected
[0;32m[2026-05-29 04:03:30] Step /1569 (0%)[0m
./orchestrate_kl_controllers.sh: line 157: [: : integer expression expected
./orchestrate_kl_controllers.sh: line 139: [: : integer expression expected
./orchestrate_kl_controllers.sh: line 143: [: : integer expression expected
[0;32m[2026-05-29 04:04:30] Step /1569 (0%)[0m
./orchestrate_kl_controllers.sh: line 157: [: : integer expression expected
./orchestrate_kl_controllers.sh: line 139: [: : integer expression expected
./orchestrate_kl_controllers.sh: line 143: [: : integer expression expected
[0;32m[2026-05-29 04:05:30] Step /1569 (0%)[0m
./orchestrate_kl_controllers.sh: line 157: [: : integer expression expected
./orchestrate_kl_controllers.sh: line 139: [: : integer expression expected
./orchestrate_kl_controllers.sh: line 143: [: : integer expression expected
[0;32m[2026-05-29 04:06:30] Step /1569 (0%)[0m
./orchestrate_kl_controllers.sh: line 157: [: : integer expression expected
./orchestrate_kl_controllers.sh: line 139: [: : integer expression expected
./orchestrate_kl_controllers.sh: line 143: [: : integer expression expected
[0;32m[2026-05-29 04:07:30] Step /1569 (0%)[0m
./orchestrate_kl_controllers.sh: line 157: [: : integer expression expected
./orchestrate_kl_controllers.sh: line 139: [: : integer expression expected
./orchestrate_kl_controllers.sh: line 143: [: : integer expression expected
[0;32m[2026-05-29 04:08:30] Step /1569 (0%)[0m
./orchestrate_kl_controllers.sh: line 157: [: : integer expression expected
./orchestrate_kl_controllers.sh: line 139: [: : integer expression expected
./orchestrate_kl_controllers.sh: line 143: [: : integer expression expected
[0;32m[2026-05-29 04:09:30] Step /1569 (0%)[0m
./orchestrate_kl_controllers.sh: line 157: [: : integer expression expected
./orchestrate_kl_controllers.sh: line 139: [: : integer expression expected
./orchestrate_kl_controllers.sh: line 143: [: : integer expression expected
[0;32m[2026-05-29 04:10:30] Step /1569 (0%)[0m
./orchestrate_kl_controllers.sh: line 157: [: : integer expression expected
./orchestrate_kl_controllers.sh: line 139: [: : integer expression expected
./orchestrate_kl_controllers.sh: line 143: [: : integer expression expected
[0;32m[2026-05-29 04:11:30] Step /1569 (0%)[0m
./orchestrate_kl_controllers.sh: line 157: [: : integer expression expected
./orchestrate_kl_controllers.sh: line 139: [: : integer expression expected
./orchestrate_kl_controllers.sh: line 143: [: : integer expression expected
[0;32m[2026-05-29 04:12:30] Step /1569 (0%)[0m
./orchestrate_kl_controllers.sh: line 157: [: : integer expression expected
./orchestrate_kl_controllers.sh: line 139: [: : integer expression expected
./orchestrate_kl_controllers.sh: line 143: [: : integer expression expected
[0;32m[2026-05-29 04:13:30] Step /1569 (0%)[0m
./orchestrate_kl_controllers.sh: line 157: [: : integer expression expected
./orchestrate_kl_controllers.sh: line 139: [: : integer expression expected
./orchestrate_kl_controllers.sh: line 143: [: : integer expression expected
[0;32m[2026-05-29 04:14:30] Step /1569 (0%)[0m
./orchestrate_kl_controllers.sh: line 157: [: : integer expression expected
./orchestrate_kl_controllers.sh: line 139: [: : integer expression expected
./orchestrate_kl_controllers.sh: line 143: [: : integer expression expected
[0;32m[2026-05-29 04:15:30] Step /1569 (0%)[0m
./orchestrate_kl_controllers.sh: line 157: [: : integer expression expected
./orchestrate_kl_controllers.sh: line 139: [: : integer expression expected
./orchestrate_kl_controllers.sh: line 143: [: : integer expression expected
[0;32m[2026-05-29 04:16:30] Step /1569 (0%)[0m
./orchestrate_kl_controllers.sh: line 157: [: : integer expression expected
./orchestrate_kl_controllers.sh: line 139: [: : integer expression expected
./orchestrate_kl_controllers.sh: line 143: [: : integer expression expected
[0;32m[2026-05-29 04:17:30] Step /1569 (0%)[0m
./orchestrate_kl_controllers.sh: line 157: [: : integer expression expected
./orchestrate_kl_controllers.sh: line 139: [: : integer expression expected
./orchestrate_kl_controllers.sh: line 143: [: : integer expression expected
[0;32m[2026-05-29 04:18:30] Step /1569 (0%)[0m
./orchestrate_kl_controllers.sh: line 157: [: : integer expression expected
./orchestrate_kl_controllers.sh: line 139: [: : integer expression expected
./orchestrate_kl_controllers.sh: line 143: [: : integer expression expected
[0;32m[2026-05-29 04:19:30] Step /1569 (0%)[0m
./orchestrate_kl_controllers.sh: line 157: [: : integer expression expected
./orchestrate_kl_controllers.sh: line 139: [: : integer expression expected
./orchestrate_kl_controllers.sh: line 143: [: : integer expression expected
[0;32m[2026-05-29 04:20:30] Step /1569 (0%)[0m
./orchestrate_kl_controllers.sh: line 157: [: : integer expression expected
./orchestrate_kl_controllers.sh: line 139: [: : integer expression expected
./orchestrate_kl_controllers.sh: line 143: [: : integer expression expected
[0;32m[2026-05-29 04:21:30] Step /1569 (0%)[0m
./orchestrate_kl_controllers.sh: line 157: [: : integer expression expected
./orchestrate_kl_controllers.sh: line 139: [: : integer expression expected
./orchestrate_kl_controllers.sh: line 143: [: : integer expression expected
[0;32m[2026-05-29 04:22:30] Step /1569 (0%)[0m
./orchestrate_kl_controllers.sh: line 157: [: : integer expression expected
./orchestrate_kl_controllers.sh: line 139: [: : integer expression expected
./orchestrate_kl_controllers.sh: line 143: [: : integer expression expected
[0;32m[2026-05-29 04:23:30] Step /1569 (0%)[0m
./orchestrate_kl_controllers.sh: line 157: [: : integer expression expected
./orchestrate_kl_controllers.sh: line 139: [: : integer expression expected
./orchestrate_kl_controllers.sh: line 143: [: : integer expression expected
[0;32m[2026-05-29 04:24:30] Step /1569 (0%)[0m
./orchestrate_kl_controllers.sh: line 157: [: : integer expression expected
./orchestrate_kl_controllers.sh: line 139: [: : integer expression expected
./orchestrate_kl_controllers.sh: line 143: [: : integer expression expected
[0;32m[2026-05-29 04:25:30] Step /1569 (0%)[0m
./orchestrate_kl_controllers.sh: line 157: [: : integer expression expected
./orchestrate_kl_controllers.sh: line 139: [: : integer expression expected
./orchestrate_kl_controllers.sh: line 143: [: : integer expression expected
[0;32m[2026-05-29 04:26:30] Step /1569 (0%)[0m
./orchestrate_kl_controllers.sh: line 157: [: : integer expression expected
./orchestrate_kl_controllers.sh: line 139: [: : integer expression expected
./orchestrate_kl_controllers.sh: line 143: [: : integer expression expected
[0;32m[2026-05-29 04:27:31] Step /1569 (0%)[0m
./orchestrate_kl_controllers.sh: line 157: [: : integer expression expected
./orchestrate_kl_controllers.sh: line 139: [: : integer expression expected
./orchestrate_kl_controllers.sh: line 143: [: : integer expression expected
[0;32m[2026-05-29 04:28:31] Step /1569 (0%)[0m
./orchestrate_kl_controllers.sh: line 157: [: : integer expression expected
./orchestrate_kl_controllers.sh: line 139: [: : integer expression expected
./orchestrate_kl_controllers.sh: line 143: [: : integer expression expected
[0;32m[2026-05-29 04:29:31] Step /1569 (0%)[0m
./orchestrate_kl_controllers.sh: line 157: [: : integer expression expected
./orchestrate_kl_controllers.sh: line 139: [: : integer expression expected
./orchestrate_kl_controllers.sh: line 143: [: : integer expression expected
[0;32m[2026-05-29 04:30:31] Step /1569 (0%)[0m
./orchestrate_kl_controllers.sh: line 157: [: : integer expression expected
./orchestrate_kl_controllers.sh: line 139: [: : integer expression expected
./orchestrate_kl_controllers.sh: line 143: [: : integer expression expected
[0;32m[2026-05-29 04:31:31] Step /1569 (0%)[0m
./orchestrate_kl_controllers.sh: line 157: [: : integer expression expected
./orchestrate_kl_controllers.sh: line 139: [: : integer expression expected
./orchestrate_kl_controllers.sh: line 143: [: : integer expression expected
[0;32m[2026-05-29 04:32:31] Step /1569 (0%)[0m
./orchestrate_kl_controllers.sh: line 157: [: : integer expression expected
./orchestrate_kl_controllers.sh: line 139: [: : integer expression expected
./orchestrate_kl_controllers.sh: line 143: [: : integer expression expected
[0;32m[2026-05-29 04:33:31] Step /1569 (0%)[0m
./orchestrate_kl_controllers.sh: line 157: [: : integer expression expected
./orchestrate_kl_controllers.sh: line 139: [: : integer expression expected
./orchestrate_kl_controllers.sh: line 143: [: : integer expression expected
[0;32m[2026-05-29 04:34:31] Step /1569 (0%)[0m
./orchestrate_kl_controllers.sh: line 157: [: : integer expression expected
./orchestrate_kl_controllers.sh: line 139: [: : integer expression expected
./orchestrate_kl_controllers.sh: line 143: [: : integer expression expected
[0;32m[2026-05-29 04:35:31] Step /1569 (0%)[0m
./orchestrate_kl_controllers.sh: line 157: [: : integer expression expected
./orchestrate_kl_controllers.sh: line 139: [: : integer expression expected
./orchestrate_kl_controllers.sh: line 143: [: : integer expression expected
[0;32m[2026-05-29 04:36:31] Step /1569 (0%)[0m
./orchestrate_kl_controllers.sh: line 157: [: : integer expression expected
./orchestrate_kl_controllers.sh: line 139: [: : integer expression expected
./orchestrate_kl_controllers.sh: line 143: [: : integer expression expected
[0;32m[2026-05-29 04:37:31] Step /1569 (0%)[0m
./orchestrate_kl_controllers.sh: line 157: [: : integer expression expected
./orchestrate_kl_controllers.sh: line 139: [: : integer expression expected
./orchestrate_kl_controllers.sh: line 143: [: : integer expression expected
[0;32m[2026-05-29 04:38:31] Step /1569 (0%)[0m
./orchestrate_kl_controllers.sh: line 157: [: : integer expression expected
./orchestrate_kl_controllers.sh: line 139: [: : integer expression expected
./orchestrate_kl_controllers.sh: line 143: [: : integer expression expected
[0;32m[2026-05-29 04:39:31] Step /1569 (0%)[0m
./orchestrate_kl_controllers.sh: line 157: [: : integer expression expected
./orchestrate_kl_controllers.sh: line 139: [: : integer expression expected
./orchestrate_kl_controllers.sh: line 143: [: : integer expression expected
[0;32m[2026-05-29 04:40:31] Step /1569 (0%)[0m
./orchestrate_kl_controllers.sh: line 157: [: : integer expression expected
./orchestrate_kl_controllers.sh: line 139: [: : integer expression expected
./orchestrate_kl_controllers.sh: line 143: [: : integer expression expected
[0;32m[2026-05-29 04:41:31] Step /1569 (0%)[0m
./orchestrate_kl_controllers.sh: line 157: [: : integer expression expected
./orchestrate_kl_controllers.sh: line 139: [: : integer expression expected
./orchestrate_kl_controllers.sh: line 143: [: : integer expression expected
[0;32m[2026-05-29 04:42:31] Step /1569 (0%)[0m
./orchestrate_kl_controllers.sh: line 157: [: : integer expression expected
./orchestrate_kl_controllers.sh: line 139: [: : integer expression expected
./orchestrate_kl_controllers.sh: line 143: [: : integer expression expected
[0;32m[2026-05-29 04:43:31] Step /1569 (0%)[0m
./orchestrate_kl_controllers.sh: line 157: [: : integer expression expected
./orchestrate_kl_controllers.sh: line 139: [: : integer expression expected
./orchestrate_kl_controllers.sh: line 143: [: : integer expression expected
[0;32m[2026-05-29 04:44:31] Step /1569 (0%)[0m
./orchestrate_kl_controllers.sh: line 157: [: : integer expression expected
./orchestrate_kl_controllers.sh: line 139: [: : integer expression expected
./orchestrate_kl_controllers.sh: line 143: [: : integer expression expected
[0;32m[2026-05-29 04:45:31] Step /1569 (0%)[0m
./orchestrate_kl_controllers.sh: line 157: [: : integer expression expected
./orchestrate_kl_controllers.sh: line 139: [: : integer expression expected
./orchestrate_kl_controllers.sh: line 143: [: : integer expression expected
[0;32m[2026-05-29 04:46:31] Step /1569 (0%)[0m
./orchestrate_kl_controllers.sh: line 157: [: : integer expression expected
./orchestrate_kl_controllers.sh: line 139: [: : integer expression expected
./orchestrate_kl_controllers.sh: line 143: [: : integer expression expected
[0;32m[2026-05-29 04:47:31] Step /1569 (0%)[0m
./orchestrate_kl_controllers.sh: line 157: [: : integer expression expected
./orchestrate_kl_controllers.sh: line 139: [: : integer expression expected
./orchestrate_kl_controllers.sh: line 143: [: : integer expression expected
[0;32m[2026-05-29 04:48:31] Step /1569 (0%)[0m
./orchestrate_kl_controllers.sh: line 157: [: : integer expression expected
./orchestrate_kl_controllers.sh: line 139: [: : integer expression expected
./orchestrate_kl_controllers.sh: line 143: [: : integer expression expected
[0;32m[2026-05-29 04:49:32] Step /1569 (0%)[0m
./orchestrate_kl_controllers.sh: line 157: [: : integer expression expected
./orchestrate_kl_controllers.sh: line 139: [: : integer expression expected
./orchestrate_kl_controllers.sh: line 143: [: : integer expression expected
[0;32m[2026-05-29 04:50:32] Step /1569 (0%)[0m
./orchestrate_kl_controllers.sh: line 157: [: : integer expression expected
./orchestrate_kl_controllers.sh: line 139: [: : integer expression expected
./orchestrate_kl_controllers.sh: line 143: [: : integer expression expected
[0;32m[2026-05-29 04:51:32] Step /1569 (0%)[0m
./orchestrate_kl_controllers.sh: line 157: [: : integer expression expected
./orchestrate_kl_controllers.sh: line 139: [: : integer expression expected
./orchestrate_kl_controllers.sh: line 143: [: : integer expression expected
[0;32m[2026-05-29 04:52:32] Step /1569 (0%)[0m
./orchestrate_kl_controllers.sh: line 157: [: : integer expression expected
./orchestrate_kl_controllers.sh: line 139: [: : integer expression expected
./orchestrate_kl_controllers.sh: line 143: [: : integer expression expected
[0;32m[2026-05-29 04:53:32] Step /1569 (0%)[0m
./orchestrate_kl_controllers.sh: line 157: [: : integer expression expected
./orchestrate_kl_controllers.sh: line 139: [: : integer expression expected
./orchestrate_kl_controllers.sh: line 143: [: : integer expression expected
[0;32m[2026-05-29 04:54:32] Step /1569 (0%)[0m
./orchestrate_kl_controllers.sh: line 157: [: : integer expression expected
./orchestrate_kl_controllers.sh: line 139: [: : integer expression expected
./orchestrate_kl_controllers.sh: line 143: [: : integer expression expected
[0;32m[2026-05-29 04:55:32] Step /1569 (0%)[0m
./orchestrate_kl_controllers.sh: line 157: [: : integer expression expected
./orchestrate_kl_controllers.sh: line 139: [: : integer expression expected
./orchestrate_kl_controllers.sh: line 143: [: : integer expression expected
[0;32m[2026-05-29 04:56:32] Step /1569 (0%)[0m
./orchestrate_kl_controllers.sh: line 157: [: : integer expression expected
./orchestrate_kl_controllers.sh: line 139: [: : integer expression expected
./orchestrate_kl_controllers.sh: line 143: [: : integer expression expected
[0;32m[2026-05-29 04:57:32] Step /1569 (0%)[0m
./orchestrate_kl_controllers.sh: line 157: [: : integer expression expected
./orchestrate_kl_controllers.sh: line 139: [: : integer expression expected
./orchestrate_kl_controllers.sh: line 143: [: : integer expression expected
[0;32m[2026-05-29 04:58:32] Step /1569 (0%)[0m
./orchestrate_kl_controllers.sh: line 157: [: : integer expression expected
./orchestrate_kl_controllers.sh: line 139: [: : integer expression expected
./orchestrate_kl_controllers.sh: line 143: [: : integer expression expected
[0;32m[2026-05-29 04:59:32] Step /1569 (0%)[0m
./orchestrate_kl_controllers.sh: line 157: [: : integer expression expected
./orchestrate_kl_controllers.sh: line 139: [: : integer expression expected
./orchestrate_kl_controllers.sh: line 143: [: : integer expression expected
[0;32m[2026-05-29 05:00:32] Step /1569 (0%)[0m
./orchestrate_kl_controllers.sh: line 157: [: : integer expression expected
./orchestrate_kl_controllers.sh: line 139: [: : integer expression expected
./orchestrate_kl_controllers.sh: line 143: [: : integer expression expected
[0;32m[2026-05-29 05:01:32] Step /1569 (0%)[0m
./orchestrate_kl_controllers.sh: line 157: [: : integer expression expected
./orchestrate_kl_controllers.sh: line 139: [: : integer expression expected
./orchestrate_kl_controllers.sh: line 143: [: : integer expression expected
[0;32m[2026-05-29 05:02:32] Step /1569 (0%)[0m
./orchestrate_kl_controllers.sh: line 157: [: : integer expression expected
./orchestrate_kl_controllers.sh: line 139: [: : integer expression expected
./orchestrate_kl_controllers.sh: line 143: [: : integer expression expected
[0;32m[2026-05-29 05:03:32] Step /1569 (0%)[0m
./orchestrate_kl_controllers.sh: line 157: [: : integer expression expected
./orchestrate_kl_controllers.sh: line 139: [: : integer expression expected
./orchestrate_kl_controllers.sh: line 143: [: : integer expression expected
[0;32m[2026-05-29 05:04:32] Step /1569 (0%)[0m
./orchestrate_kl_controllers.sh: line 157: [: : integer expression expected
./orchestrate_kl_controllers.sh: line 139: [: : integer expression expected
./orchestrate_kl_controllers.sh: line 143: [: : integer expression expected
[0;32m[2026-05-29 05:05:32] Step /1569 (0%)[0m
./orchestrate_kl_controllers.sh: line 157: [: : integer expression expected
./orchestrate_kl_controllers.sh: line 139: [: : integer expression expected
./orchestrate_kl_controllers.sh: line 143: [: : integer expression expected
[0;32m[2026-05-29 05:06:32] Step /1569 (0%)[0m
./orchestrate_kl_controllers.sh: line 157: [: : integer expression expected
./orchestrate_kl_controllers.sh: line 139: [: : integer expression expected
./orchestrate_kl_controllers.sh: line 143: [: : integer expression expected
[0;32m[2026-05-29 05:07:32] Step /1569 (0%)[0m
./orchestrate_kl_controllers.sh: line 157: [: : integer expression expected
./orchestrate_kl_controllers.sh: line 139: [: : integer expression expected
./orchestrate_kl_controllers.sh: line 143: [: : integer expression expected
[0;32m[2026-05-29 05:08:32] Step /1569 (0%)[0m
./orchestrate_kl_controllers.sh: line 157: [: : integer expression expected
./orchestrate_kl_controllers.sh: line 139: [: : integer expression expected
./orchestrate_kl_controllers.sh: line 143: [: : integer expression expected
[0;32m[2026-05-29 05:09:32] Step /1569 (0%)[0m
./orchestrate_kl_controllers.sh: line 157: [: : integer expression expected
./orchestrate_kl_controllers.sh: line 139: [: : integer expression expected
./orchestrate_kl_controllers.sh: line 143: [: : integer expression expected
[0;32m[2026-05-29 05:10:32] Step /1569 (0%)[0m
./orchestrate_kl_controllers.sh: line 157: [: : integer expression expected
./orchestrate_kl_controllers.sh: line 139: [: : integer expression expected
./orchestrate_kl_controllers.sh: line 143: [: : integer expression expected
[0;32m[2026-05-29 05:11:32] Step /1569 (0%)[0m
./orchestrate_kl_controllers.sh: line 157: [: : integer expression expected
./orchestrate_kl_controllers.sh: line 139: [: : integer expression expected
./orchestrate_kl_controllers.sh: line 143: [: : integer expression expected
[0;32m[2026-05-29 05:12:32] Step /1569 (0%)[0m
./orchestrate_kl_controllers.sh: line 157: [: : integer expression expected
./orchestrate_kl_controllers.sh: line 139: [: : integer expression expected
./orchestrate_kl_controllers.sh: line 143: [: : integer expression expected
[0;32m[2026-05-29 05:13:33] Step /1569 (0%)[0m
./orchestrate_kl_controllers.sh: line 157: [: : integer expression expected
./orchestrate_kl_controllers.sh: line 139: [: : integer expression expected
./orchestrate_kl_controllers.sh: line 143: [: : integer expression expected
[0;32m[2026-05-29 05:14:33] Step /1569 (0%)[0m
./orchestrate_kl_controllers.sh: line 157: [: : integer expression expected
./orchestrate_kl_controllers.sh: line 139: [: : integer expression expected
./orchestrate_kl_controllers.sh: line 143: [: : integer expression expected
[0;32m[2026-05-29 05:15:33] Step /1569 (0%)[0m
./orchestrate_kl_controllers.sh: line 157: [: : integer expression expected
./orchestrate_kl_controllers.sh: line 139: [: : integer expression expected
./orchestrate_kl_controllers.sh: line 143: [: : integer expression expected
[0;32m[2026-05-29 05:16:33] Step /1569 (0%)[0m
./orchestrate_kl_controllers.sh: line 157: [: : integer expression expected
./orchestrate_kl_controllers.sh: line 139: [: : integer expression expected
./orchestrate_kl_controllers.sh: line 143: [: : integer expression expected
[0;32m[2026-05-29 05:17:33] Step /1569 (0%)[0m
./orchestrate_kl_controllers.sh: line 157: [: : integer expression expected
./orchestrate_kl_controllers.sh: line 139: [: : integer expression expected
./orchestrate_kl_controllers.sh: line 143: [: : integer expression expected
[0;32m[2026-05-29 05:18:33] Step /1569 (0%)[0m
./orchestrate_kl_controllers.sh: line 157: [: : integer expression expected
./orchestrate_kl_controllers.sh: line 139: [: : integer expression expected
./orchestrate_kl_controllers.sh: line 143: [: : integer expression expected
[0;32m[2026-05-29 05:19:33] Step /1569 (0%)[0m
./orchestrate_kl_controllers.sh: line 157: [: : integer expression expected
./orchestrate_kl_controllers.sh: line 139: [: : integer expression expected
./orchestrate_kl_controllers.sh: line 143: [: : integer expression expected
[0;32m[2026-05-29 05:20:33] Step /1569 (0%)[0m
./orchestrate_kl_controllers.sh: line 157: [: : integer expression expected
./orchestrate_kl_controllers.sh: line 139: [: : integer expression expected
./orchestrate_kl_controllers.sh: line 143: [: : integer expression expected
[0;32m[2026-05-29 05:21:33] Step /1569 (0%)[0m
./orchestrate_kl_controllers.sh: line 157: [: : integer expression expected
./orchestrate_kl_controllers.sh: line 139: [: : integer expression expected
./orchestrate_kl_controllers.sh: line 143: [: : integer expression expected
[0;32m[2026-05-29 05:22:33] Step /1569 (0%)[0m
./orchestrate_kl_controllers.sh: line 157: [: : integer expression expected
./orchestrate_kl_controllers.sh: line 139: [: : integer expression expected
./orchestrate_kl_controllers.sh: line 143: [: : integer expression expected
[0;32m[2026-05-29 05:23:33] Step /1569 (0%)[0m
./orchestrate_kl_controllers.sh: line 157: [: : integer expression expected
./orchestrate_kl_controllers.sh: line 139: [: : integer expression expected
./orchestrate_kl_controllers.sh: line 143: [: : integer expression expected
[0;32m[2026-05-29 05:24:33] Step /1569 (0%)[0m
./orchestrate_kl_controllers.sh: line 157: [: : integer expression expected
./orchestrate_kl_controllers.sh: line 139: [: : integer expression expected
./orchestrate_kl_controllers.sh: line 143: [: : integer expression expected
[0;32m[2026-05-29 05:25:33] Step /1569 (0%)[0m
./orchestrate_kl_controllers.sh: line 157: [: : integer expression expected
./orchestrate_kl_controllers.sh: line 139: [: : integer expression expected
./orchestrate_kl_controllers.sh: line 143: [: : integer expression expected
[0;32m[2026-05-29 05:26:33] Step /1569 (0%)[0m
./orchestrate_kl_controllers.sh: line 157: [: : integer expression expected
./orchestrate_kl_controllers.sh: line 139: [: : integer expression expected
./orchestrate_kl_controllers.sh: line 143: [: : integer expression expected
[0;32m[2026-05-29 05:27:33] Step /1569 (0%)[0m
./orchestrate_kl_controllers.sh: line 157: [: : integer expression expected
./orchestrate_kl_controllers.sh: line 139: [: : integer expression expected
./orchestrate_kl_controllers.sh: line 143: [: : integer expression expected
[0;32m[2026-05-29 05:28:33] Step /1569 (0%)[0m
./orchestrate_kl_controllers.sh: line 157: [: : integer expression expected
./orchestrate_kl_controllers.sh: line 139: [: : integer expression expected
./orchestrate_kl_controllers.sh: line 143: [: : integer expression expected
[0;32m[2026-05-29 05:29:33] Step /1569 (0%)[0m
./orchestrate_kl_controllers.sh: line 157: [: : integer expression expected
./orchestrate_kl_controllers.sh: line 139: [: : integer expression expected
./orchestrate_kl_controllers.sh: line 143: [: : integer expression expected
[0;32m[2026-05-29 05:30:33] Step /1569 (0%)[0m
./orchestrate_kl_controllers.sh: line 157: [: : integer expression expected
./orchestrate_kl_controllers.sh: line 139: [: : integer expression expected
./orchestrate_kl_controllers.sh: line 143: [: : integer expression expected
[0;32m[2026-05-29 05:31:33] Step /1569 (0%)[0m
./orchestrate_kl_controllers.sh: line 157: [: : integer expression expected
./orchestrate_kl_controllers.sh: line 139: [: : integer expression expected
./orchestrate_kl_controllers.sh: line 143: [: : integer expression expected
[0;32m[2026-05-29 05:32:33] Step /1569 (0%)[0m
./orchestrate_kl_controllers.sh: line 157: [: : integer expression expected
./orchestrate_kl_controllers.sh: line 139: [: : integer expression expected
./orchestrate_kl_controllers.sh: line 143: [: : integer expression expected
[0;32m[2026-05-29 05:33:33] Step /1569 (0%)[0m
./orchestrate_kl_controllers.sh: line 157: [: : integer expression expected
./orchestrate_kl_controllers.sh: line 139: [: : integer expression expected
./orchestrate_kl_controllers.sh: line 143: [: : integer expression expected
[0;32m[2026-05-29 05:34:33] Step /1569 (0%)[0m
./orchestrate_kl_controllers.sh: line 157: [: : integer expression expected
./orchestrate_kl_controllers.sh: line 139: [: : integer expression expected
./orchestrate_kl_controllers.sh: line 143: [: : integer expression expected
[0;32m[2026-05-29 05:35:33] Step /1569 (0%)[0m
./orchestrate_kl_controllers.sh: line 157: [: : integer expression expected
./orchestrate_kl_controllers.sh: line 139: [: : integer expression expected
./orchestrate_kl_controllers.sh: line 143: [: : integer expression expected
[0;32m[2026-05-29 05:36:33] Step /1569 (0%)[0m
./orchestrate_kl_controllers.sh: line 157: [: : integer expression expected
./orchestrate_kl_controllers.sh: line 139: [: : integer expression expected
./orchestrate_kl_controllers.sh: line 143: [: : integer expression expected
[0;32m[2026-05-29 05:37:34] Step /1569 (0%)[0m
./orchestrate_kl_controllers.sh: line 157: [: : integer expression expected
./orchestrate_kl_controllers.sh: line 139: [: : integer expression expected
./orchestrate_kl_controllers.sh: line 143: [: : integer expression expected
[0;32m[2026-05-29 05:38:34] Step /1569 (0%)[0m
./orchestrate_kl_controllers.sh: line 157: [: : integer expression expected
./orchestrate_kl_controllers.sh: line 139: [: : integer expression expected
./orchestrate_kl_controllers.sh: line 143: [: : integer expression expected
[0;32m[2026-05-29 05:39:34] Step /1569 (0%)[0m
./orchestrate_kl_controllers.sh: line 157: [: : integer expression expected
./orchestrate_kl_controllers.sh: line 139: [: : integer expression expected
./orchestrate_kl_controllers.sh: line 143: [: : integer expression expected
[0;32m[2026-05-29 05:40:34] Step /1569 (0%)[0m
./orchestrate_kl_controllers.sh: line 157: [: : integer expression expected
./orchestrate_kl_controllers.sh: line 139: [: : integer expression expected
./orchestrate_kl_controllers.sh: line 143: [: : integer expression expected
[0;32m[2026-05-29 05:41:34] Step /1569 (0%)[0m
./orchestrate_kl_controllers.sh: line 157: [: : integer expression expected
./orchestrate_kl_controllers.sh: line 139: [: : integer expression expected
./orchestrate_kl_controllers.sh: line 143: [: : integer expression expected
[0;32m[2026-05-29 05:42:34] Step /1569 (0%)[0m
./orchestrate_kl_controllers.sh: line 157: [: : integer expression expected
./orchestrate_kl_controllers.sh: line 139: [: : integer expression expected
./orchestrate_kl_controllers.sh: line 143: [: : integer expression expected
[0;32m[2026-05-29 05:43:34] Step /1569 (0%)[0m
./orchestrate_kl_controllers.sh: line 157: [: : integer expression expected
./orchestrate_kl_controllers.sh: line 139: [: : integer expression expected
./orchestrate_kl_controllers.sh: line 143: [: : integer expression expected
[0;32m[2026-05-29 05:44:34] Step /1569 (0%)[0m
./orchestrate_kl_controllers.sh: line 157: [: : integer expression expected
./orchestrate_kl_controllers.sh: line 139: [: : integer expression expected
./orchestrate_kl_controllers.sh: line 143: [: : integer expression expected
[0;32m[2026-05-29 05:45:34] Step /1569 (0%)[0m
./orchestrate_kl_controllers.sh: line 157: [: : integer expression expected
./orchestrate_kl_controllers.sh: line 139: [: : integer expression expected
./orchestrate_kl_controllers.sh: line 143: [: : integer expression expected
[0;32m[2026-05-29 05:46:34] Step /1569 (0%)[0m
./orchestrate_kl_controllers.sh: line 157: [: : integer expression expected
./orchestrate_kl_controllers.sh: line 139: [: : integer expression expected
./orchestrate_kl_controllers.sh: line 143: [: : integer expression expected
[0;32m[2026-05-29 05:47:34] Step /1569 (0%)[0m
./orchestrate_kl_controllers.sh: line 157: [: : integer expression expected
./orchestrate_kl_controllers.sh: line 139: [: : integer expression expected
./orchestrate_kl_controllers.sh: line 143: [: : integer expression expected
[0;32m[2026-05-29 05:48:34] Step /1569 (0%)[0m
./orchestrate_kl_controllers.sh: line 157: [: : integer expression expected
./orchestrate_kl_controllers.sh: line 139: [: : integer expression expected
./orchestrate_kl_controllers.sh: line 143: [: : integer expression expected
[0;32m[2026-05-29 05:49:34] Step /1569 (0%)[0m
./orchestrate_kl_controllers.sh: line 157: [: : integer expression expected
./orchestrate_kl_controllers.sh: line 139: [: : integer expression expected
./orchestrate_kl_controllers.sh: line 143: [: : integer expression expected
[0;32m[2026-05-29 05:50:34] Step /1569 (0%)[0m
./orchestrate_kl_controllers.sh: line 157: [: : integer expression expected
./orchestrate_kl_controllers.sh: line 139: [: : integer expression expected
./orchestrate_kl_controllers.sh: line 143: [: : integer expression expected
[0;32m[2026-05-29 05:51:34] Step /1569 (0%)[0m
./orchestrate_kl_controllers.sh: line 157: [: : integer expression expected
./orchestrate_kl_controllers.sh: line 139: [: : integer expression expected
./orchestrate_kl_controllers.sh: line 143: [: : integer expression expected
[0;32m[2026-05-29 05:52:34] Step /1569 (0%)[0m
./orchestrate_kl_controllers.sh: line 157: [: : integer expression expected
./orchestrate_kl_controllers.sh: line 139: [: : integer expression expected
./orchestrate_kl_controllers.sh: line 143: [: : integer expression expected
[0;32m[2026-05-29 05:53:34] Step /1569 (0%)[0m
./orchestrate_kl_controllers.sh: line 157: [: : integer expression expected
./orchestrate_kl_controllers.sh: line 139: [: : integer expression expected
./orchestrate_kl_controllers.sh: line 143: [: : integer expression expected
[0;32m[2026-05-29 05:54:34] Step /1569 (0%)[0m
./orchestrate_kl_controllers.sh: line 157: [: : integer expression expected
./orchestrate_kl_controllers.sh: line 139: [: : integer expression expected
./orchestrate_kl_controllers.sh: line 143: [: : integer expression expected
[0;32m[2026-05-29 05:55:34] Step /1569 (0%)[0m
./orchestrate_kl_controllers.sh: line 157: [: : integer expression expected
./orchestrate_kl_controllers.sh: line 139: [: : integer expression expected
./orchestrate_kl_controllers.sh: line 143: [: : integer expression expected
[0;32m[2026-05-29 05:56:34] Step /1569 (0%)[0m
./orchestrate_kl_controllers.sh: line 157: [: : integer expression expected
./orchestrate_kl_controllers.sh: line 139: [: : integer expression expected
./orchestrate_kl_controllers.sh: line 143: [: : integer expression expected
[0;32m[2026-05-29 05:57:34] Step /1569 (0%)[0m
./orchestrate_kl_controllers.sh: line 157: [: : integer expression expected
./orchestrate_kl_controllers.sh: line 139: [: : integer expression expected
./orchestrate_kl_controllers.sh: line 143: [: : integer expression expected
[0;32m[2026-05-29 05:58:34] Step /1569 (0%)[0m
./orchestrate_kl_controllers.sh: line 157: [: : integer expression expected
./orchestrate_kl_controllers.sh: line 139: [: : integer expression expected
./orchestrate_kl_controllers.sh: line 143: [: : integer expression expected
[0;32m[2026-05-29 05:59:34] Step /1569 (0%)[0m
./orchestrate_kl_controllers.sh: line 157: [: : integer expression expected
./orchestrate_kl_controllers.sh: line 139: [: : integer expression expected
./orchestrate_kl_controllers.sh: line 143: [: : integer expression expected
[0;32m[2026-05-29 06:00:34] Step /1569 (0%)[0m
./orchestrate_kl_controllers.sh: line 157: [: : integer expression expected
./orchestrate_kl_controllers.sh: line 139: [: : integer expression expected
./orchestrate_kl_controllers.sh: line 143: [: : integer expression expected
[0;32m[2026-05-29 06:01:34] Step /1569 (0%)[0m
./orchestrate_kl_controllers.sh: line 157: [: : integer expression expected
./orchestrate_kl_controllers.sh: line 139: [: : integer expression expected
./orchestrate_kl_controllers.sh: line 143: [: : integer expression expected
[0;32m[2026-05-29 06:02:35] Step /1569 (0%)[0m
./orchestrate_kl_controllers.sh: line 157: [: : integer expression expected
./orchestrate_kl_controllers.sh: line 139: [: : integer expression expected
./orchestrate_kl_controllers.sh: line 143: [: : integer expression expected
[0;32m[2026-05-29 06:03:35] Step /1569 (0%)[0m
./orchestrate_kl_controllers.sh: line 157: [: : integer expression expected
./orchestrate_kl_controllers.sh: line 139: [: : integer expression expected
./orchestrate_kl_controllers.sh: line 143: [: : integer expression expected
[0;32m[2026-05-29 06:04:35] Step /1569 (0%)[0m
./orchestrate_kl_controllers.sh: line 157: [: : integer expression expected
./orchestrate_kl_controllers.sh: line 139: [: : integer expression expected
./orchestrate_kl_controllers.sh: line 143: [: : integer expression expected
[0;32m[2026-05-29 06:05:35] Step /1569 (0%)[0m
./orchestrate_kl_controllers.sh: line 157: [: : integer expression expected
./orchestrate_kl_controllers.sh: line 139: [: : integer expression expected
./orchestrate_kl_controllers.sh: line 143: [: : integer expression expected
[0;32m[2026-05-29 06:06:35] Step /1569 (0%)[0m
./orchestrate_kl_controllers.sh: line 157: [: : integer expression expected
./orchestrate_kl_controllers.sh: line 139: [: : integer expression expected
./orchestrate_kl_controllers.sh: line 143: [: : integer expression expected
[0;32m[2026-05-29 06:07:35] Step /1569 (0%)[0m
./orchestrate_kl_controllers.sh: line 157: [: : integer expression expected
./orchestrate_kl_controllers.sh: line 139: [: : integer expression expected
./orchestrate_kl_controllers.sh: line 143: [: : integer expression expected
[0;32m[2026-05-29 06:08:35] Step /1569 (0%)[0m
./orchestrate_kl_controllers.sh: line 157: [: : integer expression expected
./orchestrate_kl_controllers.sh: line 139: [: : integer expression expected
./orchestrate_kl_controllers.sh: line 143: [: : integer expression expected
[0;32m[2026-05-29 06:09:35] Step /1569 (0%)[0m
./orchestrate_kl_controllers.sh: line 157: [: : integer expression expected
./orchestrate_kl_controllers.sh: line 139: [: : integer expression expected
./orchestrate_kl_controllers.sh: line 143: [: : integer expression expected
[0;32m[2026-05-29 06:10:35] Step /1569 (0%)[0m
./orchestrate_kl_controllers.sh: line 157: [: : integer expression expected
./orchestrate_kl_controllers.sh: line 139: [: : integer expression expected
./orchestrate_kl_controllers.sh: line 143: [: : integer expression expected
[0;32m[2026-05-29 06:11:35] Step /1569 (0%)[0m
./orchestrate_kl_controllers.sh: line 157: [: : integer expression expected
./orchestrate_kl_controllers.sh: line 139: [: : integer expression expected
./orchestrate_kl_controllers.sh: line 143: [: : integer expression expected
[0;32m[2026-05-29 06:12:35] Step /1569 (0%)[0m
./orchestrate_kl_controllers.sh: line 157: [: : integer expression expected
./orchestrate_kl_controllers.sh: line 139: [: : integer expression expected
./orchestrate_kl_controllers.sh: line 143: [: : integer expression expected
[0;32m[2026-05-29 06:13:35] Step /1569 (0%)[0m
./orchestrate_kl_controllers.sh: line 157: [: : integer expression expected
./orchestrate_kl_controllers.sh: line 139: [: : integer expression expected
./orchestrate_kl_controllers.sh: line 143: [: : integer expression expected
[0;32m[2026-05-29 06:14:35] Step /1569 (0%)[0m
./orchestrate_kl_controllers.sh: line 157: [: : integer expression expected
./orchestrate_kl_controllers.sh: line 139: [: : integer expression expected
./orchestrate_kl_controllers.sh: line 143: [: : integer expression expected
[0;32m[2026-05-29 06:15:35] Step /1569 (0%)[0m
./orchestrate_kl_controllers.sh: line 157: [: : integer expression expected
./orchestrate_kl_controllers.sh: line 139: [: : integer expression expected
./orchestrate_kl_controllers.sh: line 143: [: : integer expression expected
[0;32m[2026-05-29 06:16:35] Step /1569 (0%)[0m
./orchestrate_kl_controllers.sh: line 157: [: : integer expression expected
./orchestrate_kl_controllers.sh: line 139: [: : integer expression expected
./orchestrate_kl_controllers.sh: line 143: [: : integer expression expected
[0;32m[2026-05-29 06:17:35] Step /1569 (0%)[0m
./orchestrate_kl_controllers.sh: line 157: [: : integer expression expected
./orchestrate_kl_controllers.sh: line 139: [: : integer expression expected
./orchestrate_kl_controllers.sh: line 143: [: : integer expression expected
[0;32m[2026-05-29 06:18:35] Step /1569 (0%)[0m
./orchestrate_kl_controllers.sh: line 157: [: : integer expression expected
./orchestrate_kl_controllers.sh: line 139: [: : integer expression expected
./orchestrate_kl_controllers.sh: line 143: [: : integer expression expected
[0;32m[2026-05-29 06:19:35] Step /1569 (0%)[0m
./orchestrate_kl_controllers.sh: line 157: [: : integer expression expected
./orchestrate_kl_controllers.sh: line 139: [: : integer expression expected
./orchestrate_kl_controllers.sh: line 143: [: : integer expression expected
[0;32m[2026-05-29 06:20:35] Step /1569 (0%)[0m
./orchestrate_kl_controllers.sh: line 157: [: : integer expression expected
./orchestrate_kl_controllers.sh: line 139: [: : integer expression expected
./orchestrate_kl_controllers.sh: line 143: [: : integer expression expected
[0;32m[2026-05-29 06:21:35] Step /1569 (0%)[0m
./orchestrate_kl_controllers.sh: line 157: [: : integer expression expected
./orchestrate_kl_controllers.sh: line 139: [: : integer expression expected
./orchestrate_kl_controllers.sh: line 143: [: : integer expression expected
[0;32m[2026-05-29 06:22:35] Step /1569 (0%)[0m
./orchestrate_kl_controllers.sh: line 157: [: : integer expression expected
./orchestrate_kl_controllers.sh: line 139: [: : integer expression expected
./orchestrate_kl_controllers.sh: line 143: [: : integer expression expected
[0;32m[2026-05-29 06:23:35] Step /1569 (0%)[0m
./orchestrate_kl_controllers.sh: line 157: [: : integer expression expected
./orchestrate_kl_controllers.sh: line 139: [: : integer expression expected
./orchestrate_kl_controllers.sh: line 143: [: : integer expression expected
[0;32m[2026-05-29 06:24:35] Step /1569 (0%)[0m
./orchestrate_kl_controllers.sh: line 157: [: : integer expression expected
./orchestrate_kl_controllers.sh: line 139: [: : integer expression expected
./orchestrate_kl_controllers.sh: line 143: [: : integer expression expected
[0;32m[2026-05-29 06:25:35] Step /1569 (0%)[0m
./orchestrate_kl_controllers.sh: line 157: [: : integer expression expected
./orchestrate_kl_controllers.sh: line 139: [: : integer expression expected
./orchestrate_kl_controllers.sh: line 143: [: : integer expression expected
[0;32m[2026-05-29 06:26:36] Step /1569 (0%)[0m
./orchestrate_kl_controllers.sh: line 157: [: : integer expression expected
./orchestrate_kl_controllers.sh: line 139: [: : integer expression expected
./orchestrate_kl_controllers.sh: line 143: [: : integer expression expected
[0;32m[2026-05-29 06:27:36] Step /1569 (0%)[0m
./orchestrate_kl_controllers.sh: line 157: [: : integer expression expected
./orchestrate_kl_controllers.sh: line 139: [: : integer expression expected
./orchestrate_kl_controllers.sh: line 143: [: : integer expression expected
[0;32m[2026-05-29 06:28:36] Step /1569 (0%)[0m
./orchestrate_kl_controllers.sh: line 157: [: : integer expression expected
./orchestrate_kl_controllers.sh: line 139: [: : integer expression expected
./orchestrate_kl_controllers.sh: line 143: [: : integer expression expected
[0;32m[2026-05-29 06:29:36] Step /1569 (0%)[0m
./orchestrate_kl_controllers.sh: line 157: [: : integer expression expected
./orchestrate_kl_controllers.sh: line 139: [: : integer expression expected
./orchestrate_kl_controllers.sh: line 143: [: : integer expression expected
[0;32m[2026-05-29 06:30:36] Step /1569 (0%)[0m
./orchestrate_kl_controllers.sh: line 157: [: : integer expression expected
./orchestrate_kl_controllers.sh: line 139: [: : integer expression expected
./orchestrate_kl_controllers.sh: line 143: [: : integer expression expected
[0;32m[2026-05-29 06:31:36] Step /1569 (0%)[0m
./orchestrate_kl_controllers.sh: line 157: [: : integer expression expected
./orchestrate_kl_controllers.sh: line 139: [: : integer expression expected
./orchestrate_kl_controllers.sh: line 143: [: : integer expression expected
[0;32m[2026-05-29 06:32:36] Step /1569 (0%)[0m
./orchestrate_kl_controllers.sh: line 157: [: : integer expression expected
./orchestrate_kl_controllers.sh: line 139: [: : integer expression expected
./orchestrate_kl_controllers.sh: line 143: [: : integer expression expected
[0;32m[2026-05-29 06:33:36] Step /1569 (0%)[0m
./orchestrate_kl_controllers.sh: line 157: [: : integer expression expected
./orchestrate_kl_controllers.sh: line 139: [: : integer expression expected
./orchestrate_kl_controllers.sh: line 143: [: : integer expression expected
[0;32m[2026-05-29 06:34:36] Step /1569 (0%)[0m
./orchestrate_kl_controllers.sh: line 157: [: : integer expression expected
./orchestrate_kl_controllers.sh: line 139: [: : integer expression expected
./orchestrate_kl_controllers.sh: line 143: [: : integer expression expected
[0;32m[2026-05-29 06:35:36] Step /1569 (0%)[0m
./orchestrate_kl_controllers.sh: line 157: [: : integer expression expected
./orchestrate_kl_controllers.sh: line 139: [: : integer expression expected
./orchestrate_kl_controllers.sh: line 143: [: : integer expression expected
[0;32m[2026-05-29 06:36:36] Step /1569 (0%)[0m
./orchestrate_kl_controllers.sh: line 157: [: : integer expression expected
./orchestrate_kl_controllers.sh: line 139: [: : integer expression expected
./orchestrate_kl_controllers.sh: line 143: [: : integer expression expected
[0;32m[2026-05-29 06:37:36] Step /1569 (0%)[0m
./orchestrate_kl_controllers.sh: line 157: [: : integer expression expected
./orchestrate_kl_controllers.sh: line 139: [: : integer expression expected
./orchestrate_kl_controllers.sh: line 143: [: : integer expression expected
[0;32m[2026-05-29 06:38:36] Step /1569 (0%)[0m
./orchestrate_kl_controllers.sh: line 157: [: : integer expression expected
./orchestrate_kl_controllers.sh: line 139: [: : integer expression expected
./orchestrate_kl_controllers.sh: line 143: [: : integer expression expected
[0;32m[2026-05-29 06:39:36] Step /1569 (0%)[0m
./orchestrate_kl_controllers.sh: line 157: [: : integer expression expected
./orchestrate_kl_controllers.sh: line 139: [: : integer expression expected
./orchestrate_kl_controllers.sh: line 143: [: : integer expression expected
[0;32m[2026-05-29 06:40:36] Step /1569 (0%)[0m
./orchestrate_kl_controllers.sh: line 157: [: : integer expression expected
./orchestrate_kl_controllers.sh: line 139: [: : integer expression expected
./orchestrate_kl_controllers.sh: line 143: [: : integer expression expected
[0;32m[2026-05-29 06:41:36] Step /1569 (0%)[0m
./orchestrate_kl_controllers.sh: line 157: [: : integer expression expected
./orchestrate_kl_controllers.sh: line 139: [: : integer expression expected
./orchestrate_kl_controllers.sh: line 143: [: : integer expression expected
[0;32m[2026-05-29 06:42:36] Step /1569 (0%)[0m
./orchestrate_kl_controllers.sh: line 157: [: : integer expression expected
./orchestrate_kl_controllers.sh: line 139: [: : integer expression expected
./orchestrate_kl_controllers.sh: line 143: [: : integer expression expected
[0;32m[2026-05-29 06:43:36] Step /1569 (0%)[0m
./orchestrate_kl_controllers.sh: line 157: [: : integer expression expected
./orchestrate_kl_controllers.sh: line 139: [: : integer expression expected
./orchestrate_kl_controllers.sh: line 143: [: : integer expression expected
[0;32m[2026-05-29 06:44:36] Step /1569 (0%)[0m
./orchestrate_kl_controllers.sh: line 157: [: : integer expression expected
./orchestrate_kl_controllers.sh: line 139: [: : integer expression expected
./orchestrate_kl_controllers.sh: line 143: [: : integer expression expected
[0;32m[2026-05-29 06:45:36] Step /1569 (0%)[0m
./orchestrate_kl_controllers.sh: line 157: [: : integer expression expected
./orchestrate_kl_controllers.sh: line 139: [: : integer expression expected
./orchestrate_kl_controllers.sh: line 143: [: : integer expression expected
[0;32m[2026-05-29 06:46:36] Step /1569 (0%)[0m
./orchestrate_kl_controllers.sh: line 157: [: : integer expression expected
./orchestrate_kl_controllers.sh: line 139: [: : integer expression expected
./orchestrate_kl_controllers.sh: line 143: [: : integer expression expected
[0;32m[2026-05-29 06:47:36] Step /1569 (0%)[0m
./orchestrate_kl_controllers.sh: line 157: [: : integer expression expected
./orchestrate_kl_controllers.sh: line 139: [: : integer expression expected
./orchestrate_kl_controllers.sh: line 143: [: : integer expression expected
[0;32m[2026-05-29 06:48:36] Step /1569 (0%)[0m
./orchestrate_kl_controllers.sh: line 157: [: : integer expression expected
./orchestrate_kl_controllers.sh: line 139: [: : integer expression expected
./orchestrate_kl_controllers.sh: line 143: [: : integer expression expected
[0;32m[2026-05-29 06:49:36] Step /1569 (0%)[0m
./orchestrate_kl_controllers.sh: line 157: [: : integer expression expected
./orchestrate_kl_controllers.sh: line 139: [: : integer expression expected
./orchestrate_kl_controllers.sh: line 143: [: : integer expression expected
[0;32m[2026-05-29 06:50:36] Step /1569 (0%)[0m
./orchestrate_kl_controllers.sh: line 157: [: : integer expression expected
./orchestrate_kl_controllers.sh: line 139: [: : integer expression expected
./orchestrate_kl_controllers.sh: line 143: [: : integer expression expected
[0;32m[2026-05-29 06:51:37] Step /1569 (0%)[0m
./orchestrate_kl_controllers.sh: line 157: [: : integer expression expected
./orchestrate_kl_controllers.sh: line 139: [: : integer expression expected
./orchestrate_kl_controllers.sh: line 143: [: : integer expression expected
[0;32m[2026-05-29 06:52:37] Step /1569 (0%)[0m
./orchestrate_kl_controllers.sh: line 157: [: : integer expression expected
./orchestrate_kl_controllers.sh: line 139: [: : integer expression expected
./orchestrate_kl_controllers.sh: line 143: [: : integer expression expected
[0;32m[2026-05-29 06:53:37] Step /1569 (0%)[0m
./orchestrate_kl_controllers.sh: line 157: [: : integer expression expected
./orchestrate_kl_controllers.sh: line 139: [: : integer expression expected
./orchestrate_kl_controllers.sh: line 143: [: : integer expression expected
[0;32m[2026-05-29 06:54:37] Step /1569 (0%)[0m
./orchestrate_kl_controllers.sh: line 157: [: : integer expression expected
./orchestrate_kl_controllers.sh: line 139: [: : integer expression expected
./orchestrate_kl_controllers.sh: line 143: [: : integer expression expected
[0;32m[2026-05-29 06:55:37] Step /1569 (0%)[0m
./orchestrate_kl_controllers.sh: line 157: [: : integer expression expected
./orchestrate_kl_controllers.sh: line 139: [: : integer expression expected
./orchestrate_kl_controllers.sh: line 143: [: : integer expression expected
[0;32m[2026-05-29 06:56:37] Step /1569 (0%)[0m
./orchestrate_kl_controllers.sh: line 157: [: : integer expression expected
./orchestrate_kl_controllers.sh: line 139: [: : integer expression expected
./orchestrate_kl_controllers.sh: line 143: [: : integer expression expected
[0;32m[2026-05-29 06:57:37] Step /1569 (0%)[0m
./orchestrate_kl_controllers.sh: line 157: [: : integer expression expected
./orchestrate_kl_controllers.sh: line 139: [: : integer expression expected
./orchestrate_kl_controllers.sh: line 143: [: : integer expression expected
[0;32m[2026-05-29 06:58:37] Step /1569 (0%)[0m
./orchestrate_kl_controllers.sh: line 157: [: : integer expression expected
./orchestrate_kl_controllers.sh: line 139: [: : integer expression expected
./orchestrate_kl_controllers.sh: line 143: [: : integer expression expected
[0;32m[2026-05-29 06:59:37] Step /1569 (0%)[0m
./orchestrate_kl_controllers.sh: line 157: [: : integer expression expected
./orchestrate_kl_controllers.sh: line 139: [: : integer expression expected
./orchestrate_kl_controllers.sh: line 143: [: : integer expression expected
[0;32m[2026-05-29 07:00:37] Step /1569 (0%)[0m
./orchestrate_kl_controllers.sh: line 157: [: : integer expression expected
./orchestrate_kl_controllers.sh: line 139: [: : integer expression expected
./orchestrate_kl_controllers.sh: line 143: [: : integer expression expected
[0;32m[2026-05-29 07:01:37] Step /1569 (0%)[0m
./orchestrate_kl_controllers.sh: line 157: [: : integer expression expected
./orchestrate_kl_controllers.sh: line 139: [: : integer expression expected
./orchestrate_kl_controllers.sh: line 143: [: : integer expression expected
[0;32m[2026-05-29 07:02:37] Step /1569 (0%)[0m
./orchestrate_kl_controllers.sh: line 157: [: : integer expression expected
./orchestrate_kl_controllers.sh: line 139: [: : integer expression expected
./orchestrate_kl_controllers.sh: line 143: [: : integer expression expected
[0;32m[2026-05-29 07:03:37] Step /1569 (0%)[0m
./orchestrate_kl_controllers.sh: line 157: [: : integer expression expected
./orchestrate_kl_controllers.sh: line 139: [: : integer expression expected
./orchestrate_kl_controllers.sh: line 143: [: : integer expression expected
[0;32m[2026-05-29 07:04:37] Step /1569 (0%)[0m
./orchestrate_kl_controllers.sh: line 157: [: : integer expression expected
./orchestrate_kl_controllers.sh: line 139: [: : integer expression expected
./orchestrate_kl_controllers.sh: line 143: [: : integer expression expected
[0;32m[2026-05-29 07:05:37] Step /1569 (0%)[0m
./orchestrate_kl_controllers.sh: line 157: [: : integer expression expected
./orchestrate_kl_controllers.sh: line 139: [: : integer expression expected
./orchestrate_kl_controllers.sh: line 143: [: : integer expression expected
[0;32m[2026-05-29 07:06:37] Step /1569 (0%)[0m
./orchestrate_kl_controllers.sh: line 157: [: : integer expression expected
./orchestrate_kl_controllers.sh: line 139: [: : integer expression expected
./orchestrate_kl_controllers.sh: line 143: [: : integer expression expected
[0;32m[2026-05-29 07:07:37] Step /1569 (0%)[0m
./orchestrate_kl_controllers.sh: line 157: [: : integer expression expected
./orchestrate_kl_controllers.sh: line 139: [: : integer expression expected
./orchestrate_kl_controllers.sh: line 143: [: : integer expression expected
[0;32m[2026-05-29 07:08:37] Step /1569 (0%)[0m
./orchestrate_kl_controllers.sh: line 157: [: : integer expression expected
./orchestrate_kl_controllers.sh: line 139: [: : integer expression expected
./orchestrate_kl_controllers.sh: line 143: [: : integer expression expected
[0;32m[2026-05-29 07:09:37] Step /1569 (0%)[0m
./orchestrate_kl_controllers.sh: line 157: [: : integer expression expected
./orchestrate_kl_controllers.sh: line 139: [: : integer expression expected
./orchestrate_kl_controllers.sh: line 143: [: : integer expression expected
[0;32m[2026-05-29 07:10:37] Step /1569 (0%)[0m
./orchestrate_kl_controllers.sh: line 157: [: : integer expression expected
./orchestrate_kl_controllers.sh: line 139: [: : integer expression expected
./orchestrate_kl_controllers.sh: line 143: [: : integer expression expected
[0;32m[2026-05-29 07:11:37] Step /1569 (0%)[0m
./orchestrate_kl_controllers.sh: line 157: [: : integer expression expected
./orchestrate_kl_controllers.sh: line 139: [: : integer expression expected
./orchestrate_kl_controllers.sh: line 143: [: : integer expression expected
[0;32m[2026-05-29 07:12:37] Step /1569 (0%)[0m
./orchestrate_kl_controllers.sh: line 157: [: : integer expression expected
./orchestrate_kl_controllers.sh: line 139: [: : integer expression expected
./orchestrate_kl_controllers.sh: line 143: [: : integer expression expected
[0;32m[2026-05-29 07:13:37] Step /1569 (0%)[0m
./orchestrate_kl_controllers.sh: line 157: [: : integer expression expected
./orchestrate_kl_controllers.sh: line 139: [: : integer expression expected
./orchestrate_kl_controllers.sh: line 143: [: : integer expression expected
[0;32m[2026-05-29 07:14:37] Step /1569 (0%)[0m
./orchestrate_kl_controllers.sh: line 157: [: : integer expression expected
./orchestrate_kl_controllers.sh: line 139: [: : integer expression expected
./orchestrate_kl_controllers.sh: line 143: [: : integer expression expected
[0;32m[2026-05-29 07:15:38] Step /1569 (0%)[0m
./orchestrate_kl_controllers.sh: line 157: [: : integer expression expected
./orchestrate_kl_controllers.sh: line 139: [: : integer expression expected
./orchestrate_kl_controllers.sh: line 143: [: : integer expression expected
[0;32m[2026-05-29 07:16:38] Step /1569 (0%)[0m
./orchestrate_kl_controllers.sh: line 157: [: : integer expression expected
./orchestrate_kl_controllers.sh: line 139: [: : integer expression expected
./orchestrate_kl_controllers.sh: line 143: [: : integer expression expected
[0;32m[2026-05-29 07:17:38] Step /1569 (0%)[0m
./orchestrate_kl_controllers.sh: line 157: [: : integer expression expected
./orchestrate_kl_controllers.sh: line 139: [: : integer expression expected
./orchestrate_kl_controllers.sh: line 143: [: : integer expression expected
[0;32m[2026-05-29 07:18:38] Step /1569 (0%)[0m
./orchestrate_kl_controllers.sh: line 157: [: : integer expression expected
./orchestrate_kl_controllers.sh: line 139: [: : integer expression expected
./orchestrate_kl_controllers.sh: line 143: [: : integer expression expected
[0;32m[2026-05-29 07:19:38] Step /1569 (0%)[0m
./orchestrate_kl_controllers.sh: line 157: [: : integer expression expected
./orchestrate_kl_controllers.sh: line 139: [: : integer expression expected
./orchestrate_kl_controllers.sh: line 143: [: : integer expression expected
[0;32m[2026-05-29 07:20:38] Step /1569 (0%)[0m
./orchestrate_kl_controllers.sh: line 157: [: : integer expression expected
./orchestrate_kl_controllers.sh: line 139: [: : integer expression expected
./orchestrate_kl_controllers.sh: line 143: [: : integer expression expected
[0;32m[2026-05-29 07:21:38] Step /1569 (0%)[0m
./orchestrate_kl_controllers.sh: line 157: [: : integer expression expected
./orchestrate_kl_controllers.sh: line 139: [: : integer expression expected
./orchestrate_kl_controllers.sh: line 143: [: : integer expression expected
[0;32m[2026-05-29 07:22:38] Step /1569 (0%)[0m
./orchestrate_kl_controllers.sh: line 157: [: : integer expression expected
./orchestrate_kl_controllers.sh: line 139: [: : integer expression expected
./orchestrate_kl_controllers.sh: line 143: [: : integer expression expected
[0;32m[2026-05-29 07:23:38] Step /1569 (0%)[0m
./orchestrate_kl_controllers.sh: line 157: [: : integer expression expected
./orchestrate_kl_controllers.sh: line 139: [: : integer expression expected
./orchestrate_kl_controllers.sh: line 143: [: : integer expression expected
[0;32m[2026-05-29 07:24:38] Step /1569 (0%)[0m
./orchestrate_kl_controllers.sh: line 157: [: : integer expression expected
./orchestrate_kl_controllers.sh: line 139: [: : integer expression expected
./orchestrate_kl_controllers.sh: line 143: [: : integer expression expected
[0;32m[2026-05-29 07:25:38] Step /1569 (0%)[0m
./orchestrate_kl_controllers.sh: line 157: [: : integer expression expected
./orchestrate_kl_controllers.sh: line 139: [: : integer expression expected
./orchestrate_kl_controllers.sh: line 143: [: : integer expression expected
[0;32m[2026-05-29 07:26:38] Step /1569 (0%)[0m
./orchestrate_kl_controllers.sh: line 157: [: : integer expression expected
./orchestrate_kl_controllers.sh: line 139: [: : integer expression expected
./orchestrate_kl_controllers.sh: line 143: [: : integer expression expected
[0;32m[2026-05-29 07:27:38] Step /1569 (0%)[0m
./orchestrate_kl_controllers.sh: line 157: [: : integer expression expected
./orchestrate_kl_controllers.sh: line 139: [: : integer expression expected
./orchestrate_kl_controllers.sh: line 143: [: : integer expression expected
[0;32m[2026-05-29 07:28:38] Step /1569 (0%)[0m
./orchestrate_kl_controllers.sh: line 157: [: : integer expression expected
./orchestrate_kl_controllers.sh: line 139: [: : integer expression expected
./orchestrate_kl_controllers.sh: line 143: [: : integer expression expected
[0;32m[2026-05-29 07:29:38] Step /1569 (0%)[0m
./orchestrate_kl_controllers.sh: line 157: [: : integer expression expected
./orchestrate_kl_controllers.sh: line 139: [: : integer expression expected
./orchestrate_kl_controllers.sh: line 143: [: : integer expression expected
[0;32m[2026-05-29 07:30:38] Step /1569 (0%)[0m
./orchestrate_kl_controllers.sh: line 157: [: : integer expression expected
./orchestrate_kl_controllers.sh: line 139: [: : integer expression expected
./orchestrate_kl_controllers.sh: line 143: [: : integer expression expected
[0;32m[2026-05-29 07:31:38] Step /1569 (0%)[0m
./orchestrate_kl_controllers.sh: line 157: [: : integer expression expected
./orchestrate_kl_controllers.sh: line 139: [: : integer expression expected
./orchestrate_kl_controllers.sh: line 143: [: : integer expression expected
[0;32m[2026-05-29 07:32:38] Step /1569 (0%)[0m
./orchestrate_kl_controllers.sh: line 157: [: : integer expression expected
./orchestrate_kl_controllers.sh: line 139: [: : integer expression expected
./orchestrate_kl_controllers.sh: line 143: [: : integer expression expected
[0;32m[2026-05-29 07:33:38] Step /1569 (0%)[0m
./orchestrate_kl_controllers.sh: line 157: [: : integer expression expected
./orchestrate_kl_controllers.sh: line 139: [: : integer expression expected
./orchestrate_kl_controllers.sh: line 143: [: : integer expression expected
[0;32m[2026-05-29 07:34:38] Step /1569 (0%)[0m
./orchestrate_kl_controllers.sh: line 157: [: : integer expression expected
./orchestrate_kl_controllers.sh: line 139: [: : integer expression expected
./orchestrate_kl_controllers.sh: line 143: [: : integer expression expected
[0;32m[2026-05-29 07:35:38] Step /1569 (0%)[0m
./orchestrate_kl_controllers.sh: line 157: [: : integer expression expected
./orchestrate_kl_controllers.sh: line 139: [: : integer expression expected
./orchestrate_kl_controllers.sh: line 143: [: : integer expression expected
[0;32m[2026-05-29 07:36:38] Step /1569 (0%)[0m
./orchestrate_kl_controllers.sh: line 157: [: : integer expression expected
./orchestrate_kl_controllers.sh: line 139: [: : integer expression expected
./orchestrate_kl_controllers.sh: line 143: [: : integer expression expected
[0;32m[2026-05-29 07:37:38] Step /1569 (0%)[0m
./orchestrate_kl_controllers.sh: line 157: [: : integer expression expected
./orchestrate_kl_controllers.sh: line 139: [: : integer expression expected
./orchestrate_kl_controllers.sh: line 143: [: : integer expression expected
[0;32m[2026-05-29 07:38:38] Step /1569 (0%)[0m
./orchestrate_kl_controllers.sh: line 157: [: : integer expression expected
./orchestrate_kl_controllers.sh: line 139: [: : integer expression expected
./orchestrate_kl_controllers.sh: line 143: [: : integer expression expected
[0;32m[2026-05-29 07:39:38] Step /1569 (0%)[0m
./orchestrate_kl_controllers.sh: line 157: [: : integer expression expected
./orchestrate_kl_controllers.sh: line 139: [: : integer expression expected
./orchestrate_kl_controllers.sh: line 143: [: : integer expression expected
[0;32m[2026-05-29 07:40:39] Step /1569 (0%)[0m
./orchestrate_kl_controllers.sh: line 157: [: : integer expression expected
./orchestrate_kl_controllers.sh: line 139: [: : integer expression expected
./orchestrate_kl_controllers.sh: line 143: [: : integer expression expected
[0;32m[2026-05-29 07:41:39] Step /1569 (0%)[0m
./orchestrate_kl_controllers.sh: line 157: [: : integer expression expected
./orchestrate_kl_controllers.sh: line 139: [: : integer expression expected
./orchestrate_kl_controllers.sh: line 143: [: : integer expression expected
[0;32m[2026-05-29 07:42:39] Step /1569 (0%)[0m
./orchestrate_kl_controllers.sh: line 157: [: : integer expression expected
./orchestrate_kl_controllers.sh: line 139: [: : integer expression expected
./orchestrate_kl_controllers.sh: line 143: [: : integer expression expected
[0;32m[2026-05-29 07:43:39] Step /1569 (0%)[0m
./orchestrate_kl_controllers.sh: line 157: [: : integer expression expected
./orchestrate_kl_controllers.sh: line 139: [: : integer expression expected
./orchestrate_kl_controllers.sh: line 143: [: : integer expression expected
[0;32m[2026-05-29 07:44:39] Step /1569 (0%)[0m
./orchestrate_kl_controllers.sh: line 157: [: : integer expression expected
./orchestrate_kl_controllers.sh: line 139: [: : integer expression expected
./orchestrate_kl_controllers.sh: line 143: [: : integer expression expected
[0;32m[2026-05-29 07:45:39] Step /1569 (0%)[0m
./orchestrate_kl_controllers.sh: line 157: [: : integer expression expected
./orchestrate_kl_controllers.sh: line 139: [: : integer expression expected
./orchestrate_kl_controllers.sh: line 143: [: : integer expression expected
[0;32m[2026-05-29 07:46:39] Step /1569 (0%)[0m
./orchestrate_kl_controllers.sh: line 157: [: : integer expression expected
./orchestrate_kl_controllers.sh: line 139: [: : integer expression expected
./orchestrate_kl_controllers.sh: line 143: [: : integer expression expected
[0;32m[2026-05-29 07:47:39] Step /1569 (0%)[0m
./orchestrate_kl_controllers.sh: line 157: [: : integer expression expected
./orchestrate_kl_controllers.sh: line 139: [: : integer expression expected
./orchestrate_kl_controllers.sh: line 143: [: : integer expression expected
[0;32m[2026-05-29 07:48:39] Step /1569 (0%)[0m
./orchestrate_kl_controllers.sh: line 157: [: : integer expression expected
./orchestrate_kl_controllers.sh: line 139: [: : integer expression expected
./orchestrate_kl_controllers.sh: line 143: [: : integer expression expected
[0;32m[2026-05-29 07:49:39] Step /1569 (0%)[0m
./orchestrate_kl_controllers.sh: line 157: [: : integer expression expected
./orchestrate_kl_controllers.sh: line 139: [: : integer expression expected
./orchestrate_kl_controllers.sh: line 143: [: : integer expression expected
[0;32m[2026-05-29 07:50:39] Step /1569 (0%)[0m
./orchestrate_kl_controllers.sh: line 157: [: : integer expression expected
./orchestrate_kl_controllers.sh: line 139: [: : integer expression expected
./orchestrate_kl_controllers.sh: line 143: [: : integer expression expected
[0;32m[2026-05-29 07:51:39] Step /1569 (0%)[0m
./orchestrate_kl_controllers.sh: line 157: [: : integer expression expected
./orchestrate_kl_controllers.sh: line 139: [: : integer expression expected
./orchestrate_kl_controllers.sh: line 143: [: : integer expression expected
[0;32m[2026-05-29 07:52:39] Step /1569 (0%)[0m
./orchestrate_kl_controllers.sh: line 157: [: : integer expression expected
./orchestrate_kl_controllers.sh: line 139: [: : integer expression expected
./orchestrate_kl_controllers.sh: line 143: [: : integer expression expected
[0;32m[2026-05-29 07:53:39] Step /1569 (0%)[0m
./orchestrate_kl_controllers.sh: line 157: [: : integer expression expected
