[2026-05-26 15:04:08] ===============================================================
[2026-05-26 15:04:08] Multi-Seed Orchestrator v2 - Starting
[2026-05-26 15:04:08] ===============================================================
[2026-05-26 15:04:08] Modes: fixed rule mlp lstm
[2026-05-26 15:04:08] Seeds per mode: 0 1 2
[2026-05-26 15:04:08] Total runs: 12
[2026-05-26 15:04:08] Log file: /home/ai-server-02/R_projects/final_thesis/simpleRL-reason/analysis_logs/orchestrator_multiseed_v2_20260526_150408.log
[2026-05-26 15:04:08] 
[2026-05-26 15:04:08] Waiting for phase3-nokl-baseline (5th baseline, β=0) to complete...
[2026-05-26 15:04:08]   ... phase3-nokl-baseline still running, checking again in 60s
[2026-05-26 15:05:08]   ... phase3-nokl-baseline still running, checking again in 60s
[2026-05-26 15:06:08]   ... phase3-nokl-baseline still running, checking again in 60s
[2026-05-26 15:07:08]   ... phase3-nokl-baseline still running, checking again in 60s
[2026-05-26 15:08:08]   ... phase3-nokl-baseline still running, checking again in 60s
[2026-05-26 15:09:08]   ... phase3-nokl-baseline still running, checking again in 60s
[2026-05-26 15:10:08]   ... phase3-nokl-baseline still running, checking again in 60s
[2026-05-26 15:11:08]   ... phase3-nokl-baseline still running, checking again in 60s
[2026-05-26 15:12:09]   ... phase3-nokl-baseline still running, checking again in 60s
[2026-05-26 15:13:09]   ... phase3-nokl-baseline still running, checking again in 60s
[2026-05-26 15:14:09]   ... phase3-nokl-baseline still running, checking again in 60s
[2026-05-26 15:15:09]   ... phase3-nokl-baseline still running, checking again in 60s
[2026-05-26 15:16:09]   ... phase3-nokl-baseline still running, checking again in 60s
[2026-05-26 15:17:09]   ... phase3-nokl-baseline still running, checking again in 60s
[2026-05-26 15:18:09]   ... phase3-nokl-baseline still running, checking again in 60s
[2026-05-26 15:19:09]   ... phase3-nokl-baseline still running, checking again in 60s
[2026-05-26 15:20:09]   ... phase3-nokl-baseline still running, checking again in 60s
[2026-05-26 15:21:09]   ... phase3-nokl-baseline still running, checking again in 60s
[2026-05-26 15:22:09]   ... phase3-nokl-baseline still running, checking again in 60s
[2026-05-26 15:23:09]   ... phase3-nokl-baseline still running, checking again in 60s
[2026-05-26 15:24:09]   ... phase3-nokl-baseline still running, checking again in 60s
[2026-05-26 15:25:09]   ... phase3-nokl-baseline still running, checking again in 60s
[2026-05-26 15:26:09]   ... phase3-nokl-baseline still running, checking again in 60s
[2026-05-26 15:27:09]   ... phase3-nokl-baseline still running, checking again in 60s
[2026-05-26 15:28:09]   ... phase3-nokl-baseline still running, checking again in 60s
[2026-05-26 15:29:09]   ... phase3-nokl-baseline still running, checking again in 60s
[2026-05-26 15:30:09]   ... phase3-nokl-baseline still running, checking again in 60s
[2026-05-26 15:31:09]   ... phase3-nokl-baseline still running, checking again in 60s
[2026-05-26 15:32:09]   ... phase3-nokl-baseline still running, checking again in 60s
[2026-05-26 15:33:09]   ... phase3-nokl-baseline still running, checking again in 60s
[2026-05-26 15:34:09]   ... phase3-nokl-baseline still running, checking again in 60s
[2026-05-26 15:35:09]   ... phase3-nokl-baseline still running, checking again in 60s
[2026-05-26 15:36:09]   ... phase3-nokl-baseline still running, checking again in 60s
[2026-05-26 15:37:10]   ... phase3-nokl-baseline still running, checking again in 60s
[2026-05-26 15:38:10]   ... phase3-nokl-baseline still running, checking again in 60s
[2026-05-26 15:39:10]   ... phase3-nokl-baseline still running, checking again in 60s
[2026-05-26 15:40:10]   ... phase3-nokl-baseline still running, checking again in 60s
[2026-05-26 15:41:10]   ... phase3-nokl-baseline still running, checking again in 60s
[2026-05-26 15:42:10]   ... phase3-nokl-baseline still running, checking again in 60s
[2026-05-26 15:43:10]   ... phase3-nokl-baseline still running, checking again in 60s
[2026-05-26 15:44:10]   ... phase3-nokl-baseline still running, checking again in 60s
[2026-05-26 15:45:10]   ... phase3-nokl-baseline still running, checking again in 60s
[2026-05-26 15:46:10]   ... phase3-nokl-baseline still running, checking again in 60s
[2026-05-26 15:47:10]   ... phase3-nokl-baseline still running, checking again in 60s
[2026-05-26 15:48:10]   ... phase3-nokl-baseline still running, checking again in 60s
[2026-05-26 15:49:10]   ... phase3-nokl-baseline still running, checking again in 60s
[2026-05-26 15:50:10]   ... phase3-nokl-baseline still running, checking again in 60s
[2026-05-26 15:51:10]   ... phase3-nokl-baseline still running, checking again in 60s
[2026-05-26 15:52:10]   ... phase3-nokl-baseline still running, checking again in 60s
[2026-05-26 15:53:10]   ... phase3-nokl-baseline still running, checking again in 60s
[2026-05-26 15:54:10]   ... phase3-nokl-baseline still running, checking again in 60s
[2026-05-26 15:55:10]   ... phase3-nokl-baseline still running, checking again in 60s
[2026-05-26 15:56:10]   ... phase3-nokl-baseline still running, checking again in 60s
[2026-05-26 15:57:10]   ... phase3-nokl-baseline still running, checking again in 60s
[2026-05-26 15:58:10]   ... phase3-nokl-baseline still running, checking again in 60s
[2026-05-26 15:59:10]   ... phase3-nokl-baseline still running, checking again in 60s
[2026-05-26 16:00:10]   ... phase3-nokl-baseline still running, checking again in 60s
[2026-05-26 16:01:11]   ... phase3-nokl-baseline still running, checking again in 60s
[2026-05-26 16:02:11]   ... phase3-nokl-baseline still running, checking again in 60s
[2026-05-26 16:03:11]   ... phase3-nokl-baseline still running, checking again in 60s
[2026-05-26 16:04:11]   ... phase3-nokl-baseline still running, checking again in 60s
[2026-05-26 16:05:11]   ... phase3-nokl-baseline still running, checking again in 60s
[2026-05-26 16:06:11]   ... phase3-nokl-baseline still running, checking again in 60s
[2026-05-26 16:07:11]   ... phase3-nokl-baseline still running, checking again in 60s
[2026-05-26 16:08:11]   ... phase3-nokl-baseline still running, checking again in 60s
[2026-05-26 16:09:11]   ... phase3-nokl-baseline still running, checking again in 60s
[2026-05-26 16:10:11]   ... phase3-nokl-baseline still running, checking again in 60s
[2026-05-26 16:11:11]   ... phase3-nokl-baseline still running, checking again in 60s
[2026-05-26 16:12:11]   ... phase3-nokl-baseline still running, checking again in 60s
[2026-05-26 16:13:11]   ... phase3-nokl-baseline still running, checking again in 60s
[2026-05-26 16:14:11]   ... phase3-nokl-baseline still running, checking again in 60s
[2026-05-26 16:15:11]   ... phase3-nokl-baseline still running, checking again in 60s
[2026-05-26 16:16:11]   ... phase3-nokl-baseline still running, checking again in 60s
[2026-05-26 16:17:11]   ... phase3-nokl-baseline still running, checking again in 60s
[2026-05-26 16:18:11]   ... phase3-nokl-baseline still running, checking again in 60s
[2026-05-26 16:19:11]   ... phase3-nokl-baseline still running, checking again in 60s
[2026-05-26 16:20:11]   ... phase3-nokl-baseline still running, checking again in 60s
[2026-05-26 16:21:11]   ... phase3-nokl-baseline still running, checking again in 60s
[2026-05-26 16:22:11]   ... phase3-nokl-baseline still running, checking again in 60s
[2026-05-26 16:23:11]   ... phase3-nokl-baseline still running, checking again in 60s
[2026-05-26 16:24:11]   ... phase3-nokl-baseline still running, checking again in 60s
[2026-05-26 16:25:11]   ... phase3-nokl-baseline still running, checking again in 60s
[2026-05-26 16:26:12]   ... phase3-nokl-baseline still running, checking again in 60s
[2026-05-26 16:27:12]   ... phase3-nokl-baseline still running, checking again in 60s
[2026-05-26 16:28:12]   ... phase3-nokl-baseline still running, checking again in 60s
[2026-05-26 16:29:12]   ... phase3-nokl-baseline still running, checking again in 60s
[2026-05-26 16:30:12]   ... phase3-nokl-baseline still running, checking again in 60s
[2026-05-26 16:31:12]   ... phase3-nokl-baseline still running, checking again in 60s
[2026-05-26 16:32:12]   ... phase3-nokl-baseline still running, checking again in 60s
[2026-05-26 16:33:12]   ... phase3-nokl-baseline still running, checking again in 60s
[2026-05-26 16:34:12]   ... phase3-nokl-baseline still running, checking again in 60s
[2026-05-26 16:35:12]   ... phase3-nokl-baseline still running, checking again in 60s
[2026-05-26 16:36:12]   ... phase3-nokl-baseline still running, checking again in 60s
[2026-05-26 16:37:12]   ... phase3-nokl-baseline still running, checking again in 60s
[2026-05-26 16:38:12]   ... phase3-nokl-baseline still running, checking again in 60s
[2026-05-26 16:39:12]   ... phase3-nokl-baseline still running, checking again in 60s
[2026-05-26 16:40:12]   ... phase3-nokl-baseline still running, checking again in 60s
[2026-05-26 16:41:12]   ... phase3-nokl-baseline still running, checking again in 60s
[2026-05-26 16:42:12]   ... phase3-nokl-baseline still running, checking again in 60s
[2026-05-26 16:43:12]   ... phase3-nokl-baseline still running, checking again in 60s
[2026-05-26 16:44:12]   ... phase3-nokl-baseline still running, checking again in 60s
[2026-05-26 16:45:12]   ... phase3-nokl-baseline still running, checking again in 60s
[2026-05-26 16:46:12]   ... phase3-nokl-baseline still running, checking again in 60s
[2026-05-26 16:47:12]   ... phase3-nokl-baseline still running, checking again in 60s
[2026-05-26 16:48:12]   ... phase3-nokl-baseline still running, checking again in 60s
[2026-05-26 16:49:12]   ... phase3-nokl-baseline still running, checking again in 60s
[2026-05-26 16:50:12]   ... phase3-nokl-baseline still running, checking again in 60s
[2026-05-26 16:51:13]   ... phase3-nokl-baseline still running, checking again in 60s
[2026-05-26 16:52:13]   ... phase3-nokl-baseline still running, checking again in 60s
[2026-05-26 16:53:13]   ... phase3-nokl-baseline still running, checking again in 60s
[2026-05-26 16:54:13]   ... phase3-nokl-baseline still running, checking again in 60s
[2026-05-26 16:55:13]   ... phase3-nokl-baseline still running, checking again in 60s
[2026-05-26 16:56:13]   ... phase3-nokl-baseline still running, checking again in 60s
[2026-05-26 16:57:13]   ... phase3-nokl-baseline still running, checking again in 60s
[2026-05-26 16:58:13]   ... phase3-nokl-baseline still running, checking again in 60s
[2026-05-26 16:59:13]   ... phase3-nokl-baseline still running, checking again in 60s
[2026-05-26 17:00:13]   ... phase3-nokl-baseline still running, checking again in 60s
[2026-05-26 17:01:13]   ... phase3-nokl-baseline still running, checking again in 60s
[2026-05-26 17:02:13]   ... phase3-nokl-baseline still running, checking again in 60s
[2026-05-26 17:03:13]   ... phase3-nokl-baseline still running, checking again in 60s
[2026-05-26 17:04:13]   ... phase3-nokl-baseline still running, checking again in 60s
[2026-05-26 17:05:13]   ... phase3-nokl-baseline still running, checking again in 60s
[2026-05-26 17:06:13]   ... phase3-nokl-baseline still running, checking again in 60s
[2026-05-26 17:07:13]   ... phase3-nokl-baseline still running, checking again in 60s
[2026-05-26 17:08:13]   ... phase3-nokl-baseline still running, checking again in 60s
[2026-05-26 17:09:14]   ... phase3-nokl-baseline still running, checking again in 60s
[2026-05-26 17:10:14]   ... phase3-nokl-baseline still running, checking again in 60s
[2026-05-26 17:11:14]   ... phase3-nokl-baseline still running, checking again in 60s
[2026-05-26 17:12:14]   ... phase3-nokl-baseline still running, checking again in 60s
[2026-05-26 17:13:14]   ... phase3-nokl-baseline still running, checking again in 60s
[2026-05-26 17:14:14]   ... phase3-nokl-baseline still running, checking again in 60s
[2026-05-26 17:15:14]   ... phase3-nokl-baseline still running, checking again in 60s
[2026-05-26 17:16:14]   ... phase3-nokl-baseline still running, checking again in 60s
[2026-05-26 17:17:14]   ... phase3-nokl-baseline still running, checking again in 60s
[2026-05-26 17:18:14]   ... phase3-nokl-baseline still running, checking again in 60s
[2026-05-26 17:19:14]   ... phase3-nokl-baseline still running, checking again in 60s
[2026-05-26 17:20:14]   ... phase3-nokl-baseline still running, checking again in 60s
[2026-05-26 17:21:14]   ... phase3-nokl-baseline still running, checking again in 60s
[2026-05-26 17:22:14]   ... phase3-nokl-baseline still running, checking again in 60s
[2026-05-26 17:23:14]   ... phase3-nokl-baseline still running, checking again in 60s
[2026-05-26 17:24:15]   ... phase3-nokl-baseline still running, checking again in 60s
[2026-05-26 17:25:15]   ... phase3-nokl-baseline still running, checking again in 60s
[2026-05-26 17:26:15]   ... phase3-nokl-baseline still running, checking again in 60s
[2026-05-26 17:27:15]   ... phase3-nokl-baseline still running, checking again in 60s
[2026-05-26 17:28:15]   ... phase3-nokl-baseline still running, checking again in 60s
[2026-05-26 17:29:15]   ... phase3-nokl-baseline still running, checking again in 60s
[2026-05-26 17:30:15]   ... phase3-nokl-baseline still running, checking again in 60s
[2026-05-26 17:31:15]   ... phase3-nokl-baseline still running, checking again in 60s
[2026-05-26 17:32:15]   ... phase3-nokl-baseline still running, checking again in 60s
[2026-05-26 17:33:15]   ... phase3-nokl-baseline still running, checking again in 60s
[2026-05-26 17:34:15]   ... phase3-nokl-baseline still running, checking again in 60s
[2026-05-26 17:35:15]   ... phase3-nokl-baseline still running, checking again in 60s
[2026-05-26 17:36:15]   ... phase3-nokl-baseline still running, checking again in 60s
[2026-05-26 17:37:15]   ... phase3-nokl-baseline still running, checking again in 60s
[2026-05-26 17:38:15]   ... phase3-nokl-baseline still running, checking again in 60s
[2026-05-26 17:39:15]   ... phase3-nokl-baseline still running, checking again in 60s
[2026-05-26 17:40:15]   ... phase3-nokl-baseline still running, checking again in 60s
[2026-05-26 17:41:15]   ... phase3-nokl-baseline still running, checking again in 60s
[2026-05-26 17:42:15]   ... phase3-nokl-baseline still running, checking again in 60s
[2026-05-26 17:43:15]   ... phase3-nokl-baseline still running, checking again in 60s
[2026-05-26 17:44:15]   ... phase3-nokl-baseline still running, checking again in 60s
[2026-05-26 17:45:15]   ... phase3-nokl-baseline still running, checking again in 60s
[2026-05-26 17:46:15]   ... phase3-nokl-baseline still running, checking again in 60s
[2026-05-26 17:47:16]   ... phase3-nokl-baseline still running, checking again in 60s
[2026-05-26 17:48:16]   ... phase3-nokl-baseline still running, checking again in 60s
[2026-05-26 17:49:16]   ... phase3-nokl-baseline still running, checking again in 60s
[2026-05-26 17:50:16]   ... phase3-nokl-baseline still running, checking again in 60s
[2026-05-26 17:51:16]   ... phase3-nokl-baseline still running, checking again in 60s
[2026-05-26 17:52:16]   ... phase3-nokl-baseline still running, checking again in 60s
[2026-05-26 17:53:16]   ... phase3-nokl-baseline still running, checking again in 60s
[2026-05-26 17:54:16]   ... phase3-nokl-baseline still running, checking again in 60s
[2026-05-26 17:55:16]   ... phase3-nokl-baseline still running, checking again in 60s
[2026-05-26 17:56:16]   ... phase3-nokl-baseline still running, checking again in 60s
[2026-05-26 17:57:16]   ... phase3-nokl-baseline still running, checking again in 60s
[2026-05-26 17:58:16]   ... phase3-nokl-baseline still running, checking again in 60s
[2026-05-26 17:59:16]   ... phase3-nokl-baseline still running, checking again in 60s
[2026-05-26 18:00:16]   ... phase3-nokl-baseline still running, checking again in 60s
[2026-05-26 18:01:16]   ... phase3-nokl-baseline still running, checking again in 60s
[2026-05-26 18:02:16]   ... phase3-nokl-baseline still running, checking again in 60s
[2026-05-26 18:03:16]   ... phase3-nokl-baseline still running, checking again in 60s
[2026-05-26 18:04:16]   ... phase3-nokl-baseline still running, checking again in 60s
[2026-05-26 18:05:16]   ... phase3-nokl-baseline still running, checking again in 60s
[2026-05-26 18:06:16]   ... phase3-nokl-baseline still running, checking again in 60s
[2026-05-26 18:07:16]   ... phase3-nokl-baseline still running, checking again in 60s
[2026-05-26 18:08:16]   ... phase3-nokl-baseline still running, checking again in 60s
[2026-05-26 18:09:16]   ... phase3-nokl-baseline still running, checking again in 60s
[2026-05-26 18:10:16]   ... phase3-nokl-baseline still running, checking again in 60s
[2026-05-26 18:11:16]   ... phase3-nokl-baseline still running, checking again in 60s
[2026-05-26 18:12:17]   ... phase3-nokl-baseline still running, checking again in 60s
[2026-05-26 18:13:17]   ... phase3-nokl-baseline still running, checking again in 60s
[2026-05-26 18:14:17]   ... phase3-nokl-baseline still running, checking again in 60s
[2026-05-26 18:15:17]   ... phase3-nokl-baseline still running, checking again in 60s
[2026-05-26 18:16:17]   ... phase3-nokl-baseline still running, checking again in 60s
[2026-05-26 18:17:17]   ... phase3-nokl-baseline still running, checking again in 60s
[2026-05-26 18:18:17]   ... phase3-nokl-baseline still running, checking again in 60s
[2026-05-26 18:19:17]   ... phase3-nokl-baseline still running, checking again in 60s
[2026-05-26 18:20:17]   ... phase3-nokl-baseline still running, checking again in 60s
[2026-05-26 18:21:17]   ... phase3-nokl-baseline still running, checking again in 60s
[2026-05-26 18:22:17]   ... phase3-nokl-baseline still running, checking again in 60s
[2026-05-26 18:23:17]   ... phase3-nokl-baseline still running, checking again in 60s
[2026-05-26 18:24:17]   ... phase3-nokl-baseline still running, checking again in 60s
[2026-05-26 18:25:17]   ... phase3-nokl-baseline still running, checking again in 60s
[2026-05-26 18:26:17]   ... phase3-nokl-baseline still running, checking again in 60s
[2026-05-26 18:27:17]   ... phase3-nokl-baseline still running, checking again in 60s
[2026-05-26 18:28:17]   ... phase3-nokl-baseline still running, checking again in 60s
[2026-05-26 18:29:17]   ... phase3-nokl-baseline still running, checking again in 60s
[2026-05-26 18:30:17]   ... phase3-nokl-baseline still running, checking again in 60s
[2026-05-26 18:31:18]   ... phase3-nokl-baseline still running, checking again in 60s
[2026-05-26 18:32:18]   ... phase3-nokl-baseline still running, checking again in 60s
[2026-05-26 18:33:18]   ... phase3-nokl-baseline still running, checking again in 60s
[2026-05-26 18:34:18]   ... phase3-nokl-baseline still running, checking again in 60s
[2026-05-26 18:35:18]   ... phase3-nokl-baseline still running, checking again in 60s
[2026-05-26 18:36:18]   ... phase3-nokl-baseline still running, checking again in 60s
[2026-05-26 18:37:18]   ... phase3-nokl-baseline still running, checking again in 60s
[2026-05-26 18:38:18]   ... phase3-nokl-baseline still running, checking again in 60s
[2026-05-26 18:39:18]   ... phase3-nokl-baseline still running, checking again in 60s
[2026-05-26 18:40:18]   ... phase3-nokl-baseline still running, checking again in 60s
[2026-05-26 18:41:18]   ... phase3-nokl-baseline still running, checking again in 60s
[2026-05-26 18:42:18]   ... phase3-nokl-baseline still running, checking again in 60s
[2026-05-26 18:43:18]   ... phase3-nokl-baseline still running, checking again in 60s
[2026-05-26 18:44:18]   ... phase3-nokl-baseline still running, checking again in 60s
[2026-05-26 18:45:18]   ... phase3-nokl-baseline still running, checking again in 60s
[2026-05-26 18:46:18]   ... phase3-nokl-baseline still running, checking again in 60s
[2026-05-26 18:47:18]   ... phase3-nokl-baseline still running, checking again in 60s
[2026-05-26 18:48:18]   ... phase3-nokl-baseline still running, checking again in 60s
[2026-05-26 18:49:18]   ... phase3-nokl-baseline still running, checking again in 60s
[2026-05-26 18:50:18]   ... phase3-nokl-baseline still running, checking again in 60s
[2026-05-26 18:51:18]   ... phase3-nokl-baseline still running, checking again in 60s
[2026-05-26 18:52:18]   ... phase3-nokl-baseline still running, checking again in 60s
[2026-05-26 18:53:19]   ... phase3-nokl-baseline still running, checking again in 60s
[2026-05-26 18:54:19]   ... phase3-nokl-baseline still running, checking again in 60s
[2026-05-26 18:55:19]   ... phase3-nokl-baseline still running, checking again in 60s
[2026-05-26 18:56:19]   ... phase3-nokl-baseline still running, checking again in 60s
[2026-05-26 18:57:19]   ... phase3-nokl-baseline still running, checking again in 60s
[2026-05-26 18:58:19]   ... phase3-nokl-baseline still running, checking again in 60s
[2026-05-26 18:59:19]   ... phase3-nokl-baseline still running, checking again in 60s
[2026-05-26 19:00:19]   ... phase3-nokl-baseline still running, checking again in 60s
[2026-05-26 19:01:19]   ... phase3-nokl-baseline still running, checking again in 60s
[2026-05-26 19:02:19]   ... phase3-nokl-baseline still running, checking again in 60s
[2026-05-26 19:03:19]   ... phase3-nokl-baseline still running, checking again in 60s
[2026-05-26 19:04:19]   ... phase3-nokl-baseline still running, checking again in 60s
[2026-05-26 19:05:19]   ... phase3-nokl-baseline still running, checking again in 60s
[2026-05-26 19:06:19]   ... phase3-nokl-baseline still running, checking again in 60s
[2026-05-26 19:07:19]   ... phase3-nokl-baseline still running, checking again in 60s
[2026-05-26 19:08:19]   ... phase3-nokl-baseline still running, checking again in 60s
[2026-05-26 19:09:19]   ... phase3-nokl-baseline still running, checking again in 60s
[2026-05-26 19:10:19]   ... phase3-nokl-baseline still running, checking again in 60s
[2026-05-26 19:11:19]   ... phase3-nokl-baseline still running, checking again in 60s
[2026-05-26 19:12:19]   ... phase3-nokl-baseline still running, checking again in 60s
[2026-05-26 19:13:19]   ... phase3-nokl-baseline still running, checking again in 60s
[2026-05-26 19:14:19]   ... phase3-nokl-baseline still running, checking again in 60s
[2026-05-26 19:15:19]   ... phase3-nokl-baseline still running, checking again in 60s
[2026-05-26 19:16:19]   ... phase3-nokl-baseline still running, checking again in 60s
[2026-05-26 19:17:19]   ... phase3-nokl-baseline still running, checking again in 60s
[2026-05-26 19:18:19]   ... phase3-nokl-baseline still running, checking again in 60s
[2026-05-26 19:19:20]   ... phase3-nokl-baseline still running, checking again in 60s
[2026-05-26 19:20:20]   ... phase3-nokl-baseline still running, checking again in 60s
[2026-05-26 19:21:20]   ... phase3-nokl-baseline still running, checking again in 60s
[2026-05-26 19:22:20]   ... phase3-nokl-baseline still running, checking again in 60s
[2026-05-26 19:23:20]   ... phase3-nokl-baseline still running, checking again in 60s
[2026-05-26 19:24:20]   ... phase3-nokl-baseline still running, checking again in 60s
[2026-05-26 19:25:20]   ... phase3-nokl-baseline still running, checking again in 60s
[2026-05-26 19:26:20]   ... phase3-nokl-baseline still running, checking again in 60s
[2026-05-26 19:27:20]   ... phase3-nokl-baseline still running, checking again in 60s
[2026-05-26 19:28:20]   ... phase3-nokl-baseline still running, checking again in 60s
[2026-05-26 19:29:20]   ... phase3-nokl-baseline still running, checking again in 60s
[2026-05-26 19:30:20]   ... phase3-nokl-baseline still running, checking again in 60s
[2026-05-26 19:31:20]   ... phase3-nokl-baseline still running, checking again in 60s
[2026-05-26 19:32:20]   ... phase3-nokl-baseline still running, checking again in 60s
[2026-05-26 19:33:20]   ... phase3-nokl-baseline still running, checking again in 60s
[2026-05-26 19:34:20]   ... phase3-nokl-baseline still running, checking again in 60s
[2026-05-26 19:35:20]   ... phase3-nokl-baseline still running, checking again in 60s
[2026-05-26 19:36:20]   ... phase3-nokl-baseline still running, checking again in 60s
[2026-05-26 19:37:21]   ... phase3-nokl-baseline still running, checking again in 60s
[2026-05-26 19:38:21]   ... phase3-nokl-baseline still running, checking again in 60s
[2026-05-26 19:39:21]   ... phase3-nokl-baseline still running, checking again in 60s
[2026-05-26 19:40:21]   ... phase3-nokl-baseline still running, checking again in 60s
[2026-05-26 19:41:21]   ... phase3-nokl-baseline still running, checking again in 60s
[2026-05-26 19:42:21]   ... phase3-nokl-baseline still running, checking again in 60s
[2026-05-26 19:43:21]   ... phase3-nokl-baseline still running, checking again in 60s
[2026-05-26 19:44:21]   ... phase3-nokl-baseline still running, checking again in 60s
[2026-05-26 19:45:21]   ... phase3-nokl-baseline still running, checking again in 60s
[2026-05-26 19:46:21]   ... phase3-nokl-baseline still running, checking again in 60s
[2026-05-26 19:47:21]   ... phase3-nokl-baseline still running, checking again in 60s
[2026-05-26 19:48:21]   ... phase3-nokl-baseline still running, checking again in 60s
[2026-05-26 19:49:21]   ... phase3-nokl-baseline still running, checking again in 60s
[2026-05-26 19:50:22]   ... phase3-nokl-baseline still running, checking again in 60s
[2026-05-26 19:51:22]   ... phase3-nokl-baseline still running, checking again in 60s
[2026-05-26 19:52:22]   ... phase3-nokl-baseline still running, checking again in 60s
[2026-05-26 19:53:22]   ... phase3-nokl-baseline still running, checking again in 60s
[2026-05-26 19:54:22]   ... phase3-nokl-baseline still running, checking again in 60s
[2026-05-26 19:55:22]   ... phase3-nokl-baseline still running, checking again in 60s
[2026-05-26 19:56:22]   ... phase3-nokl-baseline still running, checking again in 60s
[2026-05-26 19:57:22]   ... phase3-nokl-baseline still running, checking again in 60s
[2026-05-26 19:58:22]   ... phase3-nokl-baseline still running, checking again in 60s
[2026-05-26 19:59:22]   ... phase3-nokl-baseline still running, checking again in 60s
[2026-05-26 20:00:22]   ... phase3-nokl-baseline still running, checking again in 60s
[2026-05-26 20:01:22]   ... phase3-nokl-baseline still running, checking again in 60s
[2026-05-26 20:02:22]   ... phase3-nokl-baseline still running, checking again in 60s
[2026-05-26 20:03:22]   ... phase3-nokl-baseline still running, checking again in 60s
[2026-05-26 20:04:22]   ... phase3-nokl-baseline still running, checking again in 60s
[2026-05-26 20:05:22]   ... phase3-nokl-baseline still running, checking again in 60s
[2026-05-26 20:06:22]   ... phase3-nokl-baseline still running, checking again in 60s
[2026-05-26 20:07:22]   ... phase3-nokl-baseline still running, checking again in 60s
[2026-05-26 20:08:22]   ... phase3-nokl-baseline still running, checking again in 60s
[2026-05-26 20:09:22]   ... phase3-nokl-baseline still running, checking again in 60s
[2026-05-26 20:10:22]   ... phase3-nokl-baseline still running, checking again in 60s
[2026-05-26 20:11:22]   ... phase3-nokl-baseline still running, checking again in 60s
[2026-05-26 20:12:22]   ... phase3-nokl-baseline still running, checking again in 60s
[2026-05-26 20:13:22]   ... phase3-nokl-baseline still running, checking again in 60s
[2026-05-26 20:14:22]   ... phase3-nokl-baseline still running, checking again in 60s
[2026-05-26 20:15:23]   ... phase3-nokl-baseline still running, checking again in 60s
[2026-05-26 20:16:23]   ... phase3-nokl-baseline still running, checking again in 60s
[2026-05-26 20:17:23]   ... phase3-nokl-baseline still running, checking again in 60s
[2026-05-26 20:18:23]   ... phase3-nokl-baseline still running, checking again in 60s
[2026-05-26 20:19:23]   ... phase3-nokl-baseline still running, checking again in 60s
[2026-05-26 20:20:23]   ... phase3-nokl-baseline still running, checking again in 60s
[2026-05-26 20:21:23]   ... phase3-nokl-baseline still running, checking again in 60s
[2026-05-26 20:22:23]   ... phase3-nokl-baseline still running, checking again in 60s
[2026-05-26 20:23:23]   ... phase3-nokl-baseline still running, checking again in 60s
[2026-05-26 20:24:23]   ... phase3-nokl-baseline still running, checking again in 60s
[2026-05-26 20:25:23]   ... phase3-nokl-baseline still running, checking again in 60s
[2026-05-26 20:26:23]   ... phase3-nokl-baseline still running, checking again in 60s
[2026-05-26 20:27:23]   ... phase3-nokl-baseline still running, checking again in 60s
[2026-05-26 20:28:23]   ... phase3-nokl-baseline still running, checking again in 60s
[2026-05-26 20:29:23]   ... phase3-nokl-baseline still running, checking again in 60s
[2026-05-26 20:30:23]   ... phase3-nokl-baseline still running, checking again in 60s
[2026-05-26 20:31:23]   ... phase3-nokl-baseline still running, checking again in 60s
[2026-05-26 20:32:23]   ... phase3-nokl-baseline still running, checking again in 60s
[2026-05-26 20:33:23]   ... phase3-nokl-baseline still running, checking again in 60s
[2026-05-26 20:34:23]   ... phase3-nokl-baseline still running, checking again in 60s
[2026-05-26 20:35:23]   ... phase3-nokl-baseline still running, checking again in 60s
[2026-05-26 20:36:23]   ... phase3-nokl-baseline still running, checking again in 60s
[2026-05-26 20:37:23]   ... phase3-nokl-baseline still running, checking again in 60s
[2026-05-26 20:38:23]   ... phase3-nokl-baseline still running, checking again in 60s
[2026-05-26 20:39:23]   ... phase3-nokl-baseline still running, checking again in 60s
[2026-05-26 20:40:24]   ... phase3-nokl-baseline still running, checking again in 60s
[2026-05-26 20:41:24]   ... phase3-nokl-baseline still running, checking again in 60s
[2026-05-26 20:42:24]   ... phase3-nokl-baseline still running, checking again in 60s
[2026-05-26 20:43:24]   ... phase3-nokl-baseline still running, checking again in 60s
[2026-05-26 20:44:24]   ... phase3-nokl-baseline still running, checking again in 60s
[2026-05-26 20:45:24]   ... phase3-nokl-baseline still running, checking again in 60s
[2026-05-26 20:46:24]   ... phase3-nokl-baseline still running, checking again in 60s
[2026-05-26 20:47:24]   ... phase3-nokl-baseline still running, checking again in 60s
[2026-05-26 20:48:24]   ... phase3-nokl-baseline still running, checking again in 60s
[2026-05-26 20:49:24]   ... phase3-nokl-baseline still running, checking again in 60s
[2026-05-26 20:50:24]   ... phase3-nokl-baseline still running, checking again in 60s
[2026-05-26 20:51:24]   ... phase3-nokl-baseline still running, checking again in 60s
[2026-05-26 20:52:24]   ... phase3-nokl-baseline still running, checking again in 60s
[2026-05-26 20:53:24]   ... phase3-nokl-baseline still running, checking again in 60s
[2026-05-26 20:54:24]   ... phase3-nokl-baseline still running, checking again in 60s
[2026-05-26 20:55:24]   ... phase3-nokl-baseline still running, checking again in 60s
[2026-05-26 20:56:24]   ... phase3-nokl-baseline still running, checking again in 60s
[2026-05-26 20:57:24]   ... phase3-nokl-baseline still running, checking again in 60s
[2026-05-26 20:58:24]   ... phase3-nokl-baseline still running, checking again in 60s
[2026-05-26 20:59:24]   ... phase3-nokl-baseline still running, checking again in 60s
[2026-05-26 21:00:24]   ... phase3-nokl-baseline still running, checking again in 60s
[2026-05-26 21:01:24]   ... phase3-nokl-baseline still running, checking again in 60s
[2026-05-26 21:02:24]   ... phase3-nokl-baseline still running, checking again in 60s
[2026-05-26 21:03:24]   ... phase3-nokl-baseline still running, checking again in 60s
[2026-05-26 21:04:24]   ... phase3-nokl-baseline still running, checking again in 60s
[2026-05-26 21:05:24]   ... phase3-nokl-baseline still running, checking again in 60s
[2026-05-26 21:06:25]   ... phase3-nokl-baseline still running, checking again in 60s
[2026-05-26 21:07:25]   ... phase3-nokl-baseline still running, checking again in 60s
[2026-05-26 21:08:25]   ... phase3-nokl-baseline still running, checking again in 60s
[2026-05-26 21:09:25]   ... phase3-nokl-baseline still running, checking again in 60s
[2026-05-26 21:10:25]   ... phase3-nokl-baseline still running, checking again in 60s
[2026-05-26 21:11:25]   ... phase3-nokl-baseline still running, checking again in 60s
[2026-05-26 21:12:25]   ... phase3-nokl-baseline still running, checking again in 60s
[2026-05-26 21:13:25]   ... phase3-nokl-baseline still running, checking again in 60s
[2026-05-26 21:14:25]   ... phase3-nokl-baseline still running, checking again in 60s
[2026-05-26 21:15:25]   ... phase3-nokl-baseline still running, checking again in 60s
[2026-05-26 21:16:25]   ... phase3-nokl-baseline still running, checking again in 60s
[2026-05-26 21:17:25]   ... phase3-nokl-baseline still running, checking again in 60s
[2026-05-26 21:18:25]   ... phase3-nokl-baseline still running, checking again in 60s
[2026-05-26 21:19:25]   ... phase3-nokl-baseline still running, checking again in 60s
[2026-05-26 21:20:25]   ... phase3-nokl-baseline still running, checking again in 60s
[2026-05-26 21:21:25]   ... phase3-nokl-baseline still running, checking again in 60s
[2026-05-26 21:22:25]   ... phase3-nokl-baseline still running, checking again in 60s
[2026-05-26 21:23:25]   ... phase3-nokl-baseline still running, checking again in 60s
[2026-05-26 21:24:25]   ... phase3-nokl-baseline still running, checking again in 60s
[2026-05-26 21:25:25]   ... phase3-nokl-baseline still running, checking again in 60s
[2026-05-26 21:26:25]   ... phase3-nokl-baseline still running, checking again in 60s
[2026-05-26 21:27:25]   ... phase3-nokl-baseline still running, checking again in 60s
[2026-05-26 21:28:25]   ... phase3-nokl-baseline still running, checking again in 60s
[2026-05-26 21:29:25]   ... phase3-nokl-baseline still running, checking again in 60s
[2026-05-26 21:30:25]   ... phase3-nokl-baseline still running, checking again in 60s
[2026-05-26 21:31:25]   ... phase3-nokl-baseline still running, checking again in 60s
[2026-05-26 21:32:25]   ... phase3-nokl-baseline still running, checking again in 60s
[2026-05-26 21:33:25]   ... phase3-nokl-baseline still running, checking again in 60s
[2026-05-26 21:34:25]   ... phase3-nokl-baseline still running, checking again in 60s
[2026-05-26 21:35:26]   ... phase3-nokl-baseline still running, checking again in 60s
[2026-05-26 21:36:26]   ... phase3-nokl-baseline still running, checking again in 60s
[2026-05-26 21:37:26]   ... phase3-nokl-baseline still running, checking again in 60s
[2026-05-26 21:38:26]   ... phase3-nokl-baseline still running, checking again in 60s
[2026-05-26 21:39:26]   ... phase3-nokl-baseline still running, checking again in 60s
[2026-05-26 21:40:26]   ... phase3-nokl-baseline still running, checking again in 60s
[2026-05-26 21:41:26]   ... phase3-nokl-baseline still running, checking again in 60s
[2026-05-26 21:42:26]   ... phase3-nokl-baseline still running, checking again in 60s
[2026-05-26 21:43:26]   ... phase3-nokl-baseline still running, checking again in 60s
[2026-05-26 21:44:26]   ... phase3-nokl-baseline still running, checking again in 60s
[2026-05-26 21:45:26]   ... phase3-nokl-baseline still running, checking again in 60s
[2026-05-26 21:46:26]   ... phase3-nokl-baseline still running, checking again in 60s
[2026-05-26 21:47:26]   ... phase3-nokl-baseline still running, checking again in 60s
[2026-05-26 21:48:26]   ... phase3-nokl-baseline still running, checking again in 60s
[2026-05-26 21:49:26]   ... phase3-nokl-baseline still running, checking again in 60s
[2026-05-26 21:50:26]   ... phase3-nokl-baseline still running, checking again in 60s
[2026-05-26 21:51:26]   ... phase3-nokl-baseline still running, checking again in 60s
[2026-05-26 21:52:26]   ... phase3-nokl-baseline still running, checking again in 60s
[2026-05-26 21:53:26]   ... phase3-nokl-baseline still running, checking again in 60s
[2026-05-26 21:54:26]   ... phase3-nokl-baseline still running, checking again in 60s
[2026-05-26 21:55:26]   ... phase3-nokl-baseline still running, checking again in 60s
[2026-05-26 21:56:26]   ... phase3-nokl-baseline still running, checking again in 60s
[2026-05-26 21:57:26]   ... phase3-nokl-baseline still running, checking again in 60s
[2026-05-26 21:58:26]   ... phase3-nokl-baseline still running, checking again in 60s
[2026-05-26 21:59:26]   ... phase3-nokl-baseline still running, checking again in 60s
[2026-05-26 22:00:26]   ... phase3-nokl-baseline still running, checking again in 60s
[2026-05-26 22:01:26]   ... phase3-nokl-baseline still running, checking again in 60s
[2026-05-26 22:02:26]   ... phase3-nokl-baseline still running, checking again in 60s
[2026-05-26 22:03:26]   ... phase3-nokl-baseline still running, checking again in 60s
[2026-05-26 22:04:26]   ... phase3-nokl-baseline still running, checking again in 60s
[2026-05-26 22:05:27]   ... phase3-nokl-baseline still running, checking again in 60s
[2026-05-26 22:06:27]   ... phase3-nokl-baseline still running, checking again in 60s
[2026-05-26 22:07:27]   ... phase3-nokl-baseline still running, checking again in 60s
[2026-05-26 22:08:27]   ... phase3-nokl-baseline still running, checking again in 60s
[2026-05-26 22:09:27]   ... phase3-nokl-baseline still running, checking again in 60s
[2026-05-26 22:10:27]   ... phase3-nokl-baseline still running, checking again in 60s
[2026-05-26 22:11:27]   ... phase3-nokl-baseline still running, checking again in 60s
[2026-05-26 22:12:27]   ... phase3-nokl-baseline still running, checking again in 60s
[2026-05-26 22:13:27]   ... phase3-nokl-baseline still running, checking again in 60s
[2026-05-26 22:14:27]   ... phase3-nokl-baseline still running, checking again in 60s
[2026-05-26 22:15:27]   ... phase3-nokl-baseline still running, checking again in 60s
[2026-05-26 22:16:27]   ... phase3-nokl-baseline still running, checking again in 60s
[2026-05-26 22:17:27]   ... phase3-nokl-baseline still running, checking again in 60s
[2026-05-26 22:18:27]   ... phase3-nokl-baseline still running, checking again in 60s
[2026-05-26 22:19:27]   ... phase3-nokl-baseline still running, checking again in 60s
[2026-05-26 22:20:27]   ... phase3-nokl-baseline still running, checking again in 60s
[2026-05-26 22:21:27]   ... phase3-nokl-baseline still running, checking again in 60s
[2026-05-26 22:22:27]   ... phase3-nokl-baseline still running, checking again in 60s
[2026-05-26 22:23:27]   ... phase3-nokl-baseline still running, checking again in 60s
[2026-05-26 22:24:27]   ... phase3-nokl-baseline still running, checking again in 60s
[2026-05-26 22:25:27]   ... phase3-nokl-baseline still running, checking again in 60s
[2026-05-26 22:26:27]   ... phase3-nokl-baseline still running, checking again in 60s
[2026-05-26 22:27:27]   ... phase3-nokl-baseline still running, checking again in 60s
[2026-05-26 22:28:27]   ... phase3-nokl-baseline still running, checking again in 60s
[2026-05-26 22:29:27]   ... phase3-nokl-baseline still running, checking again in 60s
[2026-05-26 22:30:27]   ... phase3-nokl-baseline still running, checking again in 60s
[2026-05-26 22:31:28]   ... phase3-nokl-baseline still running, checking again in 60s
[2026-05-26 22:32:28]   ... phase3-nokl-baseline still running, checking again in 60s
[2026-05-26 22:33:28]   ... phase3-nokl-baseline still running, checking again in 60s
[2026-05-26 22:34:28]   ... phase3-nokl-baseline still running, checking again in 60s
[2026-05-26 22:35:28]   ... phase3-nokl-baseline still running, checking again in 60s
[2026-05-26 22:36:28]   ... phase3-nokl-baseline still running, checking again in 60s
[2026-05-26 22:37:28]   ... phase3-nokl-baseline still running, checking again in 60s
[2026-05-26 22:38:28]   ... phase3-nokl-baseline still running, checking again in 60s
[2026-05-26 22:39:28]   ... phase3-nokl-baseline still running, checking again in 60s
[2026-05-26 22:40:28]   ... phase3-nokl-baseline still running, checking again in 60s
[2026-05-26 22:41:28]   ... phase3-nokl-baseline still running, checking again in 60s
[2026-05-26 22:42:28]   ... phase3-nokl-baseline still running, checking again in 60s
[2026-05-26 22:43:28]   ... phase3-nokl-baseline still running, checking again in 60s
[2026-05-26 22:44:28]   ... phase3-nokl-baseline still running, checking again in 60s
[2026-05-26 22:45:28]   ... phase3-nokl-baseline still running, checking again in 60s
[2026-05-26 22:46:28]   ... phase3-nokl-baseline still running, checking again in 60s
[2026-05-26 22:47:28]   ... phase3-nokl-baseline still running, checking again in 60s
[2026-05-26 22:48:28]   ... phase3-nokl-baseline still running, checking again in 60s
[2026-05-26 22:49:28]   ... phase3-nokl-baseline still running, checking again in 60s
[2026-05-26 22:50:28]   ... phase3-nokl-baseline still running, checking again in 60s
[2026-05-26 22:51:29]   ... phase3-nokl-baseline still running, checking again in 60s
[2026-05-26 22:52:29]   ... phase3-nokl-baseline still running, checking again in 60s
[2026-05-26 22:53:29]   ... phase3-nokl-baseline still running, checking again in 60s
[2026-05-26 22:54:29]   ... phase3-nokl-baseline still running, checking again in 60s
[2026-05-26 22:55:29]   ... phase3-nokl-baseline still running, checking again in 60s
[2026-05-26 22:56:29]   ... phase3-nokl-baseline still running, checking again in 60s
[2026-05-26 22:57:29]   ... phase3-nokl-baseline still running, checking again in 60s
[2026-05-26 22:58:29]   ... phase3-nokl-baseline still running, checking again in 60s
[2026-05-26 22:59:29]   ... phase3-nokl-baseline still running, checking again in 60s
[2026-05-26 23:00:29]   ... phase3-nokl-baseline still running, checking again in 60s
[2026-05-26 23:01:29]   ... phase3-nokl-baseline still running, checking again in 60s
[2026-05-26 23:02:29]   ... phase3-nokl-baseline still running, checking again in 60s
[2026-05-26 23:03:29]   ... phase3-nokl-baseline still running, checking again in 60s
[2026-05-26 23:04:29]   ... phase3-nokl-baseline still running, checking again in 60s
[2026-05-26 23:05:29]   ... phase3-nokl-baseline still running, checking again in 60s
[2026-05-26 23:06:29]   ... phase3-nokl-baseline still running, checking again in 60s
[2026-05-26 23:07:29]   ... phase3-nokl-baseline still running, checking again in 60s
[2026-05-26 23:08:29]   ... phase3-nokl-baseline still running, checking again in 60s
[2026-05-26 23:09:29]   ... phase3-nokl-baseline still running, checking again in 60s
[2026-05-26 23:10:29]   ... phase3-nokl-baseline still running, checking again in 60s
[2026-05-26 23:11:29]   ... phase3-nokl-baseline still running, checking again in 60s
[2026-05-26 23:12:29]   ... phase3-nokl-baseline still running, checking again in 60s
[2026-05-26 23:13:29]   ... phase3-nokl-baseline still running, checking again in 60s
[2026-05-26 23:14:29]   ... phase3-nokl-baseline still running, checking again in 60s
[2026-05-26 23:15:29]   ... phase3-nokl-baseline still running, checking again in 60s
[2026-05-26 23:16:29]   ... phase3-nokl-baseline still running, checking again in 60s
[2026-05-26 23:17:29]   ... phase3-nokl-baseline still running, checking again in 60s
[2026-05-26 23:18:29]   ... phase3-nokl-baseline still running, checking again in 60s
[2026-05-26 23:19:30]   ... phase3-nokl-baseline still running, checking again in 60s
[2026-05-26 23:20:30]   ... phase3-nokl-baseline still running, checking again in 60s
[2026-05-26 23:21:30]   ... phase3-nokl-baseline still running, checking again in 60s
[2026-05-26 23:22:30]   ... phase3-nokl-baseline still running, checking again in 60s
[2026-05-26 23:23:30]   ... phase3-nokl-baseline still running, checking again in 60s
[2026-05-26 23:24:30]   ... phase3-nokl-baseline still running, checking again in 60s
[2026-05-26 23:25:30]   ... phase3-nokl-baseline still running, checking again in 60s
[2026-05-26 23:26:30]   ... phase3-nokl-baseline still running, checking again in 60s
[2026-05-26 23:27:30]   ... phase3-nokl-baseline still running, checking again in 60s
[2026-05-26 23:28:30]   ... phase3-nokl-baseline still running, checking again in 60s
[2026-05-26 23:29:30]   ... phase3-nokl-baseline still running, checking again in 60s
[2026-05-26 23:30:30]   ... phase3-nokl-baseline still running, checking again in 60s
[2026-05-26 23:31:30]   ... phase3-nokl-baseline still running, checking again in 60s
[2026-05-26 23:32:30]   ... phase3-nokl-baseline still running, checking again in 60s
[2026-05-26 23:33:30]   ... phase3-nokl-baseline still running, checking again in 60s
[2026-05-26 23:34:30]   ... phase3-nokl-baseline still running, checking again in 60s
[2026-05-26 23:35:30]   ... phase3-nokl-baseline still running, checking again in 60s
[2026-05-26 23:36:30]   ... phase3-nokl-baseline still running, checking again in 60s
[2026-05-26 23:37:30]   ... phase3-nokl-baseline still running, checking again in 60s
[2026-05-26 23:38:30]   ... phase3-nokl-baseline still running, checking again in 60s
[2026-05-26 23:39:30]   ... phase3-nokl-baseline still running, checking again in 60s
[2026-05-26 23:40:30]   ... phase3-nokl-baseline still running, checking again in 60s
[2026-05-26 23:41:30]   ... phase3-nokl-baseline still running, checking again in 60s
[2026-05-26 23:42:30]   ... phase3-nokl-baseline still running, checking again in 60s
[2026-05-26 23:43:30]   ... phase3-nokl-baseline still running, checking again in 60s
[2026-05-26 23:44:30]   ... phase3-nokl-baseline still running, checking again in 60s
[2026-05-26 23:45:30]   ... phase3-nokl-baseline still running, checking again in 60s
[2026-05-26 23:46:30]   ... phase3-nokl-baseline still running, checking again in 60s
[2026-05-26 23:47:30]   ... phase3-nokl-baseline still running, checking again in 60s
[2026-05-26 23:48:31]   ... phase3-nokl-baseline still running, checking again in 60s
[2026-05-26 23:49:31]   ... phase3-nokl-baseline still running, checking again in 60s
[2026-05-26 23:50:31]   ... phase3-nokl-baseline still running, checking again in 60s
[2026-05-26 23:51:31]   ... phase3-nokl-baseline still running, checking again in 60s
[2026-05-26 23:52:31]   ... phase3-nokl-baseline still running, checking again in 60s
[2026-05-26 23:53:31]   ... phase3-nokl-baseline still running, checking again in 60s
[2026-05-26 23:54:31]   ... phase3-nokl-baseline still running, checking again in 60s
[2026-05-26 23:55:31]   ... phase3-nokl-baseline still running, checking again in 60s
[2026-05-26 23:56:31]   ... phase3-nokl-baseline still running, checking again in 60s
[2026-05-26 23:57:31]   ... phase3-nokl-baseline still running, checking again in 60s
[2026-05-26 23:58:31]   ... phase3-nokl-baseline still running, checking again in 60s
[2026-05-26 23:59:31]   ... phase3-nokl-baseline still running, checking again in 60s
[2026-05-27 00:00:31]   ... phase3-nokl-baseline still running, checking again in 60s
[2026-05-27 00:01:31]   ... phase3-nokl-baseline still running, checking again in 60s
[2026-05-27 00:02:31]   ... phase3-nokl-baseline still running, checking again in 60s
[2026-05-27 00:03:31]   ... phase3-nokl-baseline still running, checking again in 60s
[2026-05-27 00:04:31]   ... phase3-nokl-baseline still running, checking again in 60s
[2026-05-27 00:05:31]   ... phase3-nokl-baseline still running, checking again in 60s
[2026-05-27 00:06:31]   ... phase3-nokl-baseline still running, checking again in 60s
[2026-05-27 00:07:31]   ... phase3-nokl-baseline still running, checking again in 60s
[2026-05-27 00:08:31]   ... phase3-nokl-baseline still running, checking again in 60s
[2026-05-27 00:09:31]   ... phase3-nokl-baseline still running, checking again in 60s
[2026-05-27 00:10:31]   ... phase3-nokl-baseline still running, checking again in 60s
[2026-05-27 00:11:31]   ... phase3-nokl-baseline still running, checking again in 60s
[2026-05-27 00:12:31]   ... phase3-nokl-baseline still running, checking again in 60s
[2026-05-27 00:13:31]   ... phase3-nokl-baseline still running, checking again in 60s
[2026-05-27 00:14:31]   ... phase3-nokl-baseline still running, checking again in 60s
[2026-05-27 00:15:31]   ... phase3-nokl-baseline still running, checking again in 60s
[2026-05-27 00:16:31]   ... phase3-nokl-baseline still running, checking again in 60s
[2026-05-27 00:17:32]   ... phase3-nokl-baseline still running, checking again in 60s
[2026-05-27 00:18:32]   ... phase3-nokl-baseline still running, checking again in 60s
[2026-05-27 00:19:32]   ... phase3-nokl-baseline still running, checking again in 60s
[2026-05-27 00:20:32]   ... phase3-nokl-baseline still running, checking again in 60s
[2026-05-27 00:21:32]   ... phase3-nokl-baseline still running, checking again in 60s
[2026-05-27 00:22:32]   ... phase3-nokl-baseline still running, checking again in 60s
[2026-05-27 00:23:32]   ... phase3-nokl-baseline still running, checking again in 60s
[2026-05-27 00:24:32]   ... phase3-nokl-baseline still running, checking again in 60s
[2026-05-27 00:25:32]   ... phase3-nokl-baseline still running, checking again in 60s
[2026-05-27 00:26:32]   ... phase3-nokl-baseline still running, checking again in 60s
[2026-05-27 00:27:32]   ... phase3-nokl-baseline still running, checking again in 60s
[2026-05-27 00:28:32]   ... phase3-nokl-baseline still running, checking again in 60s
[2026-05-27 00:29:32]   ... phase3-nokl-baseline still running, checking again in 60s
[2026-05-27 00:30:32]   ... phase3-nokl-baseline still running, checking again in 60s
[2026-05-27 00:31:32]   ... phase3-nokl-baseline still running, checking again in 60s
[2026-05-27 00:32:32]   ... phase3-nokl-baseline still running, checking again in 60s
[2026-05-27 00:33:32]   ... phase3-nokl-baseline still running, checking again in 60s
[2026-05-27 00:34:32]   ... phase3-nokl-baseline still running, checking again in 60s
[2026-05-27 00:35:32]   ... phase3-nokl-baseline still running, checking again in 60s
[2026-05-27 00:36:32]   ... phase3-nokl-baseline still running, checking again in 60s
[2026-05-27 00:37:32]   ... phase3-nokl-baseline still running, checking again in 60s
[2026-05-27 00:38:32]   ... phase3-nokl-baseline still running, checking again in 60s
[2026-05-27 00:39:32]   ... phase3-nokl-baseline still running, checking again in 60s
[2026-05-27 00:40:32]   ... phase3-nokl-baseline still running, checking again in 60s
[2026-05-27 00:41:32]   ... phase3-nokl-baseline still running, checking again in 60s
[2026-05-27 00:42:32]   ... phase3-nokl-baseline still running, checking again in 60s
[2026-05-27 00:43:32]   ... phase3-nokl-baseline still running, checking again in 60s
[2026-05-27 00:44:32]   ... phase3-nokl-baseline still running, checking again in 60s
[2026-05-27 00:45:32]   ... phase3-nokl-baseline still running, checking again in 60s
[2026-05-27 00:46:33]   ... phase3-nokl-baseline still running, checking again in 60s
[2026-05-27 00:47:33]   ... phase3-nokl-baseline still running, checking again in 60s
[2026-05-27 00:48:33]   ... phase3-nokl-baseline still running, checking again in 60s
[2026-05-27 00:49:33]   ... phase3-nokl-baseline still running, checking again in 60s
[2026-05-27 00:50:33]   ... phase3-nokl-baseline still running, checking again in 60s
[2026-05-27 00:51:33]   ... phase3-nokl-baseline still running, checking again in 60s
[2026-05-27 00:52:33]   ... phase3-nokl-baseline still running, checking again in 60s
[2026-05-27 00:53:33]   ... phase3-nokl-baseline still running, checking again in 60s
[2026-05-27 00:54:33]   ... phase3-nokl-baseline still running, checking again in 60s
[2026-05-27 00:55:33]   ... phase3-nokl-baseline still running, checking again in 60s
[2026-05-27 00:56:33]   ... phase3-nokl-baseline still running, checking again in 60s
[2026-05-27 00:57:33]   ... phase3-nokl-baseline still running, checking again in 60s
[2026-05-27 00:58:33]   ... phase3-nokl-baseline still running, checking again in 60s
[2026-05-27 00:59:33]   ... phase3-nokl-baseline still running, checking again in 60s
[2026-05-27 01:00:33]   ... phase3-nokl-baseline still running, checking again in 60s
[2026-05-27 01:01:33]   ... phase3-nokl-baseline still running, checking again in 60s
[2026-05-27 01:02:33]   ... phase3-nokl-baseline still running, checking again in 60s
[2026-05-27 01:03:33]   ... phase3-nokl-baseline still running, checking again in 60s
[2026-05-27 01:04:33]   ... phase3-nokl-baseline still running, checking again in 60s
[2026-05-27 01:05:33]   ... phase3-nokl-baseline still running, checking again in 60s
[2026-05-27 01:06:33]   ... phase3-nokl-baseline still running, checking again in 60s
[2026-05-27 01:07:33]   ... phase3-nokl-baseline still running, checking again in 60s
[2026-05-27 01:08:33]   ... phase3-nokl-baseline still running, checking again in 60s
[2026-05-27 01:09:33]   ... phase3-nokl-baseline still running, checking again in 60s
[2026-05-27 01:10:33]   ... phase3-nokl-baseline still running, checking again in 60s
[2026-05-27 01:11:33]   ... phase3-nokl-baseline still running, checking again in 60s
[2026-05-27 01:12:33]   ... phase3-nokl-baseline still running, checking again in 60s
[2026-05-27 01:13:33]   ... phase3-nokl-baseline still running, checking again in 60s
[2026-05-27 01:14:33]   ... phase3-nokl-baseline still running, checking again in 60s
[2026-05-27 01:15:33]   ... phase3-nokl-baseline still running, checking again in 60s
[2026-05-27 01:16:34]   ... phase3-nokl-baseline still running, checking again in 60s
[2026-05-27 01:17:34]   ... phase3-nokl-baseline still running, checking again in 60s
[2026-05-27 01:18:34]   ... phase3-nokl-baseline still running, checking again in 60s
[2026-05-27 01:19:34]   ... phase3-nokl-baseline still running, checking again in 60s
[2026-05-27 01:20:34]   ... phase3-nokl-baseline still running, checking again in 60s
[2026-05-27 01:21:34]   ... phase3-nokl-baseline still running, checking again in 60s
[2026-05-27 01:22:34]   ... phase3-nokl-baseline still running, checking again in 60s
[2026-05-27 01:23:34]   ... phase3-nokl-baseline still running, checking again in 60s
[2026-05-27 01:24:34]   ... phase3-nokl-baseline still running, checking again in 60s
[2026-05-27 01:25:34]   ... phase3-nokl-baseline still running, checking again in 60s
[2026-05-27 01:26:34]   ... phase3-nokl-baseline still running, checking again in 60s
[2026-05-27 01:27:34]   ... phase3-nokl-baseline still running, checking again in 60s
[2026-05-27 01:28:34]   ... phase3-nokl-baseline still running, checking again in 60s
[2026-05-27 01:29:34]   ... phase3-nokl-baseline still running, checking again in 60s
[2026-05-27 01:30:34]   ... phase3-nokl-baseline still running, checking again in 60s
[2026-05-27 01:31:34]   ... phase3-nokl-baseline still running, checking again in 60s
[2026-05-27 01:32:34]   ... phase3-nokl-baseline still running, checking again in 60s
[2026-05-27 01:33:34]   ... phase3-nokl-baseline still running, checking again in 60s
[2026-05-27 01:34:34]   ... phase3-nokl-baseline still running, checking again in 60s
[2026-05-27 01:35:34]   ... phase3-nokl-baseline still running, checking again in 60s
[2026-05-27 01:36:34]   ... phase3-nokl-baseline still running, checking again in 60s
[2026-05-27 01:37:34]   ... phase3-nokl-baseline still running, checking again in 60s
[2026-05-27 01:38:34]   ... phase3-nokl-baseline still running, checking again in 60s
[2026-05-27 01:39:34]   ... phase3-nokl-baseline still running, checking again in 60s
[2026-05-27 01:40:34]   ... phase3-nokl-baseline still running, checking again in 60s
[2026-05-27 01:41:34]   ... phase3-nokl-baseline still running, checking again in 60s
[2026-05-27 01:42:34]   ... phase3-nokl-baseline still running, checking again in 60s
[2026-05-27 01:43:34]   ... phase3-nokl-baseline still running, checking again in 60s
[2026-05-27 01:44:34]   ... phase3-nokl-baseline still running, checking again in 60s
[2026-05-27 01:45:35]   ... phase3-nokl-baseline still running, checking again in 60s
[2026-05-27 01:46:35]   ... phase3-nokl-baseline still running, checking again in 60s
[2026-05-27 01:47:35]   ... phase3-nokl-baseline still running, checking again in 60s
[2026-05-27 01:48:35]   ... phase3-nokl-baseline still running, checking again in 60s
[2026-05-27 01:49:35]   ... phase3-nokl-baseline still running, checking again in 60s
[2026-05-27 01:50:35]   ... phase3-nokl-baseline still running, checking again in 60s
[2026-05-27 01:51:35]   ... phase3-nokl-baseline still running, checking again in 60s
[2026-05-27 01:52:35]   ... phase3-nokl-baseline still running, checking again in 60s
[2026-05-27 01:53:35]   ... phase3-nokl-baseline still running, checking again in 60s
[2026-05-27 01:54:35]   ... phase3-nokl-baseline still running, checking again in 60s
[2026-05-27 01:55:35]   ... phase3-nokl-baseline still running, checking again in 60s
[2026-05-27 01:56:35]   ... phase3-nokl-baseline still running, checking again in 60s
[2026-05-27 01:57:35]   ... phase3-nokl-baseline still running, checking again in 60s
[2026-05-27 01:58:35]   ... phase3-nokl-baseline still running, checking again in 60s
[2026-05-27 01:59:35]   ... phase3-nokl-baseline still running, checking again in 60s
[2026-05-27 02:00:35]   ... phase3-nokl-baseline still running, checking again in 60s
[2026-05-27 02:01:35]   ... phase3-nokl-baseline still running, checking again in 60s
[2026-05-27 02:02:35]   ... phase3-nokl-baseline still running, checking again in 60s
[2026-05-27 02:03:35]   ... phase3-nokl-baseline still running, checking again in 60s
[2026-05-27 02:04:35]   ... phase3-nokl-baseline still running, checking again in 60s
[2026-05-27 02:05:35]   ... phase3-nokl-baseline still running, checking again in 60s
[2026-05-27 02:06:35]   ... phase3-nokl-baseline still running, checking again in 60s
[2026-05-27 02:07:35]   ... phase3-nokl-baseline still running, checking again in 60s
[2026-05-27 02:08:35]   ... phase3-nokl-baseline still running, checking again in 60s
[2026-05-27 02:09:35]   ... phase3-nokl-baseline still running, checking again in 60s
[2026-05-27 02:10:35]   ... phase3-nokl-baseline still running, checking again in 60s
[2026-05-27 02:11:35]   ... phase3-nokl-baseline still running, checking again in 60s
[2026-05-27 02:12:35]   ... phase3-nokl-baseline still running, checking again in 60s
[2026-05-27 02:13:35]   ... phase3-nokl-baseline still running, checking again in 60s
[2026-05-27 02:14:36]   ... phase3-nokl-baseline still running, checking again in 60s
[2026-05-27 02:15:36]   ... phase3-nokl-baseline still running, checking again in 60s
[2026-05-27 02:16:36]   ... phase3-nokl-baseline still running, checking again in 60s
[2026-05-27 02:17:36]   ... phase3-nokl-baseline still running, checking again in 60s
[2026-05-27 02:18:36]   ... phase3-nokl-baseline still running, checking again in 60s
[2026-05-27 02:19:36]   ... phase3-nokl-baseline still running, checking again in 60s
[2026-05-27 02:20:36]   ... phase3-nokl-baseline still running, checking again in 60s
[2026-05-27 02:21:36]   ... phase3-nokl-baseline still running, checking again in 60s
[2026-05-27 02:22:36]   ... phase3-nokl-baseline still running, checking again in 60s
[2026-05-27 02:23:36]   ... phase3-nokl-baseline still running, checking again in 60s
[2026-05-27 02:24:36]   ... phase3-nokl-baseline still running, checking again in 60s
[2026-05-27 02:25:36]   ... phase3-nokl-baseline still running, checking again in 60s
[2026-05-27 02:26:36]   ... phase3-nokl-baseline still running, checking again in 60s
[2026-05-27 02:27:36]   ... phase3-nokl-baseline still running, checking again in 60s
[2026-05-27 02:28:36]   ... phase3-nokl-baseline still running, checking again in 60s
[2026-05-27 02:29:36]   ... phase3-nokl-baseline still running, checking again in 60s
[2026-05-27 02:30:36]   ... phase3-nokl-baseline still running, checking again in 60s
[2026-05-27 02:31:36]   ... phase3-nokl-baseline still running, checking again in 60s
[2026-05-27 02:32:36]   ... phase3-nokl-baseline still running, checking again in 60s
[2026-05-27 02:33:36]   ... phase3-nokl-baseline still running, checking again in 60s
[2026-05-27 02:34:36]   ... phase3-nokl-baseline still running, checking again in 60s
[2026-05-27 02:35:36]   ... phase3-nokl-baseline still running, checking again in 60s
[2026-05-27 02:36:36]   ... phase3-nokl-baseline still running, checking again in 60s
[2026-05-27 02:37:36]   ... phase3-nokl-baseline still running, checking again in 60s
[2026-05-27 02:38:36]   ... phase3-nokl-baseline still running, checking again in 60s
[2026-05-27 02:39:36]   ... phase3-nokl-baseline still running, checking again in 60s
[2026-05-27 02:40:36]   ... phase3-nokl-baseline still running, checking again in 60s
[2026-05-27 02:41:36]   ... phase3-nokl-baseline still running, checking again in 60s
[2026-05-27 02:42:37]   ... phase3-nokl-baseline still running, checking again in 60s
[2026-05-27 02:43:37]   ... phase3-nokl-baseline still running, checking again in 60s
[2026-05-27 02:44:37]   ... phase3-nokl-baseline still running, checking again in 60s
[2026-05-27 02:45:37]   ... phase3-nokl-baseline still running, checking again in 60s
[2026-05-27 02:46:37]   ... phase3-nokl-baseline still running, checking again in 60s
[2026-05-27 02:47:37]   ... phase3-nokl-baseline still running, checking again in 60s
[2026-05-27 02:48:37]   ... phase3-nokl-baseline still running, checking again in 60s
[2026-05-27 02:49:37]   ... phase3-nokl-baseline still running, checking again in 60s
[2026-05-27 02:50:37]   ... phase3-nokl-baseline still running, checking again in 60s
[2026-05-27 02:51:37]   ... phase3-nokl-baseline still running, checking again in 60s
[2026-05-27 02:52:37]   ... phase3-nokl-baseline still running, checking again in 60s
[2026-05-27 02:53:37]   ... phase3-nokl-baseline still running, checking again in 60s
[2026-05-27 02:54:37]   ... phase3-nokl-baseline still running, checking again in 60s
[2026-05-27 02:55:37]   ... phase3-nokl-baseline still running, checking again in 60s
[2026-05-27 02:56:37]   ... phase3-nokl-baseline still running, checking again in 60s
[2026-05-27 02:57:37]   ... phase3-nokl-baseline still running, checking again in 60s
[2026-05-27 02:58:37]   ... phase3-nokl-baseline still running, checking again in 60s
[2026-05-27 02:59:37]   ... phase3-nokl-baseline still running, checking again in 60s
[2026-05-27 03:00:37]   ... phase3-nokl-baseline still running, checking again in 60s
[2026-05-27 03:01:37]   ... phase3-nokl-baseline still running, checking again in 60s
[2026-05-27 03:02:37]   ... phase3-nokl-baseline still running, checking again in 60s
[2026-05-27 03:03:37]   ... phase3-nokl-baseline still running, checking again in 60s
[2026-05-27 03:04:37]   ... phase3-nokl-baseline still running, checking again in 60s
[2026-05-27 03:05:37]   ... phase3-nokl-baseline still running, checking again in 60s
[2026-05-27 03:06:37]   ... phase3-nokl-baseline still running, checking again in 60s
[2026-05-27 03:07:37]   ... phase3-nokl-baseline still running, checking again in 60s
[2026-05-27 03:08:37]   ... phase3-nokl-baseline still running, checking again in 60s
[2026-05-27 03:09:37]   ... phase3-nokl-baseline still running, checking again in 60s
[2026-05-27 03:10:37]   ... phase3-nokl-baseline still running, checking again in 60s
[2026-05-27 03:11:37]   ... phase3-nokl-baseline still running, checking again in 60s
[2026-05-27 03:12:38]   ... phase3-nokl-baseline still running, checking again in 60s
[2026-05-27 03:13:38]   ... phase3-nokl-baseline still running, checking again in 60s
[2026-05-27 03:14:38]   ... phase3-nokl-baseline still running, checking again in 60s
[2026-05-27 03:15:38]   ... phase3-nokl-baseline still running, checking again in 60s
[2026-05-27 03:16:38]   ... phase3-nokl-baseline still running, checking again in 60s
[2026-05-27 03:17:38]   ... phase3-nokl-baseline still running, checking again in 60s
[2026-05-27 03:18:38]   ... phase3-nokl-baseline still running, checking again in 60s
[2026-05-27 03:19:38]   ... phase3-nokl-baseline still running, checking again in 60s
[2026-05-27 03:20:38]   ... phase3-nokl-baseline still running, checking again in 60s
[2026-05-27 03:21:38]   ... phase3-nokl-baseline still running, checking again in 60s
[2026-05-27 03:22:38]   ... phase3-nokl-baseline still running, checking again in 60s
[2026-05-27 03:23:38]   ... phase3-nokl-baseline still running, checking again in 60s
[2026-05-27 03:24:38]   ... phase3-nokl-baseline still running, checking again in 60s
[2026-05-27 03:25:38]   ... phase3-nokl-baseline still running, checking again in 60s
[2026-05-27 03:26:38]   ... phase3-nokl-baseline still running, checking again in 60s
[2026-05-27 03:27:38]   ... phase3-nokl-baseline still running, checking again in 60s
[2026-05-27 03:28:38]   ... phase3-nokl-baseline still running, checking again in 60s
[2026-05-27 03:29:38]   ... phase3-nokl-baseline still running, checking again in 60s
[2026-05-27 03:30:38]   ... phase3-nokl-baseline still running, checking again in 60s
[2026-05-27 03:31:38]   ... phase3-nokl-baseline still running, checking again in 60s
[2026-05-27 03:32:38]   ... phase3-nokl-baseline still running, checking again in 60s
[2026-05-27 03:33:38]   ... phase3-nokl-baseline still running, checking again in 60s
[2026-05-27 03:34:38]   ... phase3-nokl-baseline still running, checking again in 60s
[2026-05-27 03:35:38]   ... phase3-nokl-baseline still running, checking again in 60s
[2026-05-27 03:36:38]   ... phase3-nokl-baseline still running, checking again in 60s
[2026-05-27 03:37:38]   ... phase3-nokl-baseline still running, checking again in 60s
[2026-05-27 03:38:38]   ... phase3-nokl-baseline still running, checking again in 60s
[2026-05-27 03:39:38]   ... phase3-nokl-baseline still running, checking again in 60s
[2026-05-27 03:40:39]   ... phase3-nokl-baseline still running, checking again in 60s
[2026-05-27 03:41:39]   ... phase3-nokl-baseline still running, checking again in 60s
[2026-05-27 03:42:39]   ... phase3-nokl-baseline still running, checking again in 60s
[2026-05-27 03:43:39]   ... phase3-nokl-baseline still running, checking again in 60s
[2026-05-27 03:44:39]   ... phase3-nokl-baseline still running, checking again in 60s
[2026-05-27 03:45:39]   ... phase3-nokl-baseline still running, checking again in 60s
[2026-05-27 03:46:39]   ... phase3-nokl-baseline still running, checking again in 60s
[2026-05-27 03:47:39]   ... phase3-nokl-baseline still running, checking again in 60s
[2026-05-27 03:48:39]   ... phase3-nokl-baseline still running, checking again in 60s
[2026-05-27 03:49:39]   ... phase3-nokl-baseline still running, checking again in 60s
[2026-05-27 03:50:39]   ... phase3-nokl-baseline still running, checking again in 60s
[2026-05-27 03:51:39]   ... phase3-nokl-baseline still running, checking again in 60s
[2026-05-27 03:52:39]   ... phase3-nokl-baseline still running, checking again in 60s
[2026-05-27 03:53:39]   ... phase3-nokl-baseline still running, checking again in 60s
[2026-05-27 03:54:39]   ... phase3-nokl-baseline still running, checking again in 60s
[2026-05-27 03:55:39]   ... phase3-nokl-baseline still running, checking again in 60s
[2026-05-27 03:56:39]   ... phase3-nokl-baseline still running, checking again in 60s
[2026-05-27 03:57:39]   ... phase3-nokl-baseline still running, checking again in 60s
[2026-05-27 03:58:39]   ... phase3-nokl-baseline still running, checking again in 60s
[2026-05-27 03:59:39]   ... phase3-nokl-baseline still running, checking again in 60s
[2026-05-27 04:00:39]   ... phase3-nokl-baseline still running, checking again in 60s
[2026-05-27 04:01:39]   ... phase3-nokl-baseline still running, checking again in 60s
[2026-05-27 04:02:39]   ... phase3-nokl-baseline still running, checking again in 60s
[2026-05-27 04:03:39]   ... phase3-nokl-baseline still running, checking again in 60s
[2026-05-27 04:04:39]   ... phase3-nokl-baseline still running, checking again in 60s
[2026-05-27 04:05:39]   ... phase3-nokl-baseline still running, checking again in 60s
[2026-05-27 04:06:39]   ... phase3-nokl-baseline still running, checking again in 60s
[2026-05-27 04:07:39]   ... phase3-nokl-baseline still running, checking again in 60s
[2026-05-27 04:08:39]   ... phase3-nokl-baseline still running, checking again in 60s
[2026-05-27 04:09:40]   ... phase3-nokl-baseline still running, checking again in 60s
[2026-05-27 04:10:40]   ... phase3-nokl-baseline still running, checking again in 60s
[2026-05-27 04:11:40]   ... phase3-nokl-baseline still running, checking again in 60s
[2026-05-27 04:12:40]   ... phase3-nokl-baseline still running, checking again in 60s
[2026-05-27 04:13:40]   ... phase3-nokl-baseline still running, checking again in 60s
[2026-05-27 04:14:40]   ... phase3-nokl-baseline still running, checking again in 60s
[2026-05-27 04:15:40]   ... phase3-nokl-baseline still running, checking again in 60s
[2026-05-27 04:16:40]   ... phase3-nokl-baseline still running, checking again in 60s
[2026-05-27 04:17:40]   ... phase3-nokl-baseline still running, checking again in 60s
[2026-05-27 04:18:40]   ... phase3-nokl-baseline still running, checking again in 60s
[2026-05-27 04:19:40]   ... phase3-nokl-baseline still running, checking again in 60s
[2026-05-27 04:20:40]   ... phase3-nokl-baseline still running, checking again in 60s
[2026-05-27 04:21:40]   ... phase3-nokl-baseline still running, checking again in 60s
[2026-05-27 04:22:40]   ... phase3-nokl-baseline still running, checking again in 60s
[2026-05-27 04:23:40]   ... phase3-nokl-baseline still running, checking again in 60s
[2026-05-27 04:24:40]   ... phase3-nokl-baseline still running, checking again in 60s
[2026-05-27 04:25:40]   ... phase3-nokl-baseline still running, checking again in 60s
[2026-05-27 04:26:40]   ... phase3-nokl-baseline still running, checking again in 60s
[2026-05-27 04:27:40]   ... phase3-nokl-baseline still running, checking again in 60s
[2026-05-27 04:28:40]   ... phase3-nokl-baseline still running, checking again in 60s
[2026-05-27 04:29:40]   ... phase3-nokl-baseline still running, checking again in 60s
[2026-05-27 04:30:40]   ... phase3-nokl-baseline still running, checking again in 60s
[2026-05-27 04:31:40]   ... phase3-nokl-baseline still running, checking again in 60s
[2026-05-27 04:32:40]   ... phase3-nokl-baseline still running, checking again in 60s
[2026-05-27 04:33:40]   ... phase3-nokl-baseline still running, checking again in 60s
[2026-05-27 04:34:40]   ... phase3-nokl-baseline still running, checking again in 60s
[2026-05-27 04:35:40]   ... phase3-nokl-baseline still running, checking again in 60s
[2026-05-27 04:36:40]   ... phase3-nokl-baseline still running, checking again in 60s
[2026-05-27 04:37:40]   ... phase3-nokl-baseline still running, checking again in 60s
[2026-05-27 04:38:40]   ... phase3-nokl-baseline still running, checking again in 60s
[2026-05-27 04:39:41]   ... phase3-nokl-baseline still running, checking again in 60s
[2026-05-27 04:40:41]   ... phase3-nokl-baseline still running, checking again in 60s
[2026-05-27 04:41:41]   ... phase3-nokl-baseline still running, checking again in 60s
[2026-05-27 04:42:41]   ... phase3-nokl-baseline still running, checking again in 60s
[2026-05-27 04:43:41]   ... phase3-nokl-baseline still running, checking again in 60s
[2026-05-27 04:44:41]   ... phase3-nokl-baseline still running, checking again in 60s
[2026-05-27 04:45:41]   ... phase3-nokl-baseline still running, checking again in 60s
[2026-05-27 04:46:41]   ... phase3-nokl-baseline still running, checking again in 60s
[2026-05-27 04:47:41]   ... phase3-nokl-baseline still running, checking again in 60s
[2026-05-27 04:48:41]   ... phase3-nokl-baseline still running, checking again in 60s
[2026-05-27 04:49:41]   ... phase3-nokl-baseline still running, checking again in 60s
[2026-05-27 04:50:41]   ... phase3-nokl-baseline still running, checking again in 60s
[2026-05-27 04:51:41]   ... phase3-nokl-baseline still running, checking again in 60s
[2026-05-27 04:52:41]   ... phase3-nokl-baseline still running, checking again in 60s
[2026-05-27 04:53:41]   ... phase3-nokl-baseline still running, checking again in 60s
[2026-05-27 04:54:41]   ... phase3-nokl-baseline still running, checking again in 60s
[2026-05-27 04:55:41]   ... phase3-nokl-baseline still running, checking again in 60s
[2026-05-27 04:56:41]   ... phase3-nokl-baseline still running, checking again in 60s
[2026-05-27 04:57:41]   ... phase3-nokl-baseline still running, checking again in 60s
[2026-05-27 04:58:41]   ... phase3-nokl-baseline still running, checking again in 60s
[2026-05-27 04:59:41]   ... phase3-nokl-baseline still running, checking again in 60s
[2026-05-27 05:00:41]   ... phase3-nokl-baseline still running, checking again in 60s
[2026-05-27 05:01:41]   ... phase3-nokl-baseline still running, checking again in 60s
[2026-05-27 05:02:41]   ... phase3-nokl-baseline still running, checking again in 60s
[2026-05-27 05:03:41]   ... phase3-nokl-baseline still running, checking again in 60s
[2026-05-27 05:04:41]   ... phase3-nokl-baseline still running, checking again in 60s
[2026-05-27 05:05:41]   ... phase3-nokl-baseline still running, checking again in 60s
[2026-05-27 05:06:41]   ... phase3-nokl-baseline still running, checking again in 60s
[2026-05-27 05:07:41]   ... phase3-nokl-baseline still running, checking again in 60s
[2026-05-27 05:08:41]   ... phase3-nokl-baseline still running, checking again in 60s
[2026-05-27 05:09:42]   ... phase3-nokl-baseline still running, checking again in 60s
[2026-05-27 05:10:42]   ... phase3-nokl-baseline still running, checking again in 60s
[2026-05-27 05:11:42]   ... phase3-nokl-baseline still running, checking again in 60s
[2026-05-27 05:12:42]   ... phase3-nokl-baseline still running, checking again in 60s
[2026-05-27 05:13:42]   ... phase3-nokl-baseline still running, checking again in 60s
[2026-05-27 05:14:42]   ... phase3-nokl-baseline still running, checking again in 60s
[2026-05-27 05:15:42]   ... phase3-nokl-baseline still running, checking again in 60s
[2026-05-27 05:16:42]   ... phase3-nokl-baseline still running, checking again in 60s
[2026-05-27 05:17:42]   ... phase3-nokl-baseline still running, checking again in 60s
[2026-05-27 05:18:42]   ... phase3-nokl-baseline still running, checking again in 60s
[2026-05-27 05:19:42]   ... phase3-nokl-baseline still running, checking again in 60s
[2026-05-27 05:20:42]   ... phase3-nokl-baseline still running, checking again in 60s
[2026-05-27 05:21:42]   ... phase3-nokl-baseline still running, checking again in 60s
[2026-05-27 05:22:42]   ... phase3-nokl-baseline still running, checking again in 60s
[2026-05-27 05:23:42]   ... phase3-nokl-baseline still running, checking again in 60s
[2026-05-27 05:24:42]   ... phase3-nokl-baseline still running, checking again in 60s
[2026-05-27 05:25:42]   ... phase3-nokl-baseline still running, checking again in 60s
[2026-05-27 05:26:42]   ... phase3-nokl-baseline still running, checking again in 60s
[2026-05-27 05:27:42]   ... phase3-nokl-baseline still running, checking again in 60s
[2026-05-27 05:28:42]   ... phase3-nokl-baseline still running, checking again in 60s
[2026-05-27 05:29:42]   ... phase3-nokl-baseline still running, checking again in 60s
[2026-05-27 05:30:42]   ... phase3-nokl-baseline still running, checking again in 60s
[2026-05-27 05:31:42]   ... phase3-nokl-baseline still running, checking again in 60s
[2026-05-27 05:32:42]   ... phase3-nokl-baseline still running, checking again in 60s
[2026-05-27 05:33:42]   ... phase3-nokl-baseline still running, checking again in 60s
[2026-05-27 05:34:42]   ... phase3-nokl-baseline still running, checking again in 60s
[2026-05-27 05:35:42]   ... phase3-nokl-baseline still running, checking again in 60s
[2026-05-27 05:36:42]   ... phase3-nokl-baseline still running, checking again in 60s
[2026-05-27 05:37:42]   ... phase3-nokl-baseline still running, checking again in 60s
[2026-05-27 05:38:42]   ... phase3-nokl-baseline still running, checking again in 60s
[2026-05-27 05:39:43]   ... phase3-nokl-baseline still running, checking again in 60s
[2026-05-27 05:40:43]   ... phase3-nokl-baseline still running, checking again in 60s
[2026-05-27 05:41:43]   ... phase3-nokl-baseline still running, checking again in 60s
[2026-05-27 05:42:43]   ... phase3-nokl-baseline still running, checking again in 60s
[2026-05-27 05:43:43]   ... phase3-nokl-baseline still running, checking again in 60s
[2026-05-27 05:44:43]   ... phase3-nokl-baseline still running, checking again in 60s
[2026-05-27 05:45:43]   ... phase3-nokl-baseline still running, checking again in 60s
[2026-05-27 05:46:43]   ... phase3-nokl-baseline still running, checking again in 60s
[2026-05-27 05:47:43]   ... phase3-nokl-baseline still running, checking again in 60s
[2026-05-27 05:48:43]   ... phase3-nokl-baseline still running, checking again in 60s
[2026-05-27 05:49:43]   ... phase3-nokl-baseline still running, checking again in 60s
[2026-05-27 05:50:43]   ... phase3-nokl-baseline still running, checking again in 60s
[2026-05-27 05:51:43]   ... phase3-nokl-baseline still running, checking again in 60s
[2026-05-27 05:52:43]   ... phase3-nokl-baseline still running, checking again in 60s
[2026-05-27 05:53:43]   ... phase3-nokl-baseline still running, checking again in 60s
[2026-05-27 05:54:43]   ... phase3-nokl-baseline still running, checking again in 60s
[2026-05-27 05:55:43]   ... phase3-nokl-baseline still running, checking again in 60s
[2026-05-27 05:56:43]   ... phase3-nokl-baseline still running, checking again in 60s
[2026-05-27 05:57:43]   ... phase3-nokl-baseline still running, checking again in 60s
[2026-05-27 05:58:43]   ... phase3-nokl-baseline still running, checking again in 60s
[2026-05-27 05:59:43]   ... phase3-nokl-baseline still running, checking again in 60s
[2026-05-27 06:00:43]   ... phase3-nokl-baseline still running, checking again in 60s
[2026-05-27 06:01:43]   ... phase3-nokl-baseline still running, checking again in 60s
[2026-05-27 06:02:43]   ... phase3-nokl-baseline still running, checking again in 60s
[2026-05-27 06:03:43]   ... phase3-nokl-baseline still running, checking again in 60s
[2026-05-27 06:04:43]   ... phase3-nokl-baseline still running, checking again in 60s
[2026-05-27 06:05:43]   ... phase3-nokl-baseline still running, checking again in 60s
[2026-05-27 06:06:43]   ... phase3-nokl-baseline still running, checking again in 60s
[2026-05-27 06:07:44]   ... phase3-nokl-baseline still running, checking again in 60s
[2026-05-27 06:08:44]   ... phase3-nokl-baseline still running, checking again in 60s
[2026-05-27 06:09:44]   ... phase3-nokl-baseline still running, checking again in 60s
[2026-05-27 06:10:44]   ... phase3-nokl-baseline still running, checking again in 60s
[2026-05-27 06:11:44]   ... phase3-nokl-baseline still running, checking again in 60s
[2026-05-27 06:12:44]   ... phase3-nokl-baseline still running, checking again in 60s
[2026-05-27 06:13:44]   ... phase3-nokl-baseline still running, checking again in 60s
[2026-05-27 06:14:44]   ... phase3-nokl-baseline still running, checking again in 60s
[2026-05-27 06:15:44]   ... phase3-nokl-baseline still running, checking again in 60s
[2026-05-27 06:16:44]   ... phase3-nokl-baseline still running, checking again in 60s
[2026-05-27 06:17:44]   ... phase3-nokl-baseline still running, checking again in 60s
[2026-05-27 06:18:44]   ... phase3-nokl-baseline still running, checking again in 60s
[2026-05-27 06:19:44]   ... phase3-nokl-baseline still running, checking again in 60s
[2026-05-27 06:20:44]   ... phase3-nokl-baseline still running, checking again in 60s
[2026-05-27 06:21:44]   ... phase3-nokl-baseline still running, checking again in 60s
[2026-05-27 06:22:44]   ... phase3-nokl-baseline still running, checking again in 60s
[2026-05-27 06:23:44]   ... phase3-nokl-baseline still running, checking again in 60s
[2026-05-27 06:24:44]   ... phase3-nokl-baseline still running, checking again in 60s
[2026-05-27 06:25:44]   ... phase3-nokl-baseline still running, checking again in 60s
[2026-05-27 06:26:44]   ... phase3-nokl-baseline still running, checking again in 60s
[2026-05-27 06:27:44]   ... phase3-nokl-baseline still running, checking again in 60s
[2026-05-27 06:28:44]   ... phase3-nokl-baseline still running, checking again in 60s
[2026-05-27 06:29:44]   ... phase3-nokl-baseline still running, checking again in 60s
[2026-05-27 06:30:44]   ... phase3-nokl-baseline still running, checking again in 60s
[2026-05-27 06:31:44]   ... phase3-nokl-baseline still running, checking again in 60s
[2026-05-27 06:32:44]   ... phase3-nokl-baseline still running, checking again in 60s
[2026-05-27 06:33:44]   ... phase3-nokl-baseline still running, checking again in 60s
[2026-05-27 06:34:44]   ... phase3-nokl-baseline still running, checking again in 60s
[2026-05-27 06:35:44]   ... phase3-nokl-baseline still running, checking again in 60s
[2026-05-27 06:36:44]   ... phase3-nokl-baseline still running, checking again in 60s
[2026-05-27 06:37:45]   ... phase3-nokl-baseline still running, checking again in 60s
[2026-05-27 06:38:45]   ... phase3-nokl-baseline still running, checking again in 60s
[2026-05-27 06:39:45]   ... phase3-nokl-baseline still running, checking again in 60s
[2026-05-27 06:40:45]   ... phase3-nokl-baseline still running, checking again in 60s
[2026-05-27 06:41:45]   ... phase3-nokl-baseline still running, checking again in 60s
[2026-05-27 06:42:45]   ... phase3-nokl-baseline still running, checking again in 60s
[2026-05-27 06:43:45]   ... phase3-nokl-baseline still running, checking again in 60s
[2026-05-27 06:44:45]   ... phase3-nokl-baseline still running, checking again in 60s
[2026-05-27 06:45:45]   ... phase3-nokl-baseline still running, checking again in 60s
[2026-05-27 06:46:45]   ... phase3-nokl-baseline still running, checking again in 60s
[2026-05-27 06:47:45]   ... phase3-nokl-baseline still running, checking again in 60s
[2026-05-27 06:48:45]   ... phase3-nokl-baseline still running, checking again in 60s
[2026-05-27 06:49:45]   ... phase3-nokl-baseline still running, checking again in 60s
[2026-05-27 06:50:45]   ... phase3-nokl-baseline still running, checking again in 60s
[2026-05-27 06:51:45]   ... phase3-nokl-baseline still running, checking again in 60s
[2026-05-27 06:52:45]   ... phase3-nokl-baseline still running, checking again in 60s
[2026-05-27 06:53:45]   ... phase3-nokl-baseline still running, checking again in 60s
[2026-05-27 06:54:45]   ... phase3-nokl-baseline still running, checking again in 60s
[2026-05-27 06:55:45]   ... phase3-nokl-baseline still running, checking again in 60s
[2026-05-27 06:56:45]   ... phase3-nokl-baseline still running, checking again in 60s
[2026-05-27 06:57:45]   ... phase3-nokl-baseline still running, checking again in 60s
[2026-05-27 06:58:45]   ... phase3-nokl-baseline still running, checking again in 60s
[2026-05-27 06:59:45]   ... phase3-nokl-baseline still running, checking again in 60s
[2026-05-27 07:00:45]   ... phase3-nokl-baseline still running, checking again in 60s
[2026-05-27 07:01:45]   ... phase3-nokl-baseline still running, checking again in 60s
[2026-05-27 07:02:45]   ... phase3-nokl-baseline still running, checking again in 60s
[2026-05-27 07:03:45]   ... phase3-nokl-baseline still running, checking again in 60s
[2026-05-27 07:04:45]   ... phase3-nokl-baseline still running, checking again in 60s
[2026-05-27 07:05:45]   ... phase3-nokl-baseline still running, checking again in 60s
[2026-05-27 07:06:46]   ... phase3-nokl-baseline still running, checking again in 60s
[2026-05-27 07:07:46]   ... phase3-nokl-baseline still running, checking again in 60s
[2026-05-27 07:08:46]   ... phase3-nokl-baseline still running, checking again in 60s
[2026-05-27 07:09:46]   ... phase3-nokl-baseline still running, checking again in 60s
[2026-05-27 07:10:46]   ... phase3-nokl-baseline still running, checking again in 60s
[2026-05-27 07:11:46]   ... phase3-nokl-baseline still running, checking again in 60s
[2026-05-27 07:12:46]   ... phase3-nokl-baseline still running, checking again in 60s
[2026-05-27 07:13:46]   ... phase3-nokl-baseline still running, checking again in 60s
[2026-05-27 07:14:46]   ... phase3-nokl-baseline still running, checking again in 60s
[2026-05-27 07:15:46]   ... phase3-nokl-baseline still running, checking again in 60s
[2026-05-27 07:16:46]   ... phase3-nokl-baseline still running, checking again in 60s
[2026-05-27 07:17:46]   ... phase3-nokl-baseline still running, checking again in 60s
[2026-05-27 07:18:46]   ... phase3-nokl-baseline still running, checking again in 60s
[2026-05-27 07:19:46]   ... phase3-nokl-baseline still running, checking again in 60s
[2026-05-27 07:20:46]   ... phase3-nokl-baseline still running, checking again in 60s
[2026-05-27 07:21:46]   ... phase3-nokl-baseline still running, checking again in 60s
[2026-05-27 07:22:46]   ... phase3-nokl-baseline still running, checking again in 60s
[2026-05-27 07:23:46]   ... phase3-nokl-baseline still running, checking again in 60s
[2026-05-27 07:24:46]   ... phase3-nokl-baseline still running, checking again in 60s
[2026-05-27 07:25:46]   ... phase3-nokl-baseline still running, checking again in 60s
[2026-05-27 07:26:46]   ... phase3-nokl-baseline still running, checking again in 60s
[2026-05-27 07:27:46]   ... phase3-nokl-baseline still running, checking again in 60s
[2026-05-27 07:28:46]   ... phase3-nokl-baseline still running, checking again in 60s
[2026-05-27 07:29:46]   ... phase3-nokl-baseline still running, checking again in 60s
[2026-05-27 07:30:46]   ... phase3-nokl-baseline still running, checking again in 60s
[2026-05-27 07:31:46]   ... phase3-nokl-baseline still running, checking again in 60s
[2026-05-27 07:32:46]   ... phase3-nokl-baseline still running, checking again in 60s
[2026-05-27 07:33:46]   ... phase3-nokl-baseline still running, checking again in 60s
[2026-05-27 07:34:46]   ... phase3-nokl-baseline still running, checking again in 60s
[2026-05-27 07:35:46]   ... phase3-nokl-baseline still running, checking again in 60s
[2026-05-27 07:36:46]   ... phase3-nokl-baseline still running, checking again in 60s
[2026-05-27 07:37:47]   ... phase3-nokl-baseline still running, checking again in 60s
[2026-05-27 07:38:47]   ... phase3-nokl-baseline still running, checking again in 60s
[2026-05-27 07:39:47]   ... phase3-nokl-baseline still running, checking again in 60s
[2026-05-27 07:40:47]   ... phase3-nokl-baseline still running, checking again in 60s
[2026-05-27 07:41:47]   ... phase3-nokl-baseline still running, checking again in 60s
[2026-05-27 07:42:47]   ... phase3-nokl-baseline still running, checking again in 60s
[2026-05-27 07:43:47]   ... phase3-nokl-baseline still running, checking again in 60s
[2026-05-27 07:44:47]   ... phase3-nokl-baseline still running, checking again in 60s
[2026-05-27 07:45:47]   ... phase3-nokl-baseline still running, checking again in 60s
[2026-05-27 07:46:47]   ... phase3-nokl-baseline still running, checking again in 60s
[2026-05-27 07:47:47]   ... phase3-nokl-baseline still running, checking again in 60s
[2026-05-27 07:48:47]   ... phase3-nokl-baseline still running, checking again in 60s
[2026-05-27 07:49:47]   ... phase3-nokl-baseline still running, checking again in 60s
[2026-05-27 07:50:47]   ... phase3-nokl-baseline still running, checking again in 60s
[2026-05-27 07:51:47]   ... phase3-nokl-baseline still running, checking again in 60s
[2026-05-27 07:52:47]   ... phase3-nokl-baseline still running, checking again in 60s
[2026-05-27 07:53:47]   ... phase3-nokl-baseline still running, checking again in 60s
[2026-05-27 07:54:47]   ... phase3-nokl-baseline still running, checking again in 60s
[2026-05-27 07:55:47]   ... phase3-nokl-baseline still running, checking again in 60s
[2026-05-27 07:56:47]   ... phase3-nokl-baseline still running, checking again in 60s
[2026-05-27 07:57:47]   ... phase3-nokl-baseline still running, checking again in 60s
[2026-05-27 07:58:47]   ... phase3-nokl-baseline still running, checking again in 60s
[2026-05-27 07:59:47]   ... phase3-nokl-baseline still running, checking again in 60s
[2026-05-27 08:00:47]   ... phase3-nokl-baseline still running, checking again in 60s
[2026-05-27 08:01:47]   ... phase3-nokl-baseline still running, checking again in 60s
[2026-05-27 08:02:47]   ... phase3-nokl-baseline still running, checking again in 60s
[2026-05-27 08:03:47]   ... phase3-nokl-baseline still running, checking again in 60s
[2026-05-27 08:04:47]   ... phase3-nokl-baseline still running, checking again in 60s
[2026-05-27 08:05:47]   ... phase3-nokl-baseline still running, checking again in 60s
[2026-05-27 08:06:48]   ... phase3-nokl-baseline still running, checking again in 60s
[2026-05-27 08:07:48]   ... phase3-nokl-baseline still running, checking again in 60s
[2026-05-27 08:08:48]   ... phase3-nokl-baseline still running, checking again in 60s
[2026-05-27 08:09:48]   ... phase3-nokl-baseline still running, checking again in 60s
[2026-05-27 08:10:48]   ... phase3-nokl-baseline still running, checking again in 60s
[2026-05-27 08:11:48]   ... phase3-nokl-baseline still running, checking again in 60s
[2026-05-27 08:12:48]   ... phase3-nokl-baseline still running, checking again in 60s
[2026-05-27 08:13:48]   ... phase3-nokl-baseline still running, checking again in 60s
[2026-05-27 08:14:48]   ... phase3-nokl-baseline still running, checking again in 60s
[2026-05-27 08:15:48]   ... phase3-nokl-baseline still running, checking again in 60s
[2026-05-27 08:16:48]   ... phase3-nokl-baseline still running, checking again in 60s
[2026-05-27 08:17:48]   ... phase3-nokl-baseline still running, checking again in 60s
[2026-05-27 08:18:48]   ... phase3-nokl-baseline still running, checking again in 60s
[2026-05-27 08:19:48]   ... phase3-nokl-baseline still running, checking again in 60s
[2026-05-27 08:20:48]   ... phase3-nokl-baseline still running, checking again in 60s
[2026-05-27 08:21:48]   ... phase3-nokl-baseline still running, checking again in 60s
[2026-05-27 08:22:48]   ... phase3-nokl-baseline still running, checking again in 60s
[2026-05-27 08:23:48]   ... phase3-nokl-baseline still running, checking again in 60s
[2026-05-27 08:24:48]   ... phase3-nokl-baseline still running, checking again in 60s
[2026-05-27 08:25:48]   ... phase3-nokl-baseline still running, checking again in 60s
[2026-05-27 08:26:48]   ... phase3-nokl-baseline still running, checking again in 60s
[2026-05-27 08:27:48]   ... phase3-nokl-baseline still running, checking again in 60s
[2026-05-27 08:28:48]   ... phase3-nokl-baseline still running, checking again in 60s
[2026-05-27 08:29:48]   ... phase3-nokl-baseline still running, checking again in 60s
[2026-05-27 08:30:48]   ... phase3-nokl-baseline still running, checking again in 60s
[2026-05-27 08:31:48]   ... phase3-nokl-baseline still running, checking again in 60s
[2026-05-27 08:32:48]   ... phase3-nokl-baseline still running, checking again in 60s
[2026-05-27 08:33:48]   ... phase3-nokl-baseline still running, checking again in 60s
[2026-05-27 08:34:48]   ... phase3-nokl-baseline still running, checking again in 60s
[2026-05-27 08:35:48]   ... phase3-nokl-baseline still running, checking again in 60s
[2026-05-27 08:36:49]   ... phase3-nokl-baseline still running, checking again in 60s
[2026-05-27 08:37:49]   ... phase3-nokl-baseline still running, checking again in 60s
[2026-05-27 08:38:49]   ... phase3-nokl-baseline still running, checking again in 60s
[2026-05-27 08:39:49]   ... phase3-nokl-baseline still running, checking again in 60s
[2026-05-27 08:40:49]   ... phase3-nokl-baseline still running, checking again in 60s
[2026-05-27 08:41:49]   ... phase3-nokl-baseline still running, checking again in 60s
[2026-05-27 08:42:49]   ... phase3-nokl-baseline still running, checking again in 60s
[2026-05-27 08:43:49]   ... phase3-nokl-baseline still running, checking again in 60s
[2026-05-27 08:44:49]   ... phase3-nokl-baseline still running, checking again in 60s
[2026-05-27 08:45:49]   ... phase3-nokl-baseline still running, checking again in 60s
[2026-05-27 08:46:49]   ... phase3-nokl-baseline still running, checking again in 60s
[2026-05-27 08:47:49]   ... phase3-nokl-baseline still running, checking again in 60s
[2026-05-27 08:48:49]   ... phase3-nokl-baseline still running, checking again in 60s
[2026-05-27 08:49:49]   ... phase3-nokl-baseline still running, checking again in 60s
[2026-05-27 08:50:49]   ... phase3-nokl-baseline still running, checking again in 60s
[2026-05-27 08:51:49]   ... phase3-nokl-baseline still running, checking again in 60s
[2026-05-27 08:52:49]   ... phase3-nokl-baseline still running, checking again in 60s
[2026-05-27 08:53:49]   ... phase3-nokl-baseline still running, checking again in 60s
[2026-05-27 08:54:49]   ... phase3-nokl-baseline still running, checking again in 60s
[2026-05-27 08:55:49]   ... phase3-nokl-baseline still running, checking again in 60s
[2026-05-27 08:56:49]   ... phase3-nokl-baseline still running, checking again in 60s
[2026-05-27 08:57:49]   ... phase3-nokl-baseline still running, checking again in 60s
[2026-05-27 08:58:49]   ... phase3-nokl-baseline still running, checking again in 60s
[2026-05-27 08:59:49]   ... phase3-nokl-baseline still running, checking again in 60s
[2026-05-27 09:00:49]   ... phase3-nokl-baseline still running, checking again in 60s
[2026-05-27 09:01:49]   ... phase3-nokl-baseline still running, checking again in 60s
[2026-05-27 09:02:49]   ... phase3-nokl-baseline still running, checking again in 60s
[2026-05-27 09:03:49]   ... phase3-nokl-baseline still running, checking again in 60s
[2026-05-27 09:04:49]   ... phase3-nokl-baseline still running, checking again in 60s
[2026-05-27 09:05:50]   ... phase3-nokl-baseline still running, checking again in 60s
[2026-05-27 09:06:50]   ... phase3-nokl-baseline still running, checking again in 60s
[2026-05-27 09:07:50]   ... phase3-nokl-baseline still running, checking again in 60s
[2026-05-27 09:08:50]   ... phase3-nokl-baseline still running, checking again in 60s
[2026-05-27 09:09:50]   ... phase3-nokl-baseline still running, checking again in 60s
[2026-05-27 09:10:50]   ... phase3-nokl-baseline still running, checking again in 60s
[2026-05-27 09:11:50]   ... phase3-nokl-baseline still running, checking again in 60s
[2026-05-27 09:12:50]   ... phase3-nokl-baseline still running, checking again in 60s
[2026-05-27 09:13:50]   ... phase3-nokl-baseline still running, checking again in 60s
[2026-05-27 09:14:50]   ... phase3-nokl-baseline still running, checking again in 60s
[2026-05-27 09:15:50]   ... phase3-nokl-baseline still running, checking again in 60s
[2026-05-27 09:16:50]   ... phase3-nokl-baseline still running, checking again in 60s
[2026-05-27 09:17:50]   ... phase3-nokl-baseline still running, checking again in 60s
[2026-05-27 09:18:50]   ... phase3-nokl-baseline still running, checking again in 60s
[2026-05-27 09:19:50]   ... phase3-nokl-baseline still running, checking again in 60s
[2026-05-27 09:20:50]   ... phase3-nokl-baseline still running, checking again in 60s
[2026-05-27 09:21:50]   ... phase3-nokl-baseline still running, checking again in 60s
[2026-05-27 09:22:50]   ... phase3-nokl-baseline still running, checking again in 60s
[2026-05-27 09:23:50]   ... phase3-nokl-baseline still running, checking again in 60s
[2026-05-27 09:24:50]   ... phase3-nokl-baseline still running, checking again in 60s
[2026-05-27 09:25:50]   ... phase3-nokl-baseline still running, checking again in 60s
[2026-05-27 09:26:50]   ... phase3-nokl-baseline still running, checking again in 60s
[2026-05-27 09:27:50]   ... phase3-nokl-baseline still running, checking again in 60s
[2026-05-27 09:28:50]   ... phase3-nokl-baseline still running, checking again in 60s
[2026-05-27 09:29:50]   ... phase3-nokl-baseline still running, checking again in 60s
[2026-05-27 09:30:50]   ... phase3-nokl-baseline still running, checking again in 60s
[2026-05-27 09:31:50]   ... phase3-nokl-baseline still running, checking again in 60s
[2026-05-27 09:32:50]   ... phase3-nokl-baseline still running, checking again in 60s
[2026-05-27 09:33:51]   ... phase3-nokl-baseline still running, checking again in 60s
[2026-05-27 09:34:51]   ... phase3-nokl-baseline still running, checking again in 60s
[2026-05-27 09:35:51]   ... phase3-nokl-baseline still running, checking again in 60s
[2026-05-27 09:36:51]   ... phase3-nokl-baseline still running, checking again in 60s
[2026-05-27 09:37:51]   ... phase3-nokl-baseline still running, checking again in 60s
[2026-05-27 09:38:51]   ... phase3-nokl-baseline still running, checking again in 60s
[2026-05-27 09:39:51]   ... phase3-nokl-baseline still running, checking again in 60s
[2026-05-27 09:40:51]   ... phase3-nokl-baseline still running, checking again in 60s
[2026-05-27 09:41:51]   ... phase3-nokl-baseline still running, checking again in 60s
[2026-05-27 09:42:51]   ... phase3-nokl-baseline still running, checking again in 60s
[2026-05-27 09:43:51]   ... phase3-nokl-baseline still running, checking again in 60s
[2026-05-27 09:44:51]   ... phase3-nokl-baseline still running, checking again in 60s
[2026-05-27 09:45:51]   ... phase3-nokl-baseline still running, checking again in 60s
[2026-05-27 09:46:51]   ... phase3-nokl-baseline still running, checking again in 60s
[2026-05-27 09:47:51]   ... phase3-nokl-baseline still running, checking again in 60s
[2026-05-27 09:48:51]   ... phase3-nokl-baseline still running, checking again in 60s
[2026-05-27 09:49:51]   ... phase3-nokl-baseline still running, checking again in 60s
[2026-05-27 09:50:51]   ... phase3-nokl-baseline still running, checking again in 60s
[2026-05-27 09:51:51]   ... phase3-nokl-baseline still running, checking again in 60s
[2026-05-27 09:52:51]   ... phase3-nokl-baseline still running, checking again in 60s
[2026-05-27 09:53:51]   ... phase3-nokl-baseline still running, checking again in 60s
[2026-05-27 09:54:51]   ... phase3-nokl-baseline still running, checking again in 60s
[2026-05-27 09:55:51]   ... phase3-nokl-baseline still running, checking again in 60s
[2026-05-27 09:56:51]   ... phase3-nokl-baseline still running, checking again in 60s
[2026-05-27 09:57:51]   ... phase3-nokl-baseline still running, checking again in 60s
[2026-05-27 09:58:51]   ... phase3-nokl-baseline still running, checking again in 60s
[2026-05-27 09:59:51]   ... phase3-nokl-baseline still running, checking again in 60s
[2026-05-27 10:00:51]   ... phase3-nokl-baseline still running, checking again in 60s
[2026-05-27 10:01:51]   ... phase3-nokl-baseline still running, checking again in 60s
[2026-05-27 10:02:52]   ... phase3-nokl-baseline still running, checking again in 60s
[2026-05-27 10:03:52]   ... phase3-nokl-baseline still running, checking again in 60s
[2026-05-27 10:04:52]   ... phase3-nokl-baseline still running, checking again in 60s
[2026-05-27 10:05:52]   ... phase3-nokl-baseline still running, checking again in 60s
[2026-05-27 10:06:52]   ... phase3-nokl-baseline still running, checking again in 60s
[2026-05-27 10:07:52]   ... phase3-nokl-baseline still running, checking again in 60s
[2026-05-27 10:08:52]   ... phase3-nokl-baseline still running, checking again in 60s
[2026-05-27 10:09:52]   ... phase3-nokl-baseline still running, checking again in 60s
[2026-05-27 10:10:52]   ... phase3-nokl-baseline still running, checking again in 60s
[2026-05-27 10:11:52]   ... phase3-nokl-baseline still running, checking again in 60s
[2026-05-27 10:12:52]   ... phase3-nokl-baseline still running, checking again in 60s
[2026-05-27 10:13:52]   ... phase3-nokl-baseline still running, checking again in 60s
[2026-05-27 10:14:52]   ... phase3-nokl-baseline still running, checking again in 60s
[2026-05-27 10:15:52]   ... phase3-nokl-baseline still running, checking again in 60s
[2026-05-27 10:16:52]   ... phase3-nokl-baseline still running, checking again in 60s
[2026-05-27 10:17:52]   ... phase3-nokl-baseline still running, checking again in 60s
[2026-05-27 10:18:52]   ... phase3-nokl-baseline still running, checking again in 60s
[2026-05-27 10:19:52]   ... phase3-nokl-baseline still running, checking again in 60s
[2026-05-27 10:20:52]   ... phase3-nokl-baseline still running, checking again in 60s
[2026-05-27 10:21:52]   ... phase3-nokl-baseline still running, checking again in 60s
[2026-05-27 10:22:52]   ... phase3-nokl-baseline still running, checking again in 60s
[2026-05-27 10:23:52]   ... phase3-nokl-baseline still running, checking again in 60s
[2026-05-27 10:24:52]   ... phase3-nokl-baseline still running, checking again in 60s
[2026-05-27 10:25:52]   ... phase3-nokl-baseline still running, checking again in 60s
[2026-05-27 10:26:52]   ... phase3-nokl-baseline still running, checking again in 60s
[2026-05-27 10:27:52]   ... phase3-nokl-baseline still running, checking again in 60s
[2026-05-27 10:28:52]   ... phase3-nokl-baseline still running, checking again in 60s
[2026-05-27 10:29:52]   ... phase3-nokl-baseline still running, checking again in 60s
[2026-05-27 10:30:53]   ... phase3-nokl-baseline still running, checking again in 60s
[2026-05-27 10:31:53]   ... phase3-nokl-baseline still running, checking again in 60s
[2026-05-27 10:32:53]   ... phase3-nokl-baseline still running, checking again in 60s
[2026-05-27 10:33:53]   ... phase3-nokl-baseline still running, checking again in 60s
[2026-05-27 10:34:53]   ... phase3-nokl-baseline still running, checking again in 60s
[2026-05-27 10:35:53]   ... phase3-nokl-baseline still running, checking again in 60s
[2026-05-27 10:36:53]   ... phase3-nokl-baseline still running, checking again in 60s
[2026-05-27 10:37:53]   ... phase3-nokl-baseline still running, checking again in 60s
[2026-05-27 10:38:53]   ... phase3-nokl-baseline still running, checking again in 60s
[2026-05-27 10:39:53]   ... phase3-nokl-baseline still running, checking again in 60s
[2026-05-27 10:40:53]   ... phase3-nokl-baseline still running, checking again in 60s
[2026-05-27 10:41:53]   ... phase3-nokl-baseline still running, checking again in 60s
[2026-05-27 10:42:53]   ... phase3-nokl-baseline still running, checking again in 60s
[2026-05-27 10:43:53]   ... phase3-nokl-baseline still running, checking again in 60s
[2026-05-27 10:44:53]   ... phase3-nokl-baseline still running, checking again in 60s
[2026-05-27 10:45:53]   ... phase3-nokl-baseline still running, checking again in 60s
[2026-05-27 10:46:53]   ... phase3-nokl-baseline still running, checking again in 60s
[2026-05-27 10:47:53]   ... phase3-nokl-baseline still running, checking again in 60s
[2026-05-27 10:48:53]   ... phase3-nokl-baseline still running, checking again in 60s
[2026-05-27 10:49:53]   ... phase3-nokl-baseline still running, checking again in 60s
[2026-05-27 10:50:53]   ... phase3-nokl-baseline still running, checking again in 60s
[2026-05-27 10:51:53]   ... phase3-nokl-baseline still running, checking again in 60s
[2026-05-27 10:52:53]   ... phase3-nokl-baseline still running, checking again in 60s
[2026-05-27 10:53:53]   ... phase3-nokl-baseline still running, checking again in 60s
[2026-05-27 10:54:53]   ... phase3-nokl-baseline still running, checking again in 60s
[2026-05-27 10:55:53]   ... phase3-nokl-baseline still running, checking again in 60s
[2026-05-27 10:56:53]   ... phase3-nokl-baseline still running, checking again in 60s
[2026-05-27 10:57:53]   ... phase3-nokl-baseline still running, checking again in 60s
[2026-05-27 10:58:53]   ... phase3-nokl-baseline still running, checking again in 60s
[2026-05-27 10:59:53]   ... phase3-nokl-baseline still running, checking again in 60s
[2026-05-27 11:00:54]   ... phase3-nokl-baseline still running, checking again in 60s
[2026-05-27 11:01:54]   ... phase3-nokl-baseline still running, checking again in 60s
[2026-05-27 11:02:54]   ... phase3-nokl-baseline still running, checking again in 60s
[2026-05-27 11:03:54]   ... phase3-nokl-baseline still running, checking again in 60s
[2026-05-27 11:04:54]   ... phase3-nokl-baseline still running, checking again in 60s
[2026-05-27 11:05:54]   ... phase3-nokl-baseline still running, checking again in 60s
[2026-05-27 11:06:54]   ... phase3-nokl-baseline still running, checking again in 60s
[2026-05-27 11:07:54]   ... phase3-nokl-baseline still running, checking again in 60s
[2026-05-27 11:08:54]   ... phase3-nokl-baseline still running, checking again in 60s
[2026-05-27 11:09:54]   ... phase3-nokl-baseline still running, checking again in 60s
[2026-05-27 11:10:54]   ... phase3-nokl-baseline still running, checking again in 60s
[2026-05-27 11:11:54]   ... phase3-nokl-baseline still running, checking again in 60s
[2026-05-27 11:12:54]   ... phase3-nokl-baseline still running, checking again in 60s
[2026-05-27 11:13:54]   ... phase3-nokl-baseline still running, checking again in 60s
[2026-05-27 11:14:54]   ... phase3-nokl-baseline still running, checking again in 60s
[2026-05-27 11:15:54]   ... phase3-nokl-baseline still running, checking again in 60s
[2026-05-27 11:16:54]   ... phase3-nokl-baseline still running, checking again in 60s
[2026-05-27 11:17:54]   ... phase3-nokl-baseline still running, checking again in 60s
[2026-05-27 11:18:54]   ... phase3-nokl-baseline still running, checking again in 60s
[2026-05-27 11:19:54]   ... phase3-nokl-baseline still running, checking again in 60s
[2026-05-27 11:20:54]   ... phase3-nokl-baseline still running, checking again in 60s
[2026-05-27 11:21:54]   ... phase3-nokl-baseline still running, checking again in 60s
[2026-05-27 11:22:54]   ... phase3-nokl-baseline still running, checking again in 60s
[2026-05-27 11:23:54]   ... phase3-nokl-baseline still running, checking again in 60s
[2026-05-27 11:24:54]   ... phase3-nokl-baseline still running, checking again in 60s
[2026-05-27 11:25:54]   ... phase3-nokl-baseline still running, checking again in 60s
[2026-05-27 11:26:54]   ... phase3-nokl-baseline still running, checking again in 60s
[2026-05-27 11:27:54]   ... phase3-nokl-baseline still running, checking again in 60s
[2026-05-27 11:28:54]   ... phase3-nokl-baseline still running, checking again in 60s
[2026-05-27 11:29:55]   ... phase3-nokl-baseline still running, checking again in 60s
[2026-05-27 11:30:55]   ... phase3-nokl-baseline still running, checking again in 60s
[2026-05-27 11:31:55]   ... phase3-nokl-baseline still running, checking again in 60s
[2026-05-27 11:32:55]   ... phase3-nokl-baseline still running, checking again in 60s
[2026-05-27 11:33:55]   ... phase3-nokl-baseline still running, checking again in 60s
[2026-05-27 11:34:55]   ... phase3-nokl-baseline still running, checking again in 60s
[2026-05-27 11:35:55]   ... phase3-nokl-baseline still running, checking again in 60s
[2026-05-27 11:36:55]   ... phase3-nokl-baseline still running, checking again in 60s
[2026-05-27 11:37:55]   ... phase3-nokl-baseline still running, checking again in 60s
[2026-05-27 11:38:55]   ... phase3-nokl-baseline still running, checking again in 60s
[2026-05-27 11:39:55]   ... phase3-nokl-baseline still running, checking again in 60s
[2026-05-27 11:40:55]   ... phase3-nokl-baseline still running, checking again in 60s
[2026-05-27 11:41:55]   ... phase3-nokl-baseline still running, checking again in 60s
[2026-05-27 11:42:55]   ... phase3-nokl-baseline still running, checking again in 60s
[2026-05-27 11:43:55]   ... phase3-nokl-baseline still running, checking again in 60s
[2026-05-27 11:44:55]   ... phase3-nokl-baseline still running, checking again in 60s
[2026-05-27 11:45:55]   ... phase3-nokl-baseline still running, checking again in 60s
[2026-05-27 11:46:55]   ... phase3-nokl-baseline still running, checking again in 60s
[2026-05-27 11:47:55]   ... phase3-nokl-baseline still running, checking again in 60s
[2026-05-27 11:48:55]   ... phase3-nokl-baseline still running, checking again in 60s
[2026-05-27 11:49:55]   ... phase3-nokl-baseline still running, checking again in 60s
[2026-05-27 11:50:55]   ... phase3-nokl-baseline still running, checking again in 60s
[2026-05-27 11:51:55]   ... phase3-nokl-baseline still running, checking again in 60s
[2026-05-27 11:52:55]   ... phase3-nokl-baseline still running, checking again in 60s
[2026-05-27 11:53:55]   ... phase3-nokl-baseline still running, checking again in 60s
[2026-05-27 11:54:55]   ... phase3-nokl-baseline still running, checking again in 60s
[2026-05-27 11:55:55]   ... phase3-nokl-baseline still running, checking again in 60s
[2026-05-27 11:56:55]   ... phase3-nokl-baseline still running, checking again in 60s
[2026-05-27 11:57:55]   ... phase3-nokl-baseline still running, checking again in 60s
[2026-05-27 11:58:55]   ... phase3-nokl-baseline still running, checking again in 60s
[2026-05-27 11:59:56]   ... phase3-nokl-baseline still running, checking again in 60s
[2026-05-27 12:00:56]   ... phase3-nokl-baseline still running, checking again in 60s
[2026-05-27 12:01:56]   ... phase3-nokl-baseline still running, checking again in 60s
[2026-05-27 12:02:56]   ... phase3-nokl-baseline still running, checking again in 60s
[2026-05-27 12:03:56]   ... phase3-nokl-baseline still running, checking again in 60s
[2026-05-27 12:04:56]   ... phase3-nokl-baseline still running, checking again in 60s
[2026-05-27 12:05:56]   ... phase3-nokl-baseline still running, checking again in 60s
[2026-05-27 12:06:56]   ... phase3-nokl-baseline still running, checking again in 60s
[2026-05-27 12:07:56]   ... phase3-nokl-baseline still running, checking again in 60s
[2026-05-27 12:08:56]   ... phase3-nokl-baseline still running, checking again in 60s
[2026-05-27 12:09:56]   ... phase3-nokl-baseline still running, checking again in 60s
[2026-05-27 12:10:56]   ... phase3-nokl-baseline still running, checking again in 60s
[2026-05-27 12:11:56]   ... phase3-nokl-baseline still running, checking again in 60s
[2026-05-27 12:12:56]   ... phase3-nokl-baseline still running, checking again in 60s
[2026-05-27 12:13:56]   ... phase3-nokl-baseline still running, checking again in 60s
[2026-05-27 12:14:56]   ... phase3-nokl-baseline still running, checking again in 60s
[2026-05-27 12:15:56]   ... phase3-nokl-baseline still running, checking again in 60s
[2026-05-27 12:16:56]   ... phase3-nokl-baseline still running, checking again in 60s
[2026-05-27 12:17:56]   ... phase3-nokl-baseline still running, checking again in 60s
[2026-05-27 12:18:56]   ... phase3-nokl-baseline still running, checking again in 60s
[2026-05-27 12:19:56]   ... phase3-nokl-baseline still running, checking again in 60s
[2026-05-27 12:20:56]   ... phase3-nokl-baseline still running, checking again in 60s
[2026-05-27 12:21:56]   ... phase3-nokl-baseline still running, checking again in 60s
[2026-05-27 12:22:56]   ... phase3-nokl-baseline still running, checking again in 60s
[2026-05-27 12:23:56]   ... phase3-nokl-baseline still running, checking again in 60s
[2026-05-27 12:24:56]   ... phase3-nokl-baseline still running, checking again in 60s
[2026-05-27 12:25:56]   ... phase3-nokl-baseline still running, checking again in 60s
[2026-05-27 12:26:56]   ... phase3-nokl-baseline still running, checking again in 60s
[2026-05-27 12:27:56]   ... phase3-nokl-baseline still running, checking again in 60s
[2026-05-27 12:28:57]   ... phase3-nokl-baseline still running, checking again in 60s
[2026-05-27 12:29:57]   ... phase3-nokl-baseline still running, checking again in 60s
[2026-05-27 12:30:57]   ... phase3-nokl-baseline still running, checking again in 60s
[2026-05-27 12:31:57]   ... phase3-nokl-baseline still running, checking again in 60s
[2026-05-27 12:32:57]   ... phase3-nokl-baseline still running, checking again in 60s
[2026-05-27 12:33:57]   ... phase3-nokl-baseline still running, checking again in 60s
[2026-05-27 12:34:57]   ... phase3-nokl-baseline still running, checking again in 60s
[2026-05-27 12:35:57]   ... phase3-nokl-baseline still running, checking again in 60s
[2026-05-27 12:36:57]   ... phase3-nokl-baseline still running, checking again in 60s
[2026-05-27 12:37:57]   ... phase3-nokl-baseline still running, checking again in 60s
[2026-05-27 12:38:57]   ... phase3-nokl-baseline still running, checking again in 60s
[2026-05-27 12:39:57]   ... phase3-nokl-baseline still running, checking again in 60s
[2026-05-27 12:40:57]   ... phase3-nokl-baseline still running, checking again in 60s
[2026-05-27 12:41:57]   ... phase3-nokl-baseline still running, checking again in 60s
[2026-05-27 12:42:57]   ... phase3-nokl-baseline still running, checking again in 60s
[2026-05-27 12:43:57]   ... phase3-nokl-baseline still running, checking again in 60s
[2026-05-27 12:44:57]   ... phase3-nokl-baseline still running, checking again in 60s
[2026-05-27 12:45:57]   ... phase3-nokl-baseline still running, checking again in 60s
[2026-05-27 12:46:57]   ... phase3-nokl-baseline still running, checking again in 60s
[2026-05-27 12:47:57]   ... phase3-nokl-baseline still running, checking again in 60s
[2026-05-27 12:48:57]   ... phase3-nokl-baseline still running, checking again in 60s
[2026-05-27 12:49:57]   ... phase3-nokl-baseline still running, checking again in 60s
[2026-05-27 12:50:57]   ... phase3-nokl-baseline still running, checking again in 60s
[2026-05-27 12:51:57]   ... phase3-nokl-baseline still running, checking again in 60s
[2026-05-27 12:52:57]   ... phase3-nokl-baseline still running, checking again in 60s
[2026-05-27 12:53:57]   ... phase3-nokl-baseline still running, checking again in 60s
[2026-05-27 12:54:57]   ... phase3-nokl-baseline still running, checking again in 60s
[2026-05-27 12:55:57]   ... phase3-nokl-baseline still running, checking again in 60s
[2026-05-27 12:56:57]   ... phase3-nokl-baseline still running, checking again in 60s
[2026-05-27 12:57:57]   ... phase3-nokl-baseline still running, checking again in 60s
[2026-05-27 12:58:58]   ... phase3-nokl-baseline still running, checking again in 60s
[2026-05-27 12:59:58]   ... phase3-nokl-baseline still running, checking again in 60s
[2026-05-27 13:00:58]   ... phase3-nokl-baseline still running, checking again in 60s
[2026-05-27 13:01:58]   ... phase3-nokl-baseline still running, checking again in 60s
[2026-05-27 13:02:58]   ... phase3-nokl-baseline still running, checking again in 60s
[2026-05-27 13:03:58]   ... phase3-nokl-baseline still running, checking again in 60s
[2026-05-27 13:04:58]   ... phase3-nokl-baseline still running, checking again in 60s
[2026-05-27 13:05:58]   ... phase3-nokl-baseline still running, checking again in 60s
[2026-05-27 13:06:58]   ... phase3-nokl-baseline still running, checking again in 60s
[2026-05-27 13:07:58]   ... phase3-nokl-baseline still running, checking again in 60s
[2026-05-27 13:08:58]   ... phase3-nokl-baseline still running, checking again in 60s
[2026-05-27 13:09:58]   ... phase3-nokl-baseline still running, checking again in 60s
[2026-05-27 13:10:58]   ... phase3-nokl-baseline still running, checking again in 60s
[2026-05-27 13:11:58]   ... phase3-nokl-baseline still running, checking again in 60s
[2026-05-27 13:12:58]   ... phase3-nokl-baseline still running, checking again in 60s
[2026-05-27 13:13:58]   ... phase3-nokl-baseline still running, checking again in 60s
[2026-05-27 13:14:58]   ... phase3-nokl-baseline still running, checking again in 60s
[2026-05-27 13:15:58]   ... phase3-nokl-baseline still running, checking again in 60s
[2026-05-27 13:16:58]   ... phase3-nokl-baseline still running, checking again in 60s
[2026-05-27 13:17:58]   ... phase3-nokl-baseline still running, checking again in 60s
[2026-05-27 13:18:58]   ... phase3-nokl-baseline still running, checking again in 60s
[2026-05-27 13:19:58]   ... phase3-nokl-baseline still running, checking again in 60s
[2026-05-27 13:20:58]   ... phase3-nokl-baseline still running, checking again in 60s
[2026-05-27 13:21:58]   ... phase3-nokl-baseline still running, checking again in 60s
[2026-05-27 13:22:58]   ... phase3-nokl-baseline still running, checking again in 60s
[2026-05-27 13:23:58]   ... phase3-nokl-baseline still running, checking again in 60s
[2026-05-27 13:24:58]   ... phase3-nokl-baseline still running, checking again in 60s
[2026-05-27 13:25:58]   ... phase3-nokl-baseline still running, checking again in 60s
[2026-05-27 13:26:58]   ... phase3-nokl-baseline still running, checking again in 60s
[2026-05-27 13:27:59]   ... phase3-nokl-baseline still running, checking again in 60s
[2026-05-27 13:28:59]   ... phase3-nokl-baseline still running, checking again in 60s
[2026-05-27 13:29:59]   ... phase3-nokl-baseline still running, checking again in 60s
[2026-05-27 13:30:59]   ... phase3-nokl-baseline still running, checking again in 60s
[2026-05-27 13:31:59]   ... phase3-nokl-baseline still running, checking again in 60s
[2026-05-27 13:32:59]   ... phase3-nokl-baseline still running, checking again in 60s
[2026-05-27 13:33:59]   ... phase3-nokl-baseline still running, checking again in 60s
[2026-05-27 13:34:59]   ... phase3-nokl-baseline still running, checking again in 60s
[2026-05-27 13:35:59]   ... phase3-nokl-baseline still running, checking again in 60s
[2026-05-27 13:36:59]   ... phase3-nokl-baseline still running, checking again in 60s
[2026-05-27 13:37:59]   ... phase3-nokl-baseline still running, checking again in 60s
[2026-05-27 13:38:59]   ... phase3-nokl-baseline still running, checking again in 60s
[2026-05-27 13:39:59]   ... phase3-nokl-baseline still running, checking again in 60s
[2026-05-27 13:40:59]   ... phase3-nokl-baseline still running, checking again in 60s
[2026-05-27 13:41:59]   ... phase3-nokl-baseline still running, checking again in 60s
[2026-05-27 13:42:59]   ... phase3-nokl-baseline still running, checking again in 60s
[2026-05-27 13:43:59]   ... phase3-nokl-baseline still running, checking again in 60s
[2026-05-27 13:44:59]   ... phase3-nokl-baseline still running, checking again in 60s
[2026-05-27 13:45:59]   ... phase3-nokl-baseline still running, checking again in 60s
[2026-05-27 13:46:59]   ... phase3-nokl-baseline still running, checking again in 60s
[2026-05-27 13:47:59]   ... phase3-nokl-baseline still running, checking again in 60s
[2026-05-27 13:48:59]   ... phase3-nokl-baseline still running, checking again in 60s
[2026-05-27 13:49:59]   ... phase3-nokl-baseline still running, checking again in 60s
[2026-05-27 13:50:59]   ... phase3-nokl-baseline still running, checking again in 60s
[2026-05-27 13:51:59]   ... phase3-nokl-baseline still running, checking again in 60s
[2026-05-27 13:52:59]   ... phase3-nokl-baseline still running, checking again in 60s
[2026-05-27 13:53:59]   ... phase3-nokl-baseline still running, checking again in 60s
[2026-05-27 13:54:59]   ... phase3-nokl-baseline still running, checking again in 60s
[2026-05-27 13:55:59]   ... phase3-nokl-baseline still running, checking again in 60s
[2026-05-27 13:56:59]   ... phase3-nokl-baseline still running, checking again in 60s
[2026-05-27 13:58:00]   ... phase3-nokl-baseline still running, checking again in 60s
[2026-05-27 13:59:00]   ... phase3-nokl-baseline still running, checking again in 60s
[2026-05-27 14:00:00]   ... phase3-nokl-baseline still running, checking again in 60s
[2026-05-27 14:01:00]   ... phase3-nokl-baseline still running, checking again in 60s
[2026-05-27 14:02:00]   ... phase3-nokl-baseline still running, checking again in 60s
[2026-05-27 14:03:00]   ... phase3-nokl-baseline still running, checking again in 60s
[2026-05-27 14:04:00]   ... phase3-nokl-baseline still running, checking again in 60s
[2026-05-27 14:05:00]   ... phase3-nokl-baseline still running, checking again in 60s
[2026-05-27 14:06:00]   ... phase3-nokl-baseline still running, checking again in 60s
[2026-05-27 14:07:00]   ... phase3-nokl-baseline still running, checking again in 60s
[2026-05-27 14:08:00]   ... phase3-nokl-baseline still running, checking again in 60s
[2026-05-27 14:09:00]   ... phase3-nokl-baseline still running, checking again in 60s
[2026-05-27 14:10:00]   ... phase3-nokl-baseline still running, checking again in 60s
[2026-05-27 14:11:00]   ... phase3-nokl-baseline still running, checking again in 60s
[2026-05-27 14:12:00]   ... phase3-nokl-baseline still running, checking again in 60s
[2026-05-27 14:13:00]   ... phase3-nokl-baseline still running, checking again in 60s
[2026-05-27 14:14:00]   ... phase3-nokl-baseline still running, checking again in 60s
[2026-05-27 14:15:00]   ... phase3-nokl-baseline still running, checking again in 60s
[2026-05-27 14:16:00]   ... phase3-nokl-baseline still running, checking again in 60s
[2026-05-27 14:17:00]   ... phase3-nokl-baseline still running, checking again in 60s
[2026-05-27 14:18:00]   ... phase3-nokl-baseline still running, checking again in 60s
[2026-05-27 14:19:00]   ... phase3-nokl-baseline still running, checking again in 60s
[2026-05-27 14:20:00]   ... phase3-nokl-baseline still running, checking again in 60s
[2026-05-27 14:21:00]   ... phase3-nokl-baseline still running, checking again in 60s
[2026-05-27 14:22:00]   ... phase3-nokl-baseline still running, checking again in 60s
[2026-05-27 14:23:00]   ... phase3-nokl-baseline still running, checking again in 60s
[2026-05-27 14:24:00]   ... phase3-nokl-baseline still running, checking again in 60s
[2026-05-27 14:25:00]   ... phase3-nokl-baseline still running, checking again in 60s
[2026-05-27 14:26:00]   ... phase3-nokl-baseline still running, checking again in 60s
[2026-05-27 14:27:01]   ... phase3-nokl-baseline still running, checking again in 60s
[2026-05-27 14:28:01]   ... phase3-nokl-baseline still running, checking again in 60s
[2026-05-27 14:29:01]   ... phase3-nokl-baseline still running, checking again in 60s
[2026-05-27 14:30:01]   ... phase3-nokl-baseline still running, checking again in 60s
[2026-05-27 14:31:01]   ... phase3-nokl-baseline still running, checking again in 60s
[2026-05-27 14:32:01]   ... phase3-nokl-baseline still running, checking again in 60s
[2026-05-27 14:33:01]   ... phase3-nokl-baseline still running, checking again in 60s
[2026-05-27 14:34:01]   ... phase3-nokl-baseline still running, checking again in 60s
[2026-05-27 14:35:01]   ... phase3-nokl-baseline still running, checking again in 60s
[2026-05-27 14:36:01]   ... phase3-nokl-baseline still running, checking again in 60s
[2026-05-27 14:37:01]   ... phase3-nokl-baseline still running, checking again in 60s
[2026-05-27 14:38:01]   ... phase3-nokl-baseline still running, checking again in 60s
[2026-05-27 14:39:01]   ... phase3-nokl-baseline still running, checking again in 60s
[2026-05-27 14:40:01]   ... phase3-nokl-baseline still running, checking again in 60s
[2026-05-27 14:41:01]   ... phase3-nokl-baseline still running, checking again in 60s
[2026-05-27 14:42:01]   ... phase3-nokl-baseline still running, checking again in 60s
[2026-05-27 14:43:01]   ... phase3-nokl-baseline still running, checking again in 60s
[2026-05-27 14:44:01]   ... phase3-nokl-baseline still running, checking again in 60s
[2026-05-27 14:45:01]   ... phase3-nokl-baseline still running, checking again in 60s
[2026-05-27 14:46:01]   ... phase3-nokl-baseline still running, checking again in 60s
[2026-05-27 14:47:01]   ... phase3-nokl-baseline still running, checking again in 60s
[2026-05-27 14:48:01]   ... phase3-nokl-baseline still running, checking again in 60s
[2026-05-27 14:49:01]   ... phase3-nokl-baseline still running, checking again in 60s
[2026-05-27 14:50:01]   ... phase3-nokl-baseline still running, checking again in 60s
[2026-05-27 14:51:01]   ... phase3-nokl-baseline still running, checking again in 60s
[2026-05-27 14:52:01]   ... phase3-nokl-baseline still running, checking again in 60s
[2026-05-27 14:53:01]   ... phase3-nokl-baseline still running, checking again in 60s
[2026-05-27 14:54:01]   ... phase3-nokl-baseline still running, checking again in 60s
[2026-05-27 14:55:01]   ... phase3-nokl-baseline still running, checking again in 60s
[2026-05-27 14:56:02]   ... phase3-nokl-baseline still running, checking again in 60s
[2026-05-27 14:57:02]   ... phase3-nokl-baseline still running, checking again in 60s
[2026-05-27 14:58:02]   ... phase3-nokl-baseline still running, checking again in 60s
[2026-05-27 14:59:02]   ... phase3-nokl-baseline still running, checking again in 60s
[2026-05-27 15:00:02]   ... phase3-nokl-baseline still running, checking again in 60s
[2026-05-27 15:01:02]   ... phase3-nokl-baseline still running, checking again in 60s
[2026-05-27 15:02:02]   ... phase3-nokl-baseline still running, checking again in 60s
[2026-05-27 15:03:02]   ... phase3-nokl-baseline still running, checking again in 60s
[2026-05-27 15:04:02]   ... phase3-nokl-baseline still running, checking again in 60s
[2026-05-27 15:05:02]   ... phase3-nokl-baseline still running, checking again in 60s
[2026-05-27 15:06:02]   ... phase3-nokl-baseline still running, checking again in 60s
[2026-05-27 15:07:02]   ... phase3-nokl-baseline still running, checking again in 60s
[2026-05-27 15:08:02]   ... phase3-nokl-baseline still running, checking again in 60s
[2026-05-27 15:09:02]   ... phase3-nokl-baseline still running, checking again in 60s
[2026-05-27 15:10:02]   ... phase3-nokl-baseline still running, checking again in 60s
[2026-05-27 15:11:02]   ... phase3-nokl-baseline still running, checking again in 60s
[2026-05-27 15:12:02]   ... phase3-nokl-baseline still running, checking again in 60s
[2026-05-27 15:13:02]   ... phase3-nokl-baseline still running, checking again in 60s
[2026-05-27 15:14:02]   ... phase3-nokl-baseline still running, checking again in 60s
[2026-05-27 15:15:02]   ... phase3-nokl-baseline still running, checking again in 60s
[2026-05-27 15:16:02]   ... phase3-nokl-baseline still running, checking again in 60s
[2026-05-27 15:17:02]   ... phase3-nokl-baseline still running, checking again in 60s
[2026-05-27 15:18:02]   ... phase3-nokl-baseline still running, checking again in 60s
[2026-05-27 15:19:02]   ... phase3-nokl-baseline still running, checking again in 60s
[2026-05-27 15:20:02]   ... phase3-nokl-baseline still running, checking again in 60s
[2026-05-27 15:21:02]   ... phase3-nokl-baseline still running, checking again in 60s
[2026-05-27 15:22:02]   ... phase3-nokl-baseline still running, checking again in 60s
[2026-05-27 15:23:02]   ... phase3-nokl-baseline still running, checking again in 60s
[2026-05-27 15:24:02]   ... phase3-nokl-baseline still running, checking again in 60s
[2026-05-27 15:25:02]   ... phase3-nokl-baseline still running, checking again in 60s
[2026-05-27 15:26:02]   ... phase3-nokl-baseline still running, checking again in 60s
[2026-05-27 15:27:03]   ... phase3-nokl-baseline still running, checking again in 60s
[2026-05-27 15:28:03]   ... phase3-nokl-baseline still running, checking again in 60s
[2026-05-27 15:29:03]   ... phase3-nokl-baseline still running, checking again in 60s
[2026-05-27 15:30:03]   ... phase3-nokl-baseline still running, checking again in 60s
[2026-05-27 15:31:03]   ... phase3-nokl-baseline still running, checking again in 60s
[2026-05-27 15:32:03]   ... phase3-nokl-baseline still running, checking again in 60s
[2026-05-27 15:33:03]   ... phase3-nokl-baseline still running, checking again in 60s
[2026-05-27 15:34:03]   ... phase3-nokl-baseline still running, checking again in 60s
[2026-05-27 15:35:03]   ... phase3-nokl-baseline still running, checking again in 60s
[2026-05-27 15:36:03]   ... phase3-nokl-baseline still running, checking again in 60s
[2026-05-27 15:37:03]   ... phase3-nokl-baseline still running, checking again in 60s
[2026-05-27 15:38:03]   ... phase3-nokl-baseline still running, checking again in 60s
[2026-05-27 15:39:03]   ... phase3-nokl-baseline still running, checking again in 60s
[2026-05-27 15:40:03]   ... phase3-nokl-baseline still running, checking again in 60s
[2026-05-27 15:41:03]   ... phase3-nokl-baseline still running, checking again in 60s
[2026-05-27 15:42:03]   ... phase3-nokl-baseline still running, checking again in 60s
[2026-05-27 15:43:03]   ... phase3-nokl-baseline still running, checking again in 60s
[2026-05-27 15:44:03]   ... phase3-nokl-baseline still running, checking again in 60s
[2026-05-27 15:45:03]   ... phase3-nokl-baseline still running, checking again in 60s
[2026-05-27 15:46:03]   ... phase3-nokl-baseline still running, checking again in 60s
[2026-05-27 15:47:03]   ... phase3-nokl-baseline still running, checking again in 60s
[2026-05-27 15:48:03]   ... phase3-nokl-baseline still running, checking again in 60s
[2026-05-27 15:49:03]   ... phase3-nokl-baseline still running, checking again in 60s
[2026-05-27 15:50:03]   ... phase3-nokl-baseline still running, checking again in 60s
[2026-05-27 15:51:03]   ... phase3-nokl-baseline still running, checking again in 60s
[2026-05-27 15:52:03]   ... phase3-nokl-baseline still running, checking again in 60s
[2026-05-27 15:53:03]   ... phase3-nokl-baseline still running, checking again in 60s
[2026-05-27 15:54:03]   ... phase3-nokl-baseline still running, checking again in 60s
[2026-05-27 15:55:03]   ... phase3-nokl-baseline still running, checking again in 60s
[2026-05-27 15:56:03]   ... phase3-nokl-baseline still running, checking again in 60s
[2026-05-27 15:57:03]   ... phase3-nokl-baseline still running, checking again in 60s
[2026-05-27 15:58:03]   ... phase3-nokl-baseline still running, checking again in 60s
[2026-05-27 15:59:03]   ... phase3-nokl-baseline still running, checking again in 60s
[2026-05-27 16:00:04]   ... phase3-nokl-baseline still running, checking again in 60s
[2026-05-27 16:01:04]   ... phase3-nokl-baseline still running, checking again in 60s
[2026-05-27 16:02:04]   ... phase3-nokl-baseline still running, checking again in 60s
[2026-05-27 16:03:04]   ... phase3-nokl-baseline still running, checking again in 60s
[2026-05-27 16:04:04]   ... phase3-nokl-baseline still running, checking again in 60s
[2026-05-27 16:05:04]   ... phase3-nokl-baseline still running, checking again in 60s
[2026-05-27 16:06:04]   ... phase3-nokl-baseline still running, checking again in 60s
[2026-05-27 16:07:04]   ... phase3-nokl-baseline still running, checking again in 60s
[2026-05-27 16:08:04]   ... phase3-nokl-baseline still running, checking again in 60s
[2026-05-27 16:09:04]   ... phase3-nokl-baseline still running, checking again in 60s
[2026-05-27 16:10:04]   ... phase3-nokl-baseline still running, checking again in 60s
[2026-05-27 16:11:04]   ... phase3-nokl-baseline still running, checking again in 60s
[2026-05-27 16:12:04]   ... phase3-nokl-baseline still running, checking again in 60s
[2026-05-27 16:13:04]   ... phase3-nokl-baseline still running, checking again in 60s
[2026-05-27 16:14:04]   ... phase3-nokl-baseline still running, checking again in 60s
[2026-05-27 16:15:04]   ... phase3-nokl-baseline still running, checking again in 60s
[2026-05-27 16:16:04]   ... phase3-nokl-baseline still running, checking again in 60s
[2026-05-27 16:17:04]   ... phase3-nokl-baseline still running, checking again in 60s
[2026-05-27 16:18:04]   ... phase3-nokl-baseline still running, checking again in 60s
[2026-05-27 16:19:04]   ... phase3-nokl-baseline still running, checking again in 60s
[2026-05-27 16:20:04]   ... phase3-nokl-baseline still running, checking again in 60s
[2026-05-27 16:21:04]   ... phase3-nokl-baseline still running, checking again in 60s
[2026-05-27 16:22:04]   ... phase3-nokl-baseline still running, checking again in 60s
[2026-05-27 16:23:04]   ... phase3-nokl-baseline still running, checking again in 60s
[2026-05-27 16:24:04]   ... phase3-nokl-baseline still running, checking again in 60s
[2026-05-27 16:25:04]   ... phase3-nokl-baseline still running, checking again in 60s
[2026-05-27 16:26:04]   ... phase3-nokl-baseline still running, checking again in 60s
[2026-05-27 16:27:04]   ... phase3-nokl-baseline still running, checking again in 60s
[2026-05-27 16:28:04]   ... phase3-nokl-baseline still running, checking again in 60s
[2026-05-27 16:29:04]   ... phase3-nokl-baseline still running, checking again in 60s
[2026-05-27 16:30:04]   ... phase3-nokl-baseline still running, checking again in 60s
[2026-05-27 16:31:05]   ... phase3-nokl-baseline still running, checking again in 60s
[2026-05-27 16:32:05]   ... phase3-nokl-baseline still running, checking again in 60s
[2026-05-27 16:33:05]   ... phase3-nokl-baseline still running, checking again in 60s
[2026-05-27 16:34:05]   ... phase3-nokl-baseline still running, checking again in 60s
[2026-05-27 16:35:05]   ... phase3-nokl-baseline still running, checking again in 60s
[2026-05-27 16:36:05]   ... phase3-nokl-baseline still running, checking again in 60s
[2026-05-27 16:37:05]   ... phase3-nokl-baseline still running, checking again in 60s
[2026-05-27 16:38:05]   ... phase3-nokl-baseline still running, checking again in 60s
[2026-05-27 16:39:05]   ... phase3-nokl-baseline still running, checking again in 60s
[2026-05-27 16:40:05]   ... phase3-nokl-baseline still running, checking again in 60s
[2026-05-27 16:41:05]   ... phase3-nokl-baseline still running, checking again in 60s
[2026-05-27 16:42:05]   ... phase3-nokl-baseline still running, checking again in 60s
[2026-05-27 16:43:05]   ... phase3-nokl-baseline still running, checking again in 60s
[2026-05-27 16:44:05]   ... phase3-nokl-baseline still running, checking again in 60s
[2026-05-27 16:45:05]   ... phase3-nokl-baseline still running, checking again in 60s
[2026-05-27 16:46:05]   ... phase3-nokl-baseline still running, checking again in 60s
[2026-05-27 16:47:05]   ... phase3-nokl-baseline still running, checking again in 60s
[2026-05-27 16:48:05]   ... phase3-nokl-baseline still running, checking again in 60s
[2026-05-27 16:49:05]   ... phase3-nokl-baseline still running, checking again in 60s
[2026-05-27 16:50:05]   ... phase3-nokl-baseline still running, checking again in 60s
[2026-05-27 16:51:05]   ... phase3-nokl-baseline still running, checking again in 60s
[2026-05-27 16:52:05]   ... phase3-nokl-baseline still running, checking again in 60s
[2026-05-27 16:53:05]   ... phase3-nokl-baseline still running, checking again in 60s
[2026-05-27 16:54:05]   ... phase3-nokl-baseline still running, checking again in 60s
[2026-05-27 16:55:05]   ... phase3-nokl-baseline still running, checking again in 60s
[2026-05-27 16:56:05]   ... phase3-nokl-baseline still running, checking again in 60s
[2026-05-27 16:57:05]   ... phase3-nokl-baseline still running, checking again in 60s
[2026-05-27 16:58:05]   ... phase3-nokl-baseline still running, checking again in 60s
[2026-05-27 16:59:05]   ... phase3-nokl-baseline still running, checking again in 60s
[2026-05-27 17:00:05]   ... phase3-nokl-baseline still running, checking again in 60s
[2026-05-27 17:01:06]   ... phase3-nokl-baseline still running, checking again in 60s
[2026-05-27 17:02:06]   ... phase3-nokl-baseline still running, checking again in 60s
[2026-05-27 17:03:06]   ... phase3-nokl-baseline still running, checking again in 60s
[2026-05-27 17:04:06]   ... phase3-nokl-baseline still running, checking again in 60s
[2026-05-27 17:05:06]   ... phase3-nokl-baseline still running, checking again in 60s
[2026-05-27 17:06:06]   ... phase3-nokl-baseline still running, checking again in 60s
[2026-05-27 17:07:06]   ... phase3-nokl-baseline still running, checking again in 60s
[2026-05-27 17:08:06]   ... phase3-nokl-baseline still running, checking again in 60s
[2026-05-27 17:09:06]   ... phase3-nokl-baseline still running, checking again in 60s
[2026-05-27 17:10:06]   ... phase3-nokl-baseline still running, checking again in 60s
[2026-05-27 17:11:06]   ... phase3-nokl-baseline still running, checking again in 60s
[2026-05-27 17:12:06]   ... phase3-nokl-baseline still running, checking again in 60s
[2026-05-27 17:13:06]   ... phase3-nokl-baseline still running, checking again in 60s
[2026-05-27 17:14:06]   ... phase3-nokl-baseline still running, checking again in 60s
[2026-05-27 17:15:06]   ... phase3-nokl-baseline still running, checking again in 60s
[2026-05-27 17:16:06]   ... phase3-nokl-baseline still running, checking again in 60s
[2026-05-27 17:17:06]   ... phase3-nokl-baseline still running, checking again in 60s
[2026-05-27 17:18:06]   ... phase3-nokl-baseline still running, checking again in 60s
[2026-05-27 17:19:06]   ... phase3-nokl-baseline still running, checking again in 60s
[2026-05-27 17:20:06]   ... phase3-nokl-baseline still running, checking again in 60s
[2026-05-27 17:21:06]   ... phase3-nokl-baseline still running, checking again in 60s
[2026-05-27 17:22:06]   ... phase3-nokl-baseline still running, checking again in 60s
[2026-05-27 17:23:06]   ... phase3-nokl-baseline still running, checking again in 60s
[2026-05-27 17:24:06]   ... phase3-nokl-baseline still running, checking again in 60s
[2026-05-27 17:25:06]   ... phase3-nokl-baseline still running, checking again in 60s
[2026-05-27 17:26:06]   ... phase3-nokl-baseline still running, checking again in 60s
[2026-05-27 17:27:06]   ... phase3-nokl-baseline still running, checking again in 60s
[2026-05-27 17:28:06]   ... phase3-nokl-baseline still running, checking again in 60s
[2026-05-27 17:29:06]   ... phase3-nokl-baseline still running, checking again in 60s
[2026-05-27 17:30:06]   ... phase3-nokl-baseline still running, checking again in 60s
[2026-05-27 17:31:07]   ... phase3-nokl-baseline still running, checking again in 60s
[2026-05-27 17:32:07]   ... phase3-nokl-baseline still running, checking again in 60s
[2026-05-27 17:33:07]   ... phase3-nokl-baseline still running, checking again in 60s
[2026-05-27 17:34:07]   ... phase3-nokl-baseline still running, checking again in 60s
[2026-05-27 17:35:07]   ... phase3-nokl-baseline still running, checking again in 60s
[2026-05-27 17:36:07]   ... phase3-nokl-baseline still running, checking again in 60s
[2026-05-27 17:37:07]   ... phase3-nokl-baseline still running, checking again in 60s
[2026-05-27 17:38:07]   ... phase3-nokl-baseline still running, checking again in 60s
[2026-05-27 17:39:07]   ... phase3-nokl-baseline still running, checking again in 60s
[2026-05-27 17:40:07]   ... phase3-nokl-baseline still running, checking again in 60s
[2026-05-27 17:41:07]   ... phase3-nokl-baseline still running, checking again in 60s
[2026-05-27 17:42:07]   ... phase3-nokl-baseline still running, checking again in 60s
[2026-05-27 17:43:07]   ... phase3-nokl-baseline still running, checking again in 60s
[2026-05-27 17:44:07]   ... phase3-nokl-baseline still running, checking again in 60s
[2026-05-27 17:45:07]   ... phase3-nokl-baseline still running, checking again in 60s
[2026-05-27 17:46:07]   ... phase3-nokl-baseline still running, checking again in 60s
[2026-05-27 17:47:07]   ... phase3-nokl-baseline still running, checking again in 60s
[2026-05-27 17:48:07]   ... phase3-nokl-baseline still running, checking again in 60s
[2026-05-27 17:49:07]   ... phase3-nokl-baseline still running, checking again in 60s
[2026-05-27 17:50:07]   ... phase3-nokl-baseline still running, checking again in 60s
[2026-05-27 17:51:07]   ... phase3-nokl-baseline still running, checking again in 60s
[2026-05-27 17:52:07]   ... phase3-nokl-baseline still running, checking again in 60s
[2026-05-27 17:53:07]   ... phase3-nokl-baseline still running, checking again in 60s
[2026-05-27 17:54:07]   ... phase3-nokl-baseline still running, checking again in 60s
[2026-05-27 17:55:07]   ... phase3-nokl-baseline still running, checking again in 60s
[2026-05-27 17:56:07]   ... phase3-nokl-baseline still running, checking again in 60s
[2026-05-27 17:57:07]   ... phase3-nokl-baseline still running, checking again in 60s
[2026-05-27 17:58:07]   ... phase3-nokl-baseline still running, checking again in 60s
[2026-05-27 17:59:08]   ... phase3-nokl-baseline still running, checking again in 60s
[2026-05-27 18:00:08]   ... phase3-nokl-baseline still running, checking again in 60s
[2026-05-27 18:01:08]   ... phase3-nokl-baseline still running, checking again in 60s
[2026-05-27 18:02:08]   ... phase3-nokl-baseline still running, checking again in 60s
[2026-05-27 18:03:08]   ... phase3-nokl-baseline still running, checking again in 60s
[2026-05-27 18:04:08]   ... phase3-nokl-baseline still running, checking again in 60s
[2026-05-27 18:05:08]   ... phase3-nokl-baseline still running, checking again in 60s
[2026-05-27 18:06:08]   ... phase3-nokl-baseline still running, checking again in 60s
[2026-05-27 18:07:08]   ... phase3-nokl-baseline still running, checking again in 60s
[2026-05-27 18:08:08]   ... phase3-nokl-baseline still running, checking again in 60s
[2026-05-27 18:09:08]   ... phase3-nokl-baseline still running, checking again in 60s
[2026-05-27 18:10:08]   ... phase3-nokl-baseline still running, checking again in 60s
[2026-05-27 18:11:08]   ... phase3-nokl-baseline still running, checking again in 60s
[2026-05-27 18:12:08]   ... phase3-nokl-baseline still running, checking again in 60s
[2026-05-27 18:13:08]   ... phase3-nokl-baseline still running, checking again in 60s
[2026-05-27 18:14:08]   ... phase3-nokl-baseline still running, checking again in 60s
[2026-05-27 18:15:08]   ... phase3-nokl-baseline still running, checking again in 60s
[2026-05-27 18:16:08]   ... phase3-nokl-baseline still running, checking again in 60s
[2026-05-27 18:17:08]   ... phase3-nokl-baseline still running, checking again in 60s
[2026-05-27 18:18:08]   ... phase3-nokl-baseline still running, checking again in 60s
[2026-05-27 18:19:08]   ... phase3-nokl-baseline still running, checking again in 60s
[2026-05-27 18:20:08]   ... phase3-nokl-baseline still running, checking again in 60s
[2026-05-27 18:21:08]   ... phase3-nokl-baseline still running, checking again in 60s
[2026-05-27 18:22:08]   ... phase3-nokl-baseline still running, checking again in 60s
[2026-05-27 18:23:08]   ... phase3-nokl-baseline still running, checking again in 60s
[2026-05-27 18:24:08]   ... phase3-nokl-baseline still running, checking again in 60s
[2026-05-27 18:25:08]   ... phase3-nokl-baseline still running, checking again in 60s
[2026-05-27 18:26:08]   ... phase3-nokl-baseline still running, checking again in 60s
[2026-05-27 18:27:08]   ... phase3-nokl-baseline still running, checking again in 60s
[2026-05-27 18:28:09]   ... phase3-nokl-baseline still running, checking again in 60s
[2026-05-27 18:29:09]   ... phase3-nokl-baseline still running, checking again in 60s
[2026-05-27 18:30:09]   ... phase3-nokl-baseline still running, checking again in 60s
[2026-05-27 18:31:09]   ... phase3-nokl-baseline still running, checking again in 60s
[2026-05-27 18:32:09]   ... phase3-nokl-baseline still running, checking again in 60s
[2026-05-27 18:33:09]   ... phase3-nokl-baseline still running, checking again in 60s
[2026-05-27 18:34:09]   ... phase3-nokl-baseline still running, checking again in 60s
[2026-05-27 18:35:09]   ... phase3-nokl-baseline still running, checking again in 60s
[2026-05-27 18:36:09]   ... phase3-nokl-baseline still running, checking again in 60s
[2026-05-27 18:37:09]   ... phase3-nokl-baseline still running, checking again in 60s
[2026-05-27 18:38:09]   ... phase3-nokl-baseline still running, checking again in 60s
[2026-05-27 18:39:09]   ... phase3-nokl-baseline still running, checking again in 60s
[2026-05-27 18:40:09]   ... phase3-nokl-baseline still running, checking again in 60s
[2026-05-27 18:41:09]   ... phase3-nokl-baseline still running, checking again in 60s
[2026-05-27 18:42:09]   ... phase3-nokl-baseline still running, checking again in 60s
[2026-05-27 18:43:09]   ... phase3-nokl-baseline still running, checking again in 60s
[2026-05-27 18:44:09]   ... phase3-nokl-baseline still running, checking again in 60s
[2026-05-27 18:45:09]   ... phase3-nokl-baseline still running, checking again in 60s
[2026-05-27 18:46:09]   ... phase3-nokl-baseline still running, checking again in 60s
[2026-05-27 18:47:09]   ... phase3-nokl-baseline still running, checking again in 60s
[2026-05-27 18:48:09]   ... phase3-nokl-baseline still running, checking again in 60s
[2026-05-27 18:49:09]   ... phase3-nokl-baseline still running, checking again in 60s
[2026-05-27 18:50:09]   ... phase3-nokl-baseline still running, checking again in 60s
[2026-05-27 18:51:09]   ... phase3-nokl-baseline still running, checking again in 60s
[2026-05-27 18:52:09]   ... phase3-nokl-baseline still running, checking again in 60s
[2026-05-27 18:53:09]   ... phase3-nokl-baseline still running, checking again in 60s
[2026-05-27 18:54:09]   ... phase3-nokl-baseline still running, checking again in 60s
[2026-05-27 18:55:09]   ... phase3-nokl-baseline still running, checking again in 60s
[2026-05-27 18:56:09]   ... phase3-nokl-baseline still running, checking again in 60s
[2026-05-27 18:57:09]   ... phase3-nokl-baseline still running, checking again in 60s
[2026-05-27 18:58:09]   ... phase3-nokl-baseline still running, checking again in 60s
[2026-05-27 18:59:10]   ... phase3-nokl-baseline still running, checking again in 60s
[2026-05-27 19:00:10]   ... phase3-nokl-baseline still running, checking again in 60s
[2026-05-27 19:01:10]   ... phase3-nokl-baseline still running, checking again in 60s
[2026-05-27 19:02:10]   ... phase3-nokl-baseline still running, checking again in 60s
[2026-05-27 19:03:10]   ... phase3-nokl-baseline still running, checking again in 60s
[2026-05-27 19:04:10]   ... phase3-nokl-baseline still running, checking again in 60s
[2026-05-27 19:05:10]   ... phase3-nokl-baseline still running, checking again in 60s
[2026-05-27 19:06:10]   ... phase3-nokl-baseline still running, checking again in 60s
[2026-05-27 19:07:10]   ... phase3-nokl-baseline still running, checking again in 60s
[2026-05-27 19:08:10]   ... phase3-nokl-baseline still running, checking again in 60s
[2026-05-27 19:09:10]   ... phase3-nokl-baseline still running, checking again in 60s
[2026-05-27 19:10:10]   ... phase3-nokl-baseline still running, checking again in 60s
[2026-05-27 19:11:10]   ... phase3-nokl-baseline still running, checking again in 60s
[2026-05-27 19:12:10]   ... phase3-nokl-baseline still running, checking again in 60s
[2026-05-27 19:13:10]   ... phase3-nokl-baseline still running, checking again in 60s
[2026-05-27 19:14:10]   ... phase3-nokl-baseline still running, checking again in 60s
[2026-05-27 19:15:10]   ... phase3-nokl-baseline still running, checking again in 60s
[2026-05-27 19:16:10]   ... phase3-nokl-baseline still running, checking again in 60s
[2026-05-27 19:17:10]   ... phase3-nokl-baseline still running, checking again in 60s
[2026-05-27 19:18:10]   ... phase3-nokl-baseline still running, checking again in 60s
[2026-05-27 19:19:10]   ... phase3-nokl-baseline still running, checking again in 60s
[2026-05-27 19:20:10]   ... phase3-nokl-baseline still running, checking again in 60s
[2026-05-27 19:21:10]   ... phase3-nokl-baseline still running, checking again in 60s
[2026-05-27 19:22:10]   ... phase3-nokl-baseline still running, checking again in 60s
[2026-05-27 19:23:10]   ... phase3-nokl-baseline still running, checking again in 60s
[2026-05-27 19:24:10]   ... phase3-nokl-baseline still running, checking again in 60s
[2026-05-27 19:25:10]   ... phase3-nokl-baseline still running, checking again in 60s
[2026-05-27 19:26:10]   ... phase3-nokl-baseline still running, checking again in 60s
[2026-05-27 19:27:10]   ... phase3-nokl-baseline still running, checking again in 60s
[2026-05-27 19:28:11]   ... phase3-nokl-baseline still running, checking again in 60s
[2026-05-27 19:29:11]   ... phase3-nokl-baseline still running, checking again in 60s
[2026-05-27 19:30:11]   ... phase3-nokl-baseline still running, checking again in 60s
[2026-05-27 19:31:11]   ... phase3-nokl-baseline still running, checking again in 60s
[2026-05-27 19:32:11]   ... phase3-nokl-baseline still running, checking again in 60s
[2026-05-27 19:33:11]   ... phase3-nokl-baseline still running, checking again in 60s
[2026-05-27 19:34:11]   ... phase3-nokl-baseline still running, checking again in 60s
[2026-05-27 19:35:11]   ... phase3-nokl-baseline still running, checking again in 60s
[2026-05-27 19:36:11]   ... phase3-nokl-baseline still running, checking again in 60s
[2026-05-27 19:37:11]   ... phase3-nokl-baseline still running, checking again in 60s
[2026-05-27 19:38:11]   ... phase3-nokl-baseline still running, checking again in 60s
[2026-05-27 19:39:11]   ... phase3-nokl-baseline still running, checking again in 60s
[2026-05-27 19:40:11]   ... phase3-nokl-baseline still running, checking again in 60s
[2026-05-27 19:41:11]   ... phase3-nokl-baseline still running, checking again in 60s
[2026-05-27 19:42:11]   ... phase3-nokl-baseline still running, checking again in 60s
[2026-05-27 19:43:11]   ... phase3-nokl-baseline still running, checking again in 60s
[2026-05-27 19:44:11]   ... phase3-nokl-baseline still running, checking again in 60s
[2026-05-27 19:45:11]   ... phase3-nokl-baseline still running, checking again in 60s
[2026-05-27 19:46:11]   ... phase3-nokl-baseline still running, checking again in 60s
[2026-05-27 19:47:11]   ... phase3-nokl-baseline still running, checking again in 60s
[2026-05-27 19:48:11]   ... phase3-nokl-baseline still running, checking again in 60s
[2026-05-27 19:49:11]   ... phase3-nokl-baseline still running, checking again in 60s
[2026-05-27 19:50:11]   ... phase3-nokl-baseline still running, checking again in 60s
[2026-05-27 19:51:11]   ... phase3-nokl-baseline still running, checking again in 60s
[2026-05-27 19:52:11]   ... phase3-nokl-baseline still running, checking again in 60s
[2026-05-27 19:53:11]   ... phase3-nokl-baseline still running, checking again in 60s
[2026-05-27 19:54:12]   ... phase3-nokl-baseline still running, checking again in 60s
[2026-05-27 19:55:12]   ... phase3-nokl-baseline still running, checking again in 60s
[2026-05-27 19:56:12]   ... phase3-nokl-baseline still running, checking again in 60s
[2026-05-27 19:57:12]   ... phase3-nokl-baseline still running, checking again in 60s
[2026-05-27 19:58:12]   ... phase3-nokl-baseline still running, checking again in 60s
[2026-05-27 19:59:12]   ... phase3-nokl-baseline still running, checking again in 60s
[2026-05-27 20:00:12]   ... phase3-nokl-baseline still running, checking again in 60s
[2026-05-27 20:01:12]   ... phase3-nokl-baseline still running, checking again in 60s
[2026-05-27 20:02:12]   ... phase3-nokl-baseline still running, checking again in 60s
[2026-05-27 20:03:12]   ... phase3-nokl-baseline still running, checking again in 60s
[2026-05-27 20:04:12]   ... phase3-nokl-baseline still running, checking again in 60s
[2026-05-27 20:05:12]   ... phase3-nokl-baseline still running, checking again in 60s
[2026-05-27 20:06:12]   ... phase3-nokl-baseline still running, checking again in 60s
[2026-05-27 20:07:12]   ... phase3-nokl-baseline still running, checking again in 60s
[2026-05-27 20:08:12]   ... phase3-nokl-baseline still running, checking again in 60s
[2026-05-27 20:09:12]   ... phase3-nokl-baseline still running, checking again in 60s
[2026-05-27 20:10:12]   ... phase3-nokl-baseline still running, checking again in 60s
[2026-05-27 20:11:12]   ... phase3-nokl-baseline still running, checking again in 60s
[2026-05-27 20:12:12]   ... phase3-nokl-baseline still running, checking again in 60s
[2026-05-27 20:13:12]   ... phase3-nokl-baseline still running, checking again in 60s
[2026-05-27 20:14:12]   ... phase3-nokl-baseline still running, checking again in 60s
[2026-05-27 20:15:12]   ... phase3-nokl-baseline still running, checking again in 60s
[2026-05-27 20:16:12]   ... phase3-nokl-baseline still running, checking again in 60s
[2026-05-27 20:17:12]   ... phase3-nokl-baseline still running, checking again in 60s
[2026-05-27 20:18:12]   ... phase3-nokl-baseline still running, checking again in 60s
[2026-05-27 20:19:12]   ... phase3-nokl-baseline still running, checking again in 60s
[2026-05-27 20:20:12]   ... phase3-nokl-baseline still running, checking again in 60s
[2026-05-27 20:21:12]   ... phase3-nokl-baseline still running, checking again in 60s
[2026-05-27 20:22:12]   ... phase3-nokl-baseline still running, checking again in 60s
[2026-05-27 20:23:13]   ... phase3-nokl-baseline still running, checking again in 60s
[2026-05-27 20:24:13]   ... phase3-nokl-baseline still running, checking again in 60s
[2026-05-27 20:25:13]   ... phase3-nokl-baseline still running, checking again in 60s
[2026-05-27 20:26:13]   ... phase3-nokl-baseline still running, checking again in 60s
[2026-05-27 20:27:13]   ... phase3-nokl-baseline still running, checking again in 60s
[2026-05-27 20:28:13]   ... phase3-nokl-baseline still running, checking again in 60s
[2026-05-27 20:29:13]   ... phase3-nokl-baseline still running, checking again in 60s
[2026-05-27 20:30:13]   ... phase3-nokl-baseline still running, checking again in 60s
[2026-05-27 20:31:13]   ... phase3-nokl-baseline still running, checking again in 60s
[2026-05-27 20:32:13]   ... phase3-nokl-baseline still running, checking again in 60s
[2026-05-27 20:33:13]   ... phase3-nokl-baseline still running, checking again in 60s
[2026-05-27 20:34:13]   ... phase3-nokl-baseline still running, checking again in 60s
[2026-05-27 20:35:13]   ... phase3-nokl-baseline still running, checking again in 60s
[2026-05-27 20:36:13]   ... phase3-nokl-baseline still running, checking again in 60s
[2026-05-27 20:37:13]   ... phase3-nokl-baseline still running, checking again in 60s
[2026-05-27 20:38:13]   ... phase3-nokl-baseline still running, checking again in 60s
[2026-05-27 20:39:13]   ... phase3-nokl-baseline still running, checking again in 60s
[2026-05-27 20:40:13]   ... phase3-nokl-baseline still running, checking again in 60s
[2026-05-27 20:41:13]   ... phase3-nokl-baseline still running, checking again in 60s
[2026-05-27 20:42:13]   ... phase3-nokl-baseline still running, checking again in 60s
[2026-05-27 20:43:13]   ... phase3-nokl-baseline still running, checking again in 60s
[2026-05-27 20:44:13]   ... phase3-nokl-baseline still running, checking again in 60s
[2026-05-27 20:45:13]   ... phase3-nokl-baseline still running, checking again in 60s
[2026-05-27 20:46:13]   ... phase3-nokl-baseline still running, checking again in 60s
[2026-05-27 20:47:13]   ... phase3-nokl-baseline still running, checking again in 60s
[2026-05-27 20:48:13]   ... phase3-nokl-baseline still running, checking again in 60s
[2026-05-27 20:49:13]   ... phase3-nokl-baseline still running, checking again in 60s
[2026-05-27 20:50:13]   ... phase3-nokl-baseline still running, checking again in 60s
[2026-05-27 20:51:14]   ... phase3-nokl-baseline still running, checking again in 60s
[2026-05-27 20:52:14]   ... phase3-nokl-baseline still running, checking again in 60s
[2026-05-27 20:53:14]   ... phase3-nokl-baseline still running, checking again in 60s
[2026-05-27 20:54:14]   ... phase3-nokl-baseline still running, checking again in 60s
[2026-05-27 20:55:14]   ... phase3-nokl-baseline still running, checking again in 60s
[2026-05-27 20:56:14]   ... phase3-nokl-baseline still running, checking again in 60s
[2026-05-27 20:57:14]   ... phase3-nokl-baseline still running, checking again in 60s
[2026-05-27 20:58:14]   ... phase3-nokl-baseline still running, checking again in 60s
[2026-05-27 20:59:14]   ... phase3-nokl-baseline still running, checking again in 60s
[2026-05-27 21:00:14]   ... phase3-nokl-baseline still running, checking again in 60s
[2026-05-27 21:01:14]   ... phase3-nokl-baseline still running, checking again in 60s
[2026-05-27 21:02:14]   ... phase3-nokl-baseline still running, checking again in 60s
[2026-05-27 21:03:14]   ... phase3-nokl-baseline still running, checking again in 60s
[2026-05-27 21:04:14]   ... phase3-nokl-baseline still running, checking again in 60s
[2026-05-27 21:05:14]   ... phase3-nokl-baseline still running, checking again in 60s
[2026-05-27 21:06:14]   ... phase3-nokl-baseline still running, checking again in 60s
[2026-05-27 21:07:14]   ... phase3-nokl-baseline still running, checking again in 60s
[2026-05-27 21:08:14]   ... phase3-nokl-baseline still running, checking again in 60s
[2026-05-27 21:09:14]   ... phase3-nokl-baseline still running, checking again in 60s
[2026-05-27 21:10:14]   ... phase3-nokl-baseline still running, checking again in 60s
[2026-05-27 21:11:14]   ... phase3-nokl-baseline still running, checking again in 60s
[2026-05-27 21:12:14]   ... phase3-nokl-baseline still running, checking again in 60s
[2026-05-27 21:13:14]   ... phase3-nokl-baseline still running, checking again in 60s
[2026-05-27 21:14:14]   ... phase3-nokl-baseline still running, checking again in 60s
[2026-05-27 21:15:14]   ... phase3-nokl-baseline still running, checking again in 60s
[2026-05-27 21:16:14]   ... phase3-nokl-baseline still running, checking again in 60s
[2026-05-27 21:17:14]   ... phase3-nokl-baseline still running, checking again in 60s
[2026-05-27 21:18:14]   ... phase3-nokl-baseline still running, checking again in 60s
[2026-05-27 21:19:14]   ... phase3-nokl-baseline still running, checking again in 60s
[2026-05-27 21:20:15]   ... phase3-nokl-baseline still running, checking again in 60s
[2026-05-27 21:21:15]   ... phase3-nokl-baseline still running, checking again in 60s
[2026-05-27 21:22:15]   ... phase3-nokl-baseline still running, checking again in 60s
[2026-05-27 21:23:15]   ... phase3-nokl-baseline still running, checking again in 60s
[2026-05-27 21:24:15]   ... phase3-nokl-baseline still running, checking again in 60s
[2026-05-27 21:25:15]   ... phase3-nokl-baseline still running, checking again in 60s
[2026-05-27 21:26:15]   ... phase3-nokl-baseline still running, checking again in 60s
[2026-05-27 21:27:15]   ... phase3-nokl-baseline still running, checking again in 60s
[2026-05-27 21:28:15]   ... phase3-nokl-baseline still running, checking again in 60s
[2026-05-27 21:29:15]   ... phase3-nokl-baseline still running, checking again in 60s
[2026-05-27 21:30:15]   ... phase3-nokl-baseline still running, checking again in 60s
[2026-05-27 21:31:15]   ... phase3-nokl-baseline still running, checking again in 60s
[2026-05-27 21:32:15]   ... phase3-nokl-baseline still running, checking again in 60s
[2026-05-27 21:33:15]   ... phase3-nokl-baseline still running, checking again in 60s
[2026-05-27 21:34:15]   ... phase3-nokl-baseline still running, checking again in 60s
[2026-05-27 21:35:15]   ... phase3-nokl-baseline still running, checking again in 60s
[2026-05-27 21:36:15]   ... phase3-nokl-baseline still running, checking again in 60s
[2026-05-27 21:37:15]   ... phase3-nokl-baseline still running, checking again in 60s
[2026-05-27 21:38:15]   ... phase3-nokl-baseline still running, checking again in 60s
[2026-05-27 21:39:15]   ... phase3-nokl-baseline still running, checking again in 60s
[2026-05-27 21:40:15]   ... phase3-nokl-baseline still running, checking again in 60s
[2026-05-27 21:41:15]   ... phase3-nokl-baseline still running, checking again in 60s
[2026-05-27 21:42:15]   ... phase3-nokl-baseline still running, checking again in 60s
[2026-05-27 21:43:15]   ... phase3-nokl-baseline still running, checking again in 60s
[2026-05-27 21:44:15]   ... phase3-nokl-baseline still running, checking again in 60s
[2026-05-27 21:45:15]   ... phase3-nokl-baseline still running, checking again in 60s
[2026-05-27 21:46:15]   ... phase3-nokl-baseline still running, checking again in 60s
[2026-05-27 21:47:15]   ... phase3-nokl-baseline still running, checking again in 60s
[2026-05-27 21:48:15]   ... phase3-nokl-baseline still running, checking again in 60s
[2026-05-27 21:49:16]   ... phase3-nokl-baseline still running, checking again in 60s
[2026-05-27 21:50:16]   ... phase3-nokl-baseline still running, checking again in 60s
[2026-05-27 21:51:16]   ... phase3-nokl-baseline still running, checking again in 60s
[2026-05-27 21:52:16]   ... phase3-nokl-baseline still running, checking again in 60s
[2026-05-27 21:53:16]   ... phase3-nokl-baseline still running, checking again in 60s
[2026-05-27 21:54:16]   ... phase3-nokl-baseline still running, checking again in 60s
[2026-05-27 21:55:16]   ... phase3-nokl-baseline still running, checking again in 60s
[2026-05-27 21:56:16]   ... phase3-nokl-baseline still running, checking again in 60s
[2026-05-27 21:57:16]   ... phase3-nokl-baseline still running, checking again in 60s
[2026-05-27 21:58:16]   ... phase3-nokl-baseline still running, checking again in 60s
[2026-05-27 21:59:16]   ... phase3-nokl-baseline still running, checking again in 60s
[2026-05-27 22:00:16]   ... phase3-nokl-baseline still running, checking again in 60s
[2026-05-27 22:01:16]   ... phase3-nokl-baseline still running, checking again in 60s
[2026-05-27 22:02:16]   ... phase3-nokl-baseline still running, checking again in 60s
[2026-05-27 22:03:16]   ... phase3-nokl-baseline still running, checking again in 60s
[2026-05-27 22:04:16]   ... phase3-nokl-baseline still running, checking again in 60s
[2026-05-27 22:05:16]   ... phase3-nokl-baseline still running, checking again in 60s
[2026-05-27 22:06:16]   ... phase3-nokl-baseline still running, checking again in 60s
[2026-05-27 22:07:16]   ... phase3-nokl-baseline still running, checking again in 60s
[2026-05-27 22:08:16]   ... phase3-nokl-baseline still running, checking again in 60s
[2026-05-27 22:09:16]   ... phase3-nokl-baseline still running, checking again in 60s
[2026-05-27 22:10:16]   ... phase3-nokl-baseline still running, checking again in 60s
[2026-05-27 22:11:16]   ... phase3-nokl-baseline still running, checking again in 60s
[2026-05-27 22:12:16]   ... phase3-nokl-baseline still running, checking again in 60s
[2026-05-27 22:13:16]   ... phase3-nokl-baseline still running, checking again in 60s
[2026-05-27 22:14:16]   ... phase3-nokl-baseline still running, checking again in 60s
[2026-05-27 22:15:16]   ... phase3-nokl-baseline still running, checking again in 60s
[2026-05-27 22:16:17]   ... phase3-nokl-baseline still running, checking again in 60s
[2026-05-27 22:17:17]   ... phase3-nokl-baseline still running, checking again in 60s
[2026-05-27 22:18:17]   ... phase3-nokl-baseline still running, checking again in 60s
[2026-05-27 22:19:17]   ... phase3-nokl-baseline still running, checking again in 60s
[2026-05-27 22:20:17]   ... phase3-nokl-baseline still running, checking again in 60s
[2026-05-27 22:21:17]   ... phase3-nokl-baseline still running, checking again in 60s
[2026-05-27 22:22:17]   ... phase3-nokl-baseline still running, checking again in 60s
[2026-05-27 22:23:17]   ... phase3-nokl-baseline still running, checking again in 60s
[2026-05-27 22:24:17]   ... phase3-nokl-baseline still running, checking again in 60s
[2026-05-27 22:25:17]   ... phase3-nokl-baseline still running, checking again in 60s
[2026-05-27 22:26:17]   ... phase3-nokl-baseline still running, checking again in 60s
[2026-05-27 22:27:17]   ... phase3-nokl-baseline still running, checking again in 60s
[2026-05-27 22:28:17]   ... phase3-nokl-baseline still running, checking again in 60s
[2026-05-27 22:29:17]   ... phase3-nokl-baseline still running, checking again in 60s
[2026-05-27 22:30:17]   ... phase3-nokl-baseline still running, checking again in 60s
[2026-05-27 22:31:17]   ... phase3-nokl-baseline still running, checking again in 60s
[2026-05-27 22:32:17]   ... phase3-nokl-baseline still running, checking again in 60s
[2026-05-27 22:33:17]   ... phase3-nokl-baseline still running, checking again in 60s
[2026-05-27 22:34:17]   ... phase3-nokl-baseline still running, checking again in 60s
[2026-05-27 22:35:17]   ... phase3-nokl-baseline still running, checking again in 60s
[2026-05-27 22:36:17]   ... phase3-nokl-baseline still running, checking again in 60s
[2026-05-27 22:37:17]   ... phase3-nokl-baseline still running, checking again in 60s
[2026-05-27 22:38:17]   ... phase3-nokl-baseline still running, checking again in 60s
[2026-05-27 22:39:17]   ... phase3-nokl-baseline still running, checking again in 60s
[2026-05-27 22:40:17]   ... phase3-nokl-baseline still running, checking again in 60s
[2026-05-27 22:41:17]   ... phase3-nokl-baseline still running, checking again in 60s
[2026-05-27 22:42:17]   ... phase3-nokl-baseline still running, checking again in 60s
[2026-05-27 22:43:17]   ... phase3-nokl-baseline still running, checking again in 60s
[2026-05-27 22:44:17]   ... phase3-nokl-baseline still running, checking again in 60s
[2026-05-27 22:45:17]   ... phase3-nokl-baseline still running, checking again in 60s
[2026-05-27 22:46:18]   ... phase3-nokl-baseline still running, checking again in 60s
[2026-05-27 22:47:18]   ... phase3-nokl-baseline still running, checking again in 60s
[2026-05-27 22:48:18]   ... phase3-nokl-baseline still running, checking again in 60s
[2026-05-27 22:49:18]   ... phase3-nokl-baseline still running, checking again in 60s
[2026-05-27 22:50:18]   ... phase3-nokl-baseline still running, checking again in 60s
[2026-05-27 22:51:18]   ... phase3-nokl-baseline still running, checking again in 60s
[2026-05-27 22:52:18]   ... phase3-nokl-baseline still running, checking again in 60s
[2026-05-27 22:53:18]   ... phase3-nokl-baseline still running, checking again in 60s
[2026-05-27 22:54:18]   ... phase3-nokl-baseline still running, checking again in 60s
[2026-05-27 22:55:18]   ... phase3-nokl-baseline still running, checking again in 60s
[2026-05-27 22:56:18]   ... phase3-nokl-baseline still running, checking again in 60s
[2026-05-27 22:57:18]   ... phase3-nokl-baseline still running, checking again in 60s
[2026-05-27 22:58:18]   ... phase3-nokl-baseline still running, checking again in 60s
[2026-05-27 22:59:18]   ... phase3-nokl-baseline still running, checking again in 60s
[2026-05-27 23:00:18]   ... phase3-nokl-baseline still running, checking again in 60s
[2026-05-27 23:01:18]   ... phase3-nokl-baseline still running, checking again in 60s
[2026-05-27 23:02:18]   ... phase3-nokl-baseline still running, checking again in 60s
[2026-05-27 23:03:18]   ... phase3-nokl-baseline still running, checking again in 60s
[2026-05-27 23:04:18]   ... phase3-nokl-baseline still running, checking again in 60s
[2026-05-27 23:05:18]   ... phase3-nokl-baseline still running, checking again in 60s
[2026-05-27 23:06:18]   ... phase3-nokl-baseline still running, checking again in 60s
[2026-05-27 23:07:18]   ... phase3-nokl-baseline still running, checking again in 60s
[2026-05-27 23:08:18]   ... phase3-nokl-baseline still running, checking again in 60s
[2026-05-27 23:09:18]   ... phase3-nokl-baseline still running, checking again in 60s
[2026-05-27 23:10:18]   ... phase3-nokl-baseline still running, checking again in 60s
[2026-05-27 23:11:18]   ... phase3-nokl-baseline still running, checking again in 60s
[2026-05-27 23:12:18]   ... phase3-nokl-baseline still running, checking again in 60s
[2026-05-27 23:13:18]   ... phase3-nokl-baseline still running, checking again in 60s
[2026-05-27 23:14:19]   ... phase3-nokl-baseline still running, checking again in 60s
[2026-05-27 23:15:19]   ... phase3-nokl-baseline still running, checking again in 60s
[2026-05-27 23:16:19]   ... phase3-nokl-baseline still running, checking again in 60s
[2026-05-27 23:17:19]   ... phase3-nokl-baseline still running, checking again in 60s
[2026-05-27 23:18:19]   ... phase3-nokl-baseline still running, checking again in 60s
[2026-05-27 23:19:19]   ... phase3-nokl-baseline still running, checking again in 60s
[2026-05-27 23:20:19]   ... phase3-nokl-baseline still running, checking again in 60s
[2026-05-27 23:21:19]   ... phase3-nokl-baseline still running, checking again in 60s
[2026-05-27 23:22:19]   ... phase3-nokl-baseline still running, checking again in 60s
[2026-05-27 23:23:19]   ... phase3-nokl-baseline still running, checking again in 60s
[2026-05-27 23:24:19]   ... phase3-nokl-baseline still running, checking again in 60s
[2026-05-27 23:25:19]   ... phase3-nokl-baseline still running, checking again in 60s
[2026-05-27 23:26:19]   ... phase3-nokl-baseline still running, checking again in 60s
[2026-05-27 23:27:19]   ... phase3-nokl-baseline still running, checking again in 60s
[2026-05-27 23:28:19]   ... phase3-nokl-baseline still running, checking again in 60s
[2026-05-27 23:29:19]   ... phase3-nokl-baseline still running, checking again in 60s
[2026-05-27 23:30:19]   ... phase3-nokl-baseline still running, checking again in 60s
[2026-05-27 23:31:19]   ... phase3-nokl-baseline still running, checking again in 60s
[2026-05-27 23:32:19]   ... phase3-nokl-baseline still running, checking again in 60s
[2026-05-27 23:33:19]   ... phase3-nokl-baseline still running, checking again in 60s
[2026-05-27 23:34:19]   ... phase3-nokl-baseline still running, checking again in 60s
[2026-05-27 23:35:19]   ... phase3-nokl-baseline still running, checking again in 60s
[2026-05-27 23:36:19]   ... phase3-nokl-baseline still running, checking again in 60s
[2026-05-27 23:37:19]   ... phase3-nokl-baseline still running, checking again in 60s
[2026-05-27 23:38:19]   ... phase3-nokl-baseline still running, checking again in 60s
[2026-05-27 23:39:19]   ... phase3-nokl-baseline still running, checking again in 60s
[2026-05-27 23:40:19]   ... phase3-nokl-baseline still running, checking again in 60s
[2026-05-27 23:41:19]   ... phase3-nokl-baseline still running, checking again in 60s
[2026-05-27 23:42:19]   ... phase3-nokl-baseline still running, checking again in 60s
[2026-05-27 23:43:19]   ... phase3-nokl-baseline still running, checking again in 60s
[2026-05-27 23:44:20]   ... phase3-nokl-baseline still running, checking again in 60s
[2026-05-27 23:45:20]   ... phase3-nokl-baseline still running, checking again in 60s
[2026-05-27 23:46:20]   ... phase3-nokl-baseline still running, checking again in 60s
[2026-05-27 23:47:20]   ... phase3-nokl-baseline still running, checking again in 60s
[2026-05-27 23:48:20]   ... phase3-nokl-baseline still running, checking again in 60s
[2026-05-27 23:49:20]   ... phase3-nokl-baseline still running, checking again in 60s
[2026-05-27 23:50:20]   ... phase3-nokl-baseline still running, checking again in 60s
[2026-05-27 23:51:20]   ... phase3-nokl-baseline still running, checking again in 60s
[2026-05-27 23:52:20]   ... phase3-nokl-baseline still running, checking again in 60s
[2026-05-27 23:53:20]   ... phase3-nokl-baseline still running, checking again in 60s
[2026-05-27 23:54:20]   ... phase3-nokl-baseline still running, checking again in 60s
[2026-05-27 23:55:20]   ... phase3-nokl-baseline still running, checking again in 60s
[2026-05-27 23:56:20]   ... phase3-nokl-baseline still running, checking again in 60s
[2026-05-27 23:57:20]   ... phase3-nokl-baseline still running, checking again in 60s
[2026-05-27 23:58:20]   ... phase3-nokl-baseline still running, checking again in 60s
[2026-05-27 23:59:20]   ... phase3-nokl-baseline still running, checking again in 60s
[2026-05-28 00:00:20]   ... phase3-nokl-baseline still running, checking again in 60s
[2026-05-28 00:01:20]   ... phase3-nokl-baseline still running, checking again in 60s
[2026-05-28 00:02:20]   ... phase3-nokl-baseline still running, checking again in 60s
[2026-05-28 00:03:20]   ... phase3-nokl-baseline still running, checking again in 60s
[2026-05-28 00:04:20]   ... phase3-nokl-baseline still running, checking again in 60s
[2026-05-28 00:05:20]   ... phase3-nokl-baseline still running, checking again in 60s
[2026-05-28 00:06:20]   ... phase3-nokl-baseline still running, checking again in 60s
[2026-05-28 00:07:20]   ... phase3-nokl-baseline still running, checking again in 60s
[2026-05-28 00:08:20]   ... phase3-nokl-baseline still running, checking again in 60s
[2026-05-28 00:09:20]   ... phase3-nokl-baseline still running, checking again in 60s
[2026-05-28 00:10:20]   ... phase3-nokl-baseline still running, checking again in 60s
[2026-05-28 00:11:20]   ... phase3-nokl-baseline still running, checking again in 60s
[2026-05-28 00:12:20]   ... phase3-nokl-baseline still running, checking again in 60s
[2026-05-28 00:13:20]   ... phase3-nokl-baseline still running, checking again in 60s
[2026-05-28 00:14:21]   ... phase3-nokl-baseline still running, checking again in 60s
[2026-05-28 00:15:21]   ... phase3-nokl-baseline still running, checking again in 60s
[2026-05-28 00:16:21]   ... phase3-nokl-baseline still running, checking again in 60s
[2026-05-28 00:17:21]   ... phase3-nokl-baseline still running, checking again in 60s
[2026-05-28 00:18:21]   ... phase3-nokl-baseline still running, checking again in 60s
[2026-05-28 00:19:21]   ... phase3-nokl-baseline still running, checking again in 60s
[2026-05-28 00:20:21]   ... phase3-nokl-baseline still running, checking again in 60s
[2026-05-28 00:21:21]   ... phase3-nokl-baseline still running, checking again in 60s
[2026-05-28 00:22:21]   ... phase3-nokl-baseline still running, checking again in 60s
[2026-05-28 00:23:21]   ... phase3-nokl-baseline still running, checking again in 60s
[2026-05-28 00:24:21]   ... phase3-nokl-baseline still running, checking again in 60s
[2026-05-28 00:25:21]   ... phase3-nokl-baseline still running, checking again in 60s
[2026-05-28 00:26:21]   ... phase3-nokl-baseline still running, checking again in 60s
[2026-05-28 00:27:21]   ... phase3-nokl-baseline still running, checking again in 60s
[2026-05-28 00:28:21]   ... phase3-nokl-baseline still running, checking again in 60s
[2026-05-28 00:29:21]   ... phase3-nokl-baseline still running, checking again in 60s
[2026-05-28 00:30:21]   ... phase3-nokl-baseline still running, checking again in 60s
[2026-05-28 00:31:21]   ... phase3-nokl-baseline still running, checking again in 60s
[2026-05-28 00:32:21]   ... phase3-nokl-baseline still running, checking again in 60s
[2026-05-28 00:33:21]   ... phase3-nokl-baseline still running, checking again in 60s
[2026-05-28 00:34:21]   ... phase3-nokl-baseline still running, checking again in 60s
[2026-05-28 00:35:21]   ... phase3-nokl-baseline still running, checking again in 60s
[2026-05-28 00:36:21]   ... phase3-nokl-baseline still running, checking again in 60s
[2026-05-28 00:37:21]   ... phase3-nokl-baseline still running, checking again in 60s
[2026-05-28 00:38:21]   ... phase3-nokl-baseline still running, checking again in 60s
[2026-05-28 00:39:21]   ... phase3-nokl-baseline still running, checking again in 60s
[2026-05-28 00:40:21]   ... phase3-nokl-baseline still running, checking again in 60s
[2026-05-28 00:41:21]   ... phase3-nokl-baseline still running, checking again in 60s
[2026-05-28 00:42:21]   ... phase3-nokl-baseline still running, checking again in 60s
[2026-05-28 00:43:22]   ... phase3-nokl-baseline still running, checking again in 60s
[2026-05-28 00:44:22]   ... phase3-nokl-baseline still running, checking again in 60s
[2026-05-28 00:45:22]   ... phase3-nokl-baseline still running, checking again in 60s
[2026-05-28 00:46:22]   ... phase3-nokl-baseline still running, checking again in 60s
[2026-05-28 00:47:22]   ... phase3-nokl-baseline still running, checking again in 60s
[2026-05-28 00:48:22]   ... phase3-nokl-baseline still running, checking again in 60s
[2026-05-28 00:49:22]   ... phase3-nokl-baseline still running, checking again in 60s
[2026-05-28 00:50:22]   ... phase3-nokl-baseline still running, checking again in 60s
[2026-05-28 00:51:22]   ... phase3-nokl-baseline still running, checking again in 60s
[2026-05-28 00:52:22]   ... phase3-nokl-baseline still running, checking again in 60s
[2026-05-28 00:53:22]   ... phase3-nokl-baseline still running, checking again in 60s
[2026-05-28 00:54:22]   ... phase3-nokl-baseline still running, checking again in 60s
[2026-05-28 00:55:22]   ... phase3-nokl-baseline still running, checking again in 60s
[2026-05-28 00:56:22]   ... phase3-nokl-baseline still running, checking again in 60s
[2026-05-28 00:57:22]   ... phase3-nokl-baseline still running, checking again in 60s
[2026-05-28 00:58:22]   ... phase3-nokl-baseline still running, checking again in 60s
[2026-05-28 00:59:22]   ... phase3-nokl-baseline still running, checking again in 60s
[2026-05-28 01:00:22]   ... phase3-nokl-baseline still running, checking again in 60s
[2026-05-28 01:01:22]   ... phase3-nokl-baseline still running, checking again in 60s
[2026-05-28 01:02:22]   ... phase3-nokl-baseline still running, checking again in 60s
[2026-05-28 01:03:22]   ... phase3-nokl-baseline still running, checking again in 60s
[2026-05-28 01:04:22]   ... phase3-nokl-baseline still running, checking again in 60s
[2026-05-28 01:05:22]   ... phase3-nokl-baseline still running, checking again in 60s
[2026-05-28 01:06:22]   ... phase3-nokl-baseline still running, checking again in 60s
[2026-05-28 01:07:22]   ... phase3-nokl-baseline still running, checking again in 60s
[2026-05-28 01:08:22]   ... phase3-nokl-baseline still running, checking again in 60s
[2026-05-28 01:09:22]   ... phase3-nokl-baseline still running, checking again in 60s
[2026-05-28 01:10:22]   ... phase3-nokl-baseline still running, checking again in 60s
[2026-05-28 01:11:22]   ... phase3-nokl-baseline still running, checking again in 60s
[2026-05-28 01:12:23]   ... phase3-nokl-baseline still running, checking again in 60s
[2026-05-28 01:13:23]   ... phase3-nokl-baseline still running, checking again in 60s
[2026-05-28 01:14:23]   ... phase3-nokl-baseline still running, checking again in 60s
[2026-05-28 01:15:23]   ... phase3-nokl-baseline still running, checking again in 60s
[2026-05-28 01:16:23]   ... phase3-nokl-baseline still running, checking again in 60s
[2026-05-28 01:17:23]   ... phase3-nokl-baseline still running, checking again in 60s
[2026-05-28 01:18:23]   ... phase3-nokl-baseline still running, checking again in 60s
[2026-05-28 01:19:23]   ... phase3-nokl-baseline still running, checking again in 60s
[2026-05-28 01:20:23]   ... phase3-nokl-baseline still running, checking again in 60s
[2026-05-28 01:21:23]   ... phase3-nokl-baseline still running, checking again in 60s
[2026-05-28 01:22:23]   ... phase3-nokl-baseline still running, checking again in 60s
[2026-05-28 01:23:23]   ... phase3-nokl-baseline still running, checking again in 60s
[2026-05-28 01:24:23]   ... phase3-nokl-baseline still running, checking again in 60s
[2026-05-28 01:25:23]   ... phase3-nokl-baseline still running, checking again in 60s
[2026-05-28 01:26:23]   ... phase3-nokl-baseline still running, checking again in 60s
[2026-05-28 01:27:23]   ... phase3-nokl-baseline still running, checking again in 60s
[2026-05-28 01:28:23]   ... phase3-nokl-baseline still running, checking again in 60s
[2026-05-28 01:29:23]   ... phase3-nokl-baseline still running, checking again in 60s
[2026-05-28 01:30:23]   ... phase3-nokl-baseline still running, checking again in 60s
[2026-05-28 01:31:23]   ... phase3-nokl-baseline still running, checking again in 60s
[2026-05-28 01:32:23]   ... phase3-nokl-baseline still running, checking again in 60s
[2026-05-28 01:33:23]   ... phase3-nokl-baseline still running, checking again in 60s
[2026-05-28 01:34:23]   ... phase3-nokl-baseline still running, checking again in 60s
[2026-05-28 01:35:23]   ... phase3-nokl-baseline still running, checking again in 60s
[2026-05-28 01:36:23]   ... phase3-nokl-baseline still running, checking again in 60s
[2026-05-28 01:37:23]   ... phase3-nokl-baseline still running, checking again in 60s
[2026-05-28 01:38:23]   ... phase3-nokl-baseline still running, checking again in 60s
[2026-05-28 01:39:23]   ... phase3-nokl-baseline still running, checking again in 60s
[2026-05-28 01:40:23]   ... phase3-nokl-baseline still running, checking again in 60s
[2026-05-28 01:41:23]   ... phase3-nokl-baseline still running, checking again in 60s
[2026-05-28 01:42:24]   ... phase3-nokl-baseline still running, checking again in 60s
[2026-05-28 01:43:24]   ... phase3-nokl-baseline still running, checking again in 60s
[2026-05-28 01:44:24]   ... phase3-nokl-baseline still running, checking again in 60s
[2026-05-28 01:45:24]   ... phase3-nokl-baseline still running, checking again in 60s
[2026-05-28 01:46:24]   ... phase3-nokl-baseline still running, checking again in 60s
[2026-05-28 01:47:24]   ... phase3-nokl-baseline still running, checking again in 60s
[2026-05-28 01:48:24]   ... phase3-nokl-baseline still running, checking again in 60s
[2026-05-28 01:49:24]   ... phase3-nokl-baseline still running, checking again in 60s
[2026-05-28 01:50:24]   ... phase3-nokl-baseline still running, checking again in 60s
[2026-05-28 01:51:24]   ... phase3-nokl-baseline still running, checking again in 60s
[2026-05-28 01:52:24]   ... phase3-nokl-baseline still running, checking again in 60s
[2026-05-28 01:53:24]   ... phase3-nokl-baseline still running, checking again in 60s
[2026-05-28 01:54:24]   ... phase3-nokl-baseline still running, checking again in 60s
[2026-05-28 01:55:24]   ... phase3-nokl-baseline still running, checking again in 60s
[2026-05-28 01:56:24]   ... phase3-nokl-baseline still running, checking again in 60s
[2026-05-28 01:57:24]   ... phase3-nokl-baseline still running, checking again in 60s
[2026-05-28 01:58:24]   ... phase3-nokl-baseline still running, checking again in 60s
[2026-05-28 01:59:24]   ... phase3-nokl-baseline still running, checking again in 60s
[2026-05-28 02:00:24]   ... phase3-nokl-baseline still running, checking again in 60s
[2026-05-28 02:01:24]   ... phase3-nokl-baseline still running, checking again in 60s
[2026-05-28 02:02:24]   ... phase3-nokl-baseline still running, checking again in 60s
[2026-05-28 02:03:24]   ... phase3-nokl-baseline still running, checking again in 60s
[2026-05-28 02:04:24]   ... phase3-nokl-baseline still running, checking again in 60s
[2026-05-28 02:05:24]   ... phase3-nokl-baseline still running, checking again in 60s
[2026-05-28 02:06:24]   ... phase3-nokl-baseline still running, checking again in 60s
[2026-05-28 02:07:24]   ... phase3-nokl-baseline still running, checking again in 60s
[2026-05-28 02:08:24]   ... phase3-nokl-baseline still running, checking again in 60s
[2026-05-28 02:09:24]   ... phase3-nokl-baseline still running, checking again in 60s
[2026-05-28 02:10:25]   ... phase3-nokl-baseline still running, checking again in 60s
[2026-05-28 02:11:25]   ... phase3-nokl-baseline still running, checking again in 60s
[2026-05-28 02:12:25]   ... phase3-nokl-baseline still running, checking again in 60s
[2026-05-28 02:13:25]   ... phase3-nokl-baseline still running, checking again in 60s
[2026-05-28 02:14:25]   ... phase3-nokl-baseline still running, checking again in 60s
[2026-05-28 02:15:25]   ... phase3-nokl-baseline still running, checking again in 60s
[2026-05-28 02:16:25]   ... phase3-nokl-baseline still running, checking again in 60s
[2026-05-28 02:17:25]   ... phase3-nokl-baseline still running, checking again in 60s
[2026-05-28 02:18:25]   ... phase3-nokl-baseline still running, checking again in 60s
[2026-05-28 02:19:25]   ... phase3-nokl-baseline still running, checking again in 60s
[2026-05-28 02:20:25]   ... phase3-nokl-baseline still running, checking again in 60s
[2026-05-28 02:21:25]   ... phase3-nokl-baseline still running, checking again in 60s
[2026-05-28 02:22:25]   ... phase3-nokl-baseline still running, checking again in 60s
[2026-05-28 02:23:25]   ... phase3-nokl-baseline still running, checking again in 60s
[2026-05-28 02:24:25]   ... phase3-nokl-baseline still running, checking again in 60s
[2026-05-28 02:25:25]   ... phase3-nokl-baseline still running, checking again in 60s
[2026-05-28 02:26:25]   ... phase3-nokl-baseline still running, checking again in 60s
[2026-05-28 02:27:25]   ... phase3-nokl-baseline still running, checking again in 60s
[2026-05-28 02:28:25]   ... phase3-nokl-baseline still running, checking again in 60s
[2026-05-28 02:29:25]   ... phase3-nokl-baseline still running, checking again in 60s
[2026-05-28 02:30:25]   ... phase3-nokl-baseline still running, checking again in 60s
[2026-05-28 02:31:25]   ... phase3-nokl-baseline still running, checking again in 60s
[2026-05-28 02:32:25]   ... phase3-nokl-baseline still running, checking again in 60s
[2026-05-28 02:33:25]   ... phase3-nokl-baseline still running, checking again in 60s
[2026-05-28 02:34:25]   ... phase3-nokl-baseline still running, checking again in 60s
[2026-05-28 02:35:25]   ... phase3-nokl-baseline still running, checking again in 60s
[2026-05-28 02:36:25]   ... phase3-nokl-baseline still running, checking again in 60s
[2026-05-28 02:37:25]   ... phase3-nokl-baseline still running, checking again in 60s
[2026-05-28 02:38:25]   ... phase3-nokl-baseline still running, checking again in 60s
[2026-05-28 02:39:26]   ... phase3-nokl-baseline still running, checking again in 60s
[2026-05-28 02:40:26]   ... phase3-nokl-baseline still running, checking again in 60s
[2026-05-28 02:41:26]   ... phase3-nokl-baseline still running, checking again in 60s
[2026-05-28 02:42:26]   ... phase3-nokl-baseline still running, checking again in 60s
[2026-05-28 02:43:26]   ... phase3-nokl-baseline still running, checking again in 60s
[2026-05-28 02:44:26]   ... phase3-nokl-baseline still running, checking again in 60s
[2026-05-28 02:45:26]   ... phase3-nokl-baseline still running, checking again in 60s
[2026-05-28 02:46:26]   ... phase3-nokl-baseline still running, checking again in 60s
[2026-05-28 02:47:26]   ... phase3-nokl-baseline still running, checking again in 60s
[2026-05-28 02:48:26]   ... phase3-nokl-baseline still running, checking again in 60s
[2026-05-28 02:49:26]   ... phase3-nokl-baseline still running, checking again in 60s
[2026-05-28 02:50:26]   ... phase3-nokl-baseline still running, checking again in 60s
[2026-05-28 02:51:26]   ... phase3-nokl-baseline still running, checking again in 60s
[2026-05-28 02:52:26]   ... phase3-nokl-baseline still running, checking again in 60s
[2026-05-28 02:53:26]   ... phase3-nokl-baseline still running, checking again in 60s
[2026-05-28 02:54:26]   ... phase3-nokl-baseline still running, checking again in 60s
[2026-05-28 02:55:26]   ... phase3-nokl-baseline still running, checking again in 60s
[2026-05-28 02:56:26]   ... phase3-nokl-baseline still running, checking again in 60s
[2026-05-28 02:57:26]   ... phase3-nokl-baseline still running, checking again in 60s
[2026-05-28 02:58:26]   ... phase3-nokl-baseline still running, checking again in 60s
[2026-05-28 02:59:26]   ... phase3-nokl-baseline still running, checking again in 60s
[2026-05-28 03:00:26]   ... phase3-nokl-baseline still running, checking again in 60s
[2026-05-28 03:01:26]   ... phase3-nokl-baseline still running, checking again in 60s
[2026-05-28 03:02:26]   ... phase3-nokl-baseline still running, checking again in 60s
[2026-05-28 03:03:26]   ... phase3-nokl-baseline still running, checking again in 60s
[2026-05-28 03:04:26]   ... phase3-nokl-baseline still running, checking again in 60s
[2026-05-28 03:05:26]   ... phase3-nokl-baseline still running, checking again in 60s
[2026-05-28 03:06:26]   ... phase3-nokl-baseline still running, checking again in 60s
[2026-05-28 03:07:27]   ... phase3-nokl-baseline still running, checking again in 60s
[2026-05-28 03:08:27]   ... phase3-nokl-baseline still running, checking again in 60s
[2026-05-28 03:09:27]   ... phase3-nokl-baseline still running, checking again in 60s
[2026-05-28 03:10:27]   ... phase3-nokl-baseline still running, checking again in 60s
[2026-05-28 03:11:27]   ... phase3-nokl-baseline still running, checking again in 60s
[2026-05-28 03:12:27]   ... phase3-nokl-baseline still running, checking again in 60s
[2026-05-28 03:13:27]   ... phase3-nokl-baseline still running, checking again in 60s
[2026-05-28 03:14:27]   ... phase3-nokl-baseline still running, checking again in 60s
[2026-05-28 03:15:27]   ... phase3-nokl-baseline still running, checking again in 60s
[2026-05-28 03:16:27]   ... phase3-nokl-baseline still running, checking again in 60s
[2026-05-28 03:17:27]   ... phase3-nokl-baseline still running, checking again in 60s
[2026-05-28 03:18:27]   ... phase3-nokl-baseline still running, checking again in 60s
[2026-05-28 03:19:27]   ... phase3-nokl-baseline still running, checking again in 60s
[2026-05-28 03:20:27]   ... phase3-nokl-baseline still running, checking again in 60s
[2026-05-28 03:21:27]   ... phase3-nokl-baseline still running, checking again in 60s
[2026-05-28 03:22:27]   ... phase3-nokl-baseline still running, checking again in 60s
[2026-05-28 03:23:27]   ... phase3-nokl-baseline still running, checking again in 60s
[2026-05-28 03:24:27]   ... phase3-nokl-baseline still running, checking again in 60s
[2026-05-28 03:25:27]   ... phase3-nokl-baseline still running, checking again in 60s
[2026-05-28 03:26:27]   ... phase3-nokl-baseline still running, checking again in 60s
[2026-05-28 03:27:27]   ... phase3-nokl-baseline still running, checking again in 60s
[2026-05-28 03:28:27]   ... phase3-nokl-baseline still running, checking again in 60s
[2026-05-28 03:29:27]   ... phase3-nokl-baseline still running, checking again in 60s
[2026-05-28 03:30:27]   ... phase3-nokl-baseline still running, checking again in 60s
[2026-05-28 03:31:27]   ... phase3-nokl-baseline still running, checking again in 60s
[2026-05-28 03:32:27]   ... phase3-nokl-baseline still running, checking again in 60s
[2026-05-28 03:33:27]   ... phase3-nokl-baseline still running, checking again in 60s
[2026-05-28 03:34:27]   ... phase3-nokl-baseline still running, checking again in 60s
[2026-05-28 03:35:27]   ... phase3-nokl-baseline still running, checking again in 60s
[2026-05-28 03:36:28]   ... phase3-nokl-baseline still running, checking again in 60s
[2026-05-28 03:37:28]   ... phase3-nokl-baseline still running, checking again in 60s
[2026-05-28 03:38:28]   ... phase3-nokl-baseline still running, checking again in 60s
[2026-05-28 03:39:28]   ... phase3-nokl-baseline still running, checking again in 60s
[2026-05-28 03:40:28]   ... phase3-nokl-baseline still running, checking again in 60s
[2026-05-28 03:41:28]   ... phase3-nokl-baseline still running, checking again in 60s
[2026-05-28 03:42:28]   ... phase3-nokl-baseline still running, checking again in 60s
[2026-05-28 03:43:28]   ... phase3-nokl-baseline still running, checking again in 60s
[2026-05-28 03:44:28]   ... phase3-nokl-baseline still running, checking again in 60s
[2026-05-28 03:45:28]   ... phase3-nokl-baseline still running, checking again in 60s
[2026-05-28 03:46:28]   ... phase3-nokl-baseline still running, checking again in 60s
[2026-05-28 03:47:28]   ... phase3-nokl-baseline still running, checking again in 60s
[2026-05-28 03:48:28]   ... phase3-nokl-baseline still running, checking again in 60s
[2026-05-28 03:49:28]   ... phase3-nokl-baseline still running, checking again in 60s
[2026-05-28 03:50:28]   ... phase3-nokl-baseline still running, checking again in 60s
[2026-05-28 03:51:28]   ... phase3-nokl-baseline still running, checking again in 60s
[2026-05-28 03:52:28]   ... phase3-nokl-baseline still running, checking again in 60s
[2026-05-28 03:53:28]   ... phase3-nokl-baseline still running, checking again in 60s
[2026-05-28 03:54:28]   ... phase3-nokl-baseline still running, checking again in 60s
[2026-05-28 03:55:28]   ... phase3-nokl-baseline still running, checking again in 60s
[2026-05-28 03:56:28]   ... phase3-nokl-baseline still running, checking again in 60s
[2026-05-28 03:57:28]   ... phase3-nokl-baseline still running, checking again in 60s
[2026-05-28 03:58:28]   ... phase3-nokl-baseline still running, checking again in 60s
[2026-05-28 03:59:28]   ... phase3-nokl-baseline still running, checking again in 60s
[2026-05-28 04:00:28]   ... phase3-nokl-baseline still running, checking again in 60s
[2026-05-28 04:01:28]   ... phase3-nokl-baseline still running, checking again in 60s
[2026-05-28 04:02:28]   ... phase3-nokl-baseline still running, checking again in 60s
[2026-05-28 04:03:28]   ... phase3-nokl-baseline still running, checking again in 60s
[2026-05-28 04:04:28]   ... phase3-nokl-baseline still running, checking again in 60s
[2026-05-28 04:05:29]   ... phase3-nokl-baseline still running, checking again in 60s
[2026-05-28 04:06:29]   ... phase3-nokl-baseline still running, checking again in 60s
[2026-05-28 04:07:29]   ... phase3-nokl-baseline still running, checking again in 60s
[2026-05-28 04:08:29]   ... phase3-nokl-baseline still running, checking again in 60s
[2026-05-28 04:09:29]   ... phase3-nokl-baseline still running, checking again in 60s
[2026-05-28 04:10:29]   ... phase3-nokl-baseline still running, checking again in 60s
[2026-05-28 04:11:29]   ... phase3-nokl-baseline still running, checking again in 60s
[2026-05-28 04:12:29]   ... phase3-nokl-baseline still running, checking again in 60s
[2026-05-28 04:13:29]   ... phase3-nokl-baseline still running, checking again in 60s
[2026-05-28 04:14:29]   ... phase3-nokl-baseline still running, checking again in 60s
[2026-05-28 04:15:29]   ... phase3-nokl-baseline still running, checking again in 60s
[2026-05-28 04:16:29]   ... phase3-nokl-baseline still running, checking again in 60s
[2026-05-28 04:17:29]   ... phase3-nokl-baseline still running, checking again in 60s
[2026-05-28 04:18:29]   ... phase3-nokl-baseline still running, checking again in 60s
[2026-05-28 04:19:29]   ... phase3-nokl-baseline still running, checking again in 60s
[2026-05-28 04:20:29]   ... phase3-nokl-baseline still running, checking again in 60s
[2026-05-28 04:21:29]   ... phase3-nokl-baseline still running, checking again in 60s
[2026-05-28 04:22:29]   ... phase3-nokl-baseline still running, checking again in 60s
[2026-05-28 04:23:29]   ... phase3-nokl-baseline still running, checking again in 60s
[2026-05-28 04:24:29]   ... phase3-nokl-baseline still running, checking again in 60s
[2026-05-28 04:25:29]   ... phase3-nokl-baseline still running, checking again in 60s
[2026-05-28 04:26:29]   ... phase3-nokl-baseline still running, checking again in 60s
[2026-05-28 04:27:29]   ... phase3-nokl-baseline still running, checking again in 60s
[2026-05-28 04:28:29]   ... phase3-nokl-baseline still running, checking again in 60s
[2026-05-28 04:29:29]   ... phase3-nokl-baseline still running, checking again in 60s
[2026-05-28 04:30:29]   ... phase3-nokl-baseline still running, checking again in 60s
[2026-05-28 04:31:29]   ... phase3-nokl-baseline still running, checking again in 60s
[2026-05-28 04:32:29]   ... phase3-nokl-baseline still running, checking again in 60s
[2026-05-28 04:33:30]   ... phase3-nokl-baseline still running, checking again in 60s
[2026-05-28 04:34:30]   ... phase3-nokl-baseline still running, checking again in 60s
[2026-05-28 04:35:30]   ... phase3-nokl-baseline still running, checking again in 60s
[2026-05-28 04:36:30]   ... phase3-nokl-baseline still running, checking again in 60s
[2026-05-28 04:37:30]   ... phase3-nokl-baseline still running, checking again in 60s
[2026-05-28 04:38:30]   ... phase3-nokl-baseline still running, checking again in 60s
[2026-05-28 04:39:30]   ... phase3-nokl-baseline still running, checking again in 60s
[2026-05-28 04:40:30]   ... phase3-nokl-baseline still running, checking again in 60s
[2026-05-28 04:41:30]   ... phase3-nokl-baseline still running, checking again in 60s
[2026-05-28 04:42:30]   ... phase3-nokl-baseline still running, checking again in 60s
[2026-05-28 04:43:30]   ... phase3-nokl-baseline still running, checking again in 60s
[2026-05-28 04:44:30]   ... phase3-nokl-baseline still running, checking again in 60s
[2026-05-28 04:45:30]   ... phase3-nokl-baseline still running, checking again in 60s
[2026-05-28 04:46:30]   ... phase3-nokl-baseline still running, checking again in 60s
[2026-05-28 04:47:30]   ... phase3-nokl-baseline still running, checking again in 60s
[2026-05-28 04:48:30]   ... phase3-nokl-baseline still running, checking again in 60s
[2026-05-28 04:49:30]   ... phase3-nokl-baseline still running, checking again in 60s
[2026-05-28 04:50:30]   ... phase3-nokl-baseline still running, checking again in 60s
[2026-05-28 04:51:30]   ... phase3-nokl-baseline still running, checking again in 60s
[2026-05-28 04:52:30]   ... phase3-nokl-baseline still running, checking again in 60s
[2026-05-28 04:53:30]   ... phase3-nokl-baseline still running, checking again in 60s
[2026-05-28 04:54:30]   ... phase3-nokl-baseline still running, checking again in 60s
[2026-05-28 04:55:30]   ... phase3-nokl-baseline still running, checking again in 60s
[2026-05-28 04:56:30]   ... phase3-nokl-baseline still running, checking again in 60s
[2026-05-28 04:57:30]   ... phase3-nokl-baseline still running, checking again in 60s
[2026-05-28 04:58:30]   ... phase3-nokl-baseline still running, checking again in 60s
[2026-05-28 04:59:30]   ... phase3-nokl-baseline still running, checking again in 60s
[2026-05-28 05:00:30]   ... phase3-nokl-baseline still running, checking again in 60s
[2026-05-28 05:01:30]   ... phase3-nokl-baseline still running, checking again in 60s
[2026-05-28 05:02:30]   ... phase3-nokl-baseline still running, checking again in 60s
[2026-05-28 05:03:30]   ... phase3-nokl-baseline still running, checking again in 60s
[2026-05-28 05:04:30]   ... phase3-nokl-baseline still running, checking again in 60s
[2026-05-28 05:05:31]   ... phase3-nokl-baseline still running, checking again in 60s
[2026-05-28 05:06:31]   ... phase3-nokl-baseline still running, checking again in 60s
[2026-05-28 05:07:31]   ... phase3-nokl-baseline still running, checking again in 60s
[2026-05-28 05:08:31]   ... phase3-nokl-baseline still running, checking again in 60s
[2026-05-28 05:09:31]   ... phase3-nokl-baseline still running, checking again in 60s
[2026-05-28 05:10:31]   ... phase3-nokl-baseline still running, checking again in 60s
[2026-05-28 05:11:31]   ... phase3-nokl-baseline still running, checking again in 60s
[2026-05-28 05:12:31]   ... phase3-nokl-baseline still running, checking again in 60s
[2026-05-28 05:13:31]   ... phase3-nokl-baseline still running, checking again in 60s
[2026-05-28 05:14:31]   ... phase3-nokl-baseline still running, checking again in 60s
[2026-05-28 05:15:31]   ... phase3-nokl-baseline still running, checking again in 60s
[2026-05-28 05:16:31]   ... phase3-nokl-baseline still running, checking again in 60s
[2026-05-28 05:17:31]   ... phase3-nokl-baseline still running, checking again in 60s
[2026-05-28 05:18:31]   ... phase3-nokl-baseline still running, checking again in 60s
[2026-05-28 05:19:31]   ... phase3-nokl-baseline still running, checking again in 60s
[2026-05-28 05:20:31]   ... phase3-nokl-baseline still running, checking again in 60s
[2026-05-28 05:21:31]   ... phase3-nokl-baseline still running, checking again in 60s
[2026-05-28 05:22:31]   ... phase3-nokl-baseline still running, checking again in 60s
[2026-05-28 05:23:31]   ... phase3-nokl-baseline still running, checking again in 60s
[2026-05-28 05:24:31]   ... phase3-nokl-baseline still running, checking again in 60s
[2026-05-28 05:25:31]   ... phase3-nokl-baseline still running, checking again in 60s
[2026-05-28 05:26:31]   ... phase3-nokl-baseline still running, checking again in 60s
[2026-05-28 05:27:31]   ... phase3-nokl-baseline still running, checking again in 60s
[2026-05-28 05:28:31]   ... phase3-nokl-baseline still running, checking again in 60s
[2026-05-28 05:29:31]   ... phase3-nokl-baseline still running, checking again in 60s
[2026-05-28 05:30:31]   ... phase3-nokl-baseline still running, checking again in 60s
[2026-05-28 05:31:31]   ... phase3-nokl-baseline still running, checking again in 60s
[2026-05-28 05:32:31]   ... phase3-nokl-baseline still running, checking again in 60s
[2026-05-28 05:33:31]   ... phase3-nokl-baseline still running, checking again in 60s
[2026-05-28 05:34:32]   ... phase3-nokl-baseline still running, checking again in 60s
[2026-05-28 05:35:32]   ... phase3-nokl-baseline still running, checking again in 60s
[2026-05-28 05:36:32]   ... phase3-nokl-baseline still running, checking again in 60s
[2026-05-28 05:37:32]   ... phase3-nokl-baseline still running, checking again in 60s
[2026-05-28 05:38:32]   ... phase3-nokl-baseline still running, checking again in 60s
[2026-05-28 05:39:32]   ... phase3-nokl-baseline still running, checking again in 60s
[2026-05-28 05:40:32]   ... phase3-nokl-baseline still running, checking again in 60s
[2026-05-28 05:41:32]   ... phase3-nokl-baseline still running, checking again in 60s
[2026-05-28 05:42:32]   ... phase3-nokl-baseline still running, checking again in 60s
[2026-05-28 05:43:32]   ... phase3-nokl-baseline still running, checking again in 60s
[2026-05-28 05:44:32]   ... phase3-nokl-baseline still running, checking again in 60s
[2026-05-28 05:45:32]   ... phase3-nokl-baseline still running, checking again in 60s
[2026-05-28 05:46:32]   ... phase3-nokl-baseline still running, checking again in 60s
[2026-05-28 05:47:32]   ... phase3-nokl-baseline still running, checking again in 60s
[2026-05-28 05:48:32]   ... phase3-nokl-baseline still running, checking again in 60s
[2026-05-28 05:49:32]   ... phase3-nokl-baseline still running, checking again in 60s
[2026-05-28 05:50:32]   ... phase3-nokl-baseline still running, checking again in 60s
[2026-05-28 05:51:32]   ... phase3-nokl-baseline still running, checking again in 60s
[2026-05-28 05:52:32]   ... phase3-nokl-baseline still running, checking again in 60s
[2026-05-28 05:53:32]   ... phase3-nokl-baseline still running, checking again in 60s
[2026-05-28 05:54:32]   ... phase3-nokl-baseline still running, checking again in 60s
[2026-05-28 05:55:32]   ... phase3-nokl-baseline still running, checking again in 60s
[2026-05-28 05:56:32]   ... phase3-nokl-baseline still running, checking again in 60s
[2026-05-28 05:57:32]   ... phase3-nokl-baseline still running, checking again in 60s
[2026-05-28 05:58:32]   ... phase3-nokl-baseline still running, checking again in 60s
[2026-05-28 05:59:32]   ... phase3-nokl-baseline still running, checking again in 60s
[2026-05-28 06:00:32]   ... phase3-nokl-baseline still running, checking again in 60s
[2026-05-28 06:01:32]   ... phase3-nokl-baseline still running, checking again in 60s
[2026-05-28 06:02:33]   ... phase3-nokl-baseline still running, checking again in 60s
[2026-05-28 06:03:33]   ... phase3-nokl-baseline still running, checking again in 60s
[2026-05-28 06:04:33]   ... phase3-nokl-baseline still running, checking again in 60s
[2026-05-28 06:05:33]   ... phase3-nokl-baseline still running, checking again in 60s
[2026-05-28 06:06:33]   ... phase3-nokl-baseline still running, checking again in 60s
[2026-05-28 06:07:33]   ... phase3-nokl-baseline still running, checking again in 60s
[2026-05-28 06:08:33]   ... phase3-nokl-baseline still running, checking again in 60s
[2026-05-28 06:09:33]   ... phase3-nokl-baseline still running, checking again in 60s
[2026-05-28 06:10:33]   ... phase3-nokl-baseline still running, checking again in 60s
[2026-05-28 06:11:33]   ... phase3-nokl-baseline still running, checking again in 60s
[2026-05-28 06:12:33]   ... phase3-nokl-baseline still running, checking again in 60s
[2026-05-28 06:13:33]   ... phase3-nokl-baseline still running, checking again in 60s
[2026-05-28 06:14:33]   ... phase3-nokl-baseline still running, checking again in 60s
[2026-05-28 06:15:33]   ... phase3-nokl-baseline still running, checking again in 60s
[2026-05-28 06:16:33]   ... phase3-nokl-baseline still running, checking again in 60s
[2026-05-28 06:17:33]   ... phase3-nokl-baseline still running, checking again in 60s
[2026-05-28 06:18:33]   ... phase3-nokl-baseline still running, checking again in 60s
[2026-05-28 06:19:33]   ... phase3-nokl-baseline still running, checking again in 60s
[2026-05-28 06:20:33]   ... phase3-nokl-baseline still running, checking again in 60s
[2026-05-28 06:21:33]   ... phase3-nokl-baseline still running, checking again in 60s
[2026-05-28 06:22:33]   ... phase3-nokl-baseline still running, checking again in 60s
[2026-05-28 06:23:33]   ... phase3-nokl-baseline still running, checking again in 60s
[2026-05-28 06:24:33]   ... phase3-nokl-baseline still running, checking again in 60s
[2026-05-28 06:25:33]   ... phase3-nokl-baseline still running, checking again in 60s
[2026-05-28 06:26:33]   ... phase3-nokl-baseline still running, checking again in 60s
[2026-05-28 06:27:33]   ... phase3-nokl-baseline still running, checking again in 60s
[2026-05-28 06:28:33]   ... phase3-nokl-baseline still running, checking again in 60s
[2026-05-28 06:29:33]   ... phase3-nokl-baseline still running, checking again in 60s
[2026-05-28 06:30:33]   ... phase3-nokl-baseline still running, checking again in 60s
[2026-05-28 06:31:33]   ... phase3-nokl-baseline still running, checking again in 60s
[2026-05-28 06:32:34]   ... phase3-nokl-baseline still running, checking again in 60s
[2026-05-28 06:33:34]   ... phase3-nokl-baseline still running, checking again in 60s
[2026-05-28 06:34:34]   ... phase3-nokl-baseline still running, checking again in 60s
[2026-05-28 06:35:34]   ... phase3-nokl-baseline still running, checking again in 60s
[2026-05-28 06:36:34]   ... phase3-nokl-baseline still running, checking again in 60s
[2026-05-28 06:37:34]   ... phase3-nokl-baseline still running, checking again in 60s
[2026-05-28 06:38:34]   ... phase3-nokl-baseline still running, checking again in 60s
[2026-05-28 06:39:34]   ... phase3-nokl-baseline still running, checking again in 60s
[2026-05-28 06:40:34]   ... phase3-nokl-baseline still running, checking again in 60s
[2026-05-28 06:41:34]   ... phase3-nokl-baseline still running, checking again in 60s
[2026-05-28 06:42:34]   ... phase3-nokl-baseline still running, checking again in 60s
[2026-05-28 06:43:34]   ... phase3-nokl-baseline still running, checking again in 60s
[2026-05-28 06:44:34]   ... phase3-nokl-baseline still running, checking again in 60s
[2026-05-28 06:45:34]   ... phase3-nokl-baseline still running, checking again in 60s
[2026-05-28 06:46:34]   ... phase3-nokl-baseline still running, checking again in 60s
[2026-05-28 06:47:34]   ... phase3-nokl-baseline still running, checking again in 60s
[2026-05-28 06:48:34]   ... phase3-nokl-baseline still running, checking again in 60s
[2026-05-28 06:49:34]   ... phase3-nokl-baseline still running, checking again in 60s
[2026-05-28 06:50:34]   ... phase3-nokl-baseline still running, checking again in 60s
[2026-05-28 06:51:34]   ... phase3-nokl-baseline still running, checking again in 60s
[2026-05-28 06:52:34]   ... phase3-nokl-baseline still running, checking again in 60s
[2026-05-28 06:53:34]   ... phase3-nokl-baseline still running, checking again in 60s
[2026-05-28 06:54:34]   ... phase3-nokl-baseline still running, checking again in 60s
[2026-05-28 06:55:34]   ... phase3-nokl-baseline still running, checking again in 60s
[2026-05-28 06:56:34]   ... phase3-nokl-baseline still running, checking again in 60s
[2026-05-28 06:57:34]   ... phase3-nokl-baseline still running, checking again in 60s
[2026-05-28 06:58:34]   ... phase3-nokl-baseline still running, checking again in 60s
[2026-05-28 06:59:34]   ... phase3-nokl-baseline still running, checking again in 60s
[2026-05-28 07:00:34]   ... phase3-nokl-baseline still running, checking again in 60s
[2026-05-28 07:01:34]   ... phase3-nokl-baseline still running, checking again in 60s
[2026-05-28 07:02:35]   ... phase3-nokl-baseline still running, checking again in 60s
[2026-05-28 07:03:35]   ... phase3-nokl-baseline still running, checking again in 60s
[2026-05-28 07:04:35]   ... phase3-nokl-baseline still running, checking again in 60s
[2026-05-28 07:05:35]   ... phase3-nokl-baseline still running, checking again in 60s
[2026-05-28 07:06:35]   ... phase3-nokl-baseline still running, checking again in 60s
[2026-05-28 07:07:35]   ... phase3-nokl-baseline still running, checking again in 60s
[2026-05-28 07:08:35]   ... phase3-nokl-baseline still running, checking again in 60s
[2026-05-28 07:09:35]   ... phase3-nokl-baseline still running, checking again in 60s
[2026-05-28 07:10:35]   ... phase3-nokl-baseline still running, checking again in 60s
[2026-05-28 07:11:35]   ... phase3-nokl-baseline still running, checking again in 60s
[2026-05-28 07:12:35]   ... phase3-nokl-baseline still running, checking again in 60s
[2026-05-28 07:13:35]   ... phase3-nokl-baseline still running, checking again in 60s
[2026-05-28 07:14:35]   ... phase3-nokl-baseline still running, checking again in 60s
[2026-05-28 07:15:35]   ... phase3-nokl-baseline still running, checking again in 60s
[2026-05-28 07:16:35]   ... phase3-nokl-baseline still running, checking again in 60s
[2026-05-28 07:17:35]   ... phase3-nokl-baseline still running, checking again in 60s
[2026-05-28 07:18:35]   ... phase3-nokl-baseline still running, checking again in 60s
[2026-05-28 07:19:35]   ... phase3-nokl-baseline still running, checking again in 60s
[2026-05-28 07:20:35]   ... phase3-nokl-baseline still running, checking again in 60s
[2026-05-28 07:21:35]   ... phase3-nokl-baseline still running, checking again in 60s
[2026-05-28 07:22:35]   ... phase3-nokl-baseline still running, checking again in 60s
[2026-05-28 07:23:35]   ... phase3-nokl-baseline still running, checking again in 60s
[2026-05-28 07:24:35]   ... phase3-nokl-baseline still running, checking again in 60s
[2026-05-28 07:25:35]   ... phase3-nokl-baseline still running, checking again in 60s
[2026-05-28 07:26:35]   ... phase3-nokl-baseline still running, checking again in 60s
[2026-05-28 07:27:35]   ... phase3-nokl-baseline still running, checking again in 60s
[2026-05-28 07:28:35]   ... phase3-nokl-baseline still running, checking again in 60s
[2026-05-28 07:29:36]   ... phase3-nokl-baseline still running, checking again in 60s
[2026-05-28 07:30:36]   ... phase3-nokl-baseline still running, checking again in 60s
[2026-05-28 07:31:36]   ... phase3-nokl-baseline still running, checking again in 60s
[2026-05-28 07:32:36]   ... phase3-nokl-baseline still running, checking again in 60s
[2026-05-28 07:33:36]   ... phase3-nokl-baseline still running, checking again in 60s
[2026-05-28 07:34:36]   ... phase3-nokl-baseline still running, checking again in 60s
[2026-05-28 07:35:36]   ... phase3-nokl-baseline still running, checking again in 60s
[2026-05-28 07:36:36]   ... phase3-nokl-baseline still running, checking again in 60s
[2026-05-28 07:37:36]   ... phase3-nokl-baseline still running, checking again in 60s
[2026-05-28 07:38:36]   ... phase3-nokl-baseline still running, checking again in 60s
[2026-05-28 07:39:36]   ... phase3-nokl-baseline still running, checking again in 60s
[2026-05-28 07:40:36]   ... phase3-nokl-baseline still running, checking again in 60s
[2026-05-28 07:41:36]   ... phase3-nokl-baseline still running, checking again in 60s
[2026-05-28 07:42:36]   ... phase3-nokl-baseline still running, checking again in 60s
[2026-05-28 07:43:36]   ... phase3-nokl-baseline still running, checking again in 60s
[2026-05-28 07:44:36]   ... phase3-nokl-baseline still running, checking again in 60s
[2026-05-28 07:45:36]   ... phase3-nokl-baseline still running, checking again in 60s
[2026-05-28 07:46:36]   ... phase3-nokl-baseline still running, checking again in 60s
[2026-05-28 07:47:36]   ... phase3-nokl-baseline still running, checking again in 60s
[2026-05-28 07:48:36]   ... phase3-nokl-baseline still running, checking again in 60s
[2026-05-28 07:49:36]   ... phase3-nokl-baseline still running, checking again in 60s
[2026-05-28 07:50:36]   ... phase3-nokl-baseline still running, checking again in 60s
[2026-05-28 07:51:36]   ... phase3-nokl-baseline still running, checking again in 60s
[2026-05-28 07:52:36]   ... phase3-nokl-baseline still running, checking again in 60s
[2026-05-28 07:53:36]   ... phase3-nokl-baseline still running, checking again in 60s
[2026-05-28 07:54:36]   ... phase3-nokl-baseline still running, checking again in 60s
[2026-05-28 07:55:36]   ... phase3-nokl-baseline still running, checking again in 60s
[2026-05-28 07:56:36]   ... phase3-nokl-baseline still running, checking again in 60s
[2026-05-28 07:57:36]   ... phase3-nokl-baseline still running, checking again in 60s
[2026-05-28 07:58:36]   ... phase3-nokl-baseline still running, checking again in 60s
[2026-05-28 07:59:37]   ... phase3-nokl-baseline still running, checking again in 60s
[2026-05-28 08:00:37]   ... phase3-nokl-baseline still running, checking again in 60s
[2026-05-28 08:01:37]   ... phase3-nokl-baseline still running, checking again in 60s
[2026-05-28 08:02:37]   ... phase3-nokl-baseline still running, checking again in 60s
[2026-05-28 08:03:37]   ... phase3-nokl-baseline still running, checking again in 60s
[2026-05-28 08:04:37]   ... phase3-nokl-baseline still running, checking again in 60s
[2026-05-28 08:05:37]   ... phase3-nokl-baseline still running, checking again in 60s
[2026-05-28 08:06:37]   ... phase3-nokl-baseline still running, checking again in 60s
[2026-05-28 08:07:37]   ... phase3-nokl-baseline still running, checking again in 60s
[2026-05-28 08:08:37]   ... phase3-nokl-baseline still running, checking again in 60s
[2026-05-28 08:09:37]   ... phase3-nokl-baseline still running, checking again in 60s
[2026-05-28 08:10:37]   ... phase3-nokl-baseline still running, checking again in 60s
[2026-05-28 08:11:37]   ... phase3-nokl-baseline still running, checking again in 60s
[2026-05-28 08:12:37]   ... phase3-nokl-baseline still running, checking again in 60s
[2026-05-28 08:13:37]   ... phase3-nokl-baseline still running, checking again in 60s
[2026-05-28 08:14:37]   ... phase3-nokl-baseline still running, checking again in 60s
[2026-05-28 08:15:37]   ... phase3-nokl-baseline still running, checking again in 60s
[2026-05-28 08:16:37]   ... phase3-nokl-baseline still running, checking again in 60s
[2026-05-28 08:17:37]   ... phase3-nokl-baseline still running, checking again in 60s
[2026-05-28 08:18:37]   ... phase3-nokl-baseline still running, checking again in 60s
[2026-05-28 08:19:37]   ... phase3-nokl-baseline still running, checking again in 60s
[2026-05-28 08:20:37]   ... phase3-nokl-baseline still running, checking again in 60s
[2026-05-28 08:21:37]   ... phase3-nokl-baseline still running, checking again in 60s
[2026-05-28 08:22:37]   ... phase3-nokl-baseline still running, checking again in 60s
[2026-05-28 08:23:37]   ... phase3-nokl-baseline still running, checking again in 60s
[2026-05-28 08:24:37]   ... phase3-nokl-baseline still running, checking again in 60s
[2026-05-28 08:25:37]   ... phase3-nokl-baseline still running, checking again in 60s
[2026-05-28 08:26:37]   ... phase3-nokl-baseline still running, checking again in 60s
[2026-05-28 08:27:37]   ... phase3-nokl-baseline still running, checking again in 60s
[2026-05-28 08:28:38]   ... phase3-nokl-baseline still running, checking again in 60s
[2026-05-28 08:29:38]   ... phase3-nokl-baseline still running, checking again in 60s
[2026-05-28 08:30:38]   ... phase3-nokl-baseline still running, checking again in 60s
[2026-05-28 08:31:38]   ... phase3-nokl-baseline still running, checking again in 60s
[2026-05-28 08:32:38]   ... phase3-nokl-baseline still running, checking again in 60s
[2026-05-28 08:33:38]   ... phase3-nokl-baseline still running, checking again in 60s
[2026-05-28 08:34:38]   ... phase3-nokl-baseline still running, checking again in 60s
[2026-05-28 08:35:38]   ... phase3-nokl-baseline still running, checking again in 60s
[2026-05-28 08:36:38]   ... phase3-nokl-baseline still running, checking again in 60s
[2026-05-28 08:37:38]   ... phase3-nokl-baseline still running, checking again in 60s
[2026-05-28 08:38:38]   ... phase3-nokl-baseline still running, checking again in 60s
[2026-05-28 08:39:38]   ... phase3-nokl-baseline still running, checking again in 60s
[2026-05-28 08:40:38]   ... phase3-nokl-baseline still running, checking again in 60s
[2026-05-28 08:41:38]   ... phase3-nokl-baseline still running, checking again in 60s
[2026-05-28 08:42:38]   ... phase3-nokl-baseline still running, checking again in 60s
[2026-05-28 08:43:38]   ... phase3-nokl-baseline still running, checking again in 60s
[2026-05-28 08:44:38]   ... phase3-nokl-baseline still running, checking again in 60s
[2026-05-28 08:45:38]   ... phase3-nokl-baseline still running, checking again in 60s
[2026-05-28 08:46:38]   ... phase3-nokl-baseline still running, checking again in 60s
[2026-05-28 08:47:38]   ... phase3-nokl-baseline still running, checking again in 60s
[2026-05-28 08:48:38]   ... phase3-nokl-baseline still running, checking again in 60s
[2026-05-28 08:49:38]   ... phase3-nokl-baseline still running, checking again in 60s
[2026-05-28 08:50:38]   ... phase3-nokl-baseline still running, checking again in 60s
[2026-05-28 08:51:38]   ... phase3-nokl-baseline still running, checking again in 60s
[2026-05-28 08:52:38]   ... phase3-nokl-baseline still running, checking again in 60s
[2026-05-28 08:53:38]   ... phase3-nokl-baseline still running, checking again in 60s
[2026-05-28 08:54:38]   ... phase3-nokl-baseline still running, checking again in 60s
[2026-05-28 08:55:38]   ... phase3-nokl-baseline still running, checking again in 60s
[2026-05-28 08:56:38]   ... phase3-nokl-baseline still running, checking again in 60s
[2026-05-28 08:57:38]   ... phase3-nokl-baseline still running, checking again in 60s
[2026-05-28 08:58:39]   ... phase3-nokl-baseline still running, checking again in 60s
[2026-05-28 08:59:39]   ... phase3-nokl-baseline still running, checking again in 60s
[2026-05-28 09:00:39]   ... phase3-nokl-baseline still running, checking again in 60s
[2026-05-28 09:01:39]   ... phase3-nokl-baseline still running, checking again in 60s
[2026-05-28 09:02:39]   ... phase3-nokl-baseline still running, checking again in 60s
[2026-05-28 09:03:39]   ... phase3-nokl-baseline still running, checking again in 60s
[2026-05-28 09:04:39]   ... phase3-nokl-baseline still running, checking again in 60s
[2026-05-28 09:05:39]   ... phase3-nokl-baseline still running, checking again in 60s
[2026-05-28 09:06:39]   ... phase3-nokl-baseline still running, checking again in 60s
[2026-05-28 09:07:39]   ... phase3-nokl-baseline still running, checking again in 60s
[2026-05-28 09:08:39]   ... phase3-nokl-baseline still running, checking again in 60s
[2026-05-28 09:09:39]   ... phase3-nokl-baseline still running, checking again in 60s
[2026-05-28 09:10:39]   ... phase3-nokl-baseline still running, checking again in 60s
[2026-05-28 09:11:39]   ... phase3-nokl-baseline still running, checking again in 60s
[2026-05-28 09:12:39]   ... phase3-nokl-baseline still running, checking again in 60s
[2026-05-28 09:13:39]   ... phase3-nokl-baseline still running, checking again in 60s
[2026-05-28 09:14:39]   ... phase3-nokl-baseline still running, checking again in 60s
[2026-05-28 09:15:39]   ... phase3-nokl-baseline still running, checking again in 60s
[2026-05-28 09:16:39]   ... phase3-nokl-baseline still running, checking again in 60s
[2026-05-28 09:17:39]   ... phase3-nokl-baseline still running, checking again in 60s
[2026-05-28 09:18:39]   ... phase3-nokl-baseline still running, checking again in 60s
[2026-05-28 09:19:39]   ... phase3-nokl-baseline still running, checking again in 60s
[2026-05-28 09:20:39]   ... phase3-nokl-baseline still running, checking again in 60s
[2026-05-28 09:21:39]   ... phase3-nokl-baseline still running, checking again in 60s
[2026-05-28 09:22:39]   ... phase3-nokl-baseline still running, checking again in 60s
[2026-05-28 09:23:39]   ... phase3-nokl-baseline still running, checking again in 60s
[2026-05-28 09:24:39]   ... phase3-nokl-baseline still running, checking again in 60s
[2026-05-28 09:25:39]   ... phase3-nokl-baseline still running, checking again in 60s
[2026-05-28 09:26:39]   ... phase3-nokl-baseline still running, checking again in 60s
[2026-05-28 09:27:39]   ... phase3-nokl-baseline still running, checking again in 60s
[2026-05-28 09:28:40]   ... phase3-nokl-baseline still running, checking again in 60s
[2026-05-28 09:29:40]   ... phase3-nokl-baseline still running, checking again in 60s
[2026-05-28 09:30:40]   ... phase3-nokl-baseline still running, checking again in 60s
[2026-05-28 09:31:40]   ... phase3-nokl-baseline still running, checking again in 60s
[2026-05-28 09:32:40]   ... phase3-nokl-baseline still running, checking again in 60s
[2026-05-28 09:33:40]   ... phase3-nokl-baseline still running, checking again in 60s
[2026-05-28 09:34:40]   ... phase3-nokl-baseline still running, checking again in 60s
[2026-05-28 09:35:40]   ... phase3-nokl-baseline still running, checking again in 60s
[2026-05-28 09:36:40]   ... phase3-nokl-baseline still running, checking again in 60s
[2026-05-28 09:37:40]   ... phase3-nokl-baseline still running, checking again in 60s
[2026-05-28 09:38:40]   ... phase3-nokl-baseline still running, checking again in 60s
[2026-05-28 09:39:40]   ... phase3-nokl-baseline still running, checking again in 60s
[2026-05-28 09:40:40]   ... phase3-nokl-baseline still running, checking again in 60s
[2026-05-28 09:41:40]   ... phase3-nokl-baseline still running, checking again in 60s
[2026-05-28 09:42:40]   ... phase3-nokl-baseline still running, checking again in 60s
[2026-05-28 09:43:40]   ... phase3-nokl-baseline still running, checking again in 60s
[2026-05-28 09:44:40]   ... phase3-nokl-baseline still running, checking again in 60s
[2026-05-28 09:45:40]   ... phase3-nokl-baseline still running, checking again in 60s
[2026-05-28 09:46:40]   ... phase3-nokl-baseline still running, checking again in 60s
[2026-05-28 09:47:40]   ... phase3-nokl-baseline still running, checking again in 60s
[2026-05-28 09:48:40]   ... phase3-nokl-baseline still running, checking again in 60s
[2026-05-28 09:49:40]   ... phase3-nokl-baseline still running, checking again in 60s
[2026-05-28 09:50:40]   ... phase3-nokl-baseline still running, checking again in 60s
[2026-05-28 09:51:40]   ... phase3-nokl-baseline still running, checking again in 60s
[2026-05-28 09:52:40]   ... phase3-nokl-baseline still running, checking again in 60s
[2026-05-28 09:53:40]   ... phase3-nokl-baseline still running, checking again in 60s
[2026-05-28 09:54:40]   ... phase3-nokl-baseline still running, checking again in 60s
[2026-05-28 09:55:40]   ... phase3-nokl-baseline still running, checking again in 60s
[2026-05-28 09:56:40]   ... phase3-nokl-baseline still running, checking again in 60s
[2026-05-28 09:57:40]   ... phase3-nokl-baseline still running, checking again in 60s
[2026-05-28 09:58:41]   ... phase3-nokl-baseline still running, checking again in 60s
[2026-05-28 09:59:41]   ... phase3-nokl-baseline still running, checking again in 60s
[2026-05-28 10:00:41]   ... phase3-nokl-baseline still running, checking again in 60s
[2026-05-28 10:01:41]   ... phase3-nokl-baseline still running, checking again in 60s
[2026-05-28 10:02:41]   ... phase3-nokl-baseline still running, checking again in 60s
[2026-05-28 10:03:41]   ... phase3-nokl-baseline still running, checking again in 60s
[2026-05-28 10:04:41]   ... phase3-nokl-baseline still running, checking again in 60s
[2026-05-28 10:05:41]   ... phase3-nokl-baseline still running, checking again in 60s
[2026-05-28 10:06:41]   ... phase3-nokl-baseline still running, checking again in 60s
[2026-05-28 10:07:41]   ... phase3-nokl-baseline still running, checking again in 60s
[2026-05-28 10:08:41]   ... phase3-nokl-baseline still running, checking again in 60s
[2026-05-28 10:09:41]   ... phase3-nokl-baseline still running, checking again in 60s
[2026-05-28 10:10:41]   ... phase3-nokl-baseline still running, checking again in 60s
[2026-05-28 10:11:41]   ... phase3-nokl-baseline still running, checking again in 60s
[2026-05-28 10:12:41]   ... phase3-nokl-baseline still running, checking again in 60s
[2026-05-28 10:13:41]   ... phase3-nokl-baseline still running, checking again in 60s
[2026-05-28 10:14:41]   ... phase3-nokl-baseline still running, checking again in 60s
[2026-05-28 10:15:41]   ... phase3-nokl-baseline still running, checking again in 60s
[2026-05-28 10:16:41]   ... phase3-nokl-baseline still running, checking again in 60s
[2026-05-28 10:17:41]   ... phase3-nokl-baseline still running, checking again in 60s
[2026-05-28 10:18:41]   ... phase3-nokl-baseline still running, checking again in 60s
[2026-05-28 10:19:41]   ... phase3-nokl-baseline still running, checking again in 60s
[2026-05-28 10:20:41]   ... phase3-nokl-baseline still running, checking again in 60s
[2026-05-28 10:21:41]   ... phase3-nokl-baseline still running, checking again in 60s
[2026-05-28 10:22:41]   ... phase3-nokl-baseline still running, checking again in 60s
[2026-05-28 10:23:41]   ... phase3-nokl-baseline still running, checking again in 60s
[2026-05-28 10:24:41]   ... phase3-nokl-baseline still running, checking again in 60s
[2026-05-28 10:25:41]   ... phase3-nokl-baseline still running, checking again in 60s
[2026-05-28 10:26:41]   ... phase3-nokl-baseline still running, checking again in 60s
[2026-05-28 10:27:42]   ... phase3-nokl-baseline still running, checking again in 60s
[2026-05-28 10:28:42]   ... phase3-nokl-baseline still running, checking again in 60s
[2026-05-28 10:29:42]   ... phase3-nokl-baseline still running, checking again in 60s
[2026-05-28 10:30:42]   ... phase3-nokl-baseline still running, checking again in 60s
[2026-05-28 10:31:42]   ... phase3-nokl-baseline still running, checking again in 60s
[2026-05-28 10:32:42]   ... phase3-nokl-baseline still running, checking again in 60s
[2026-05-28 10:33:42]   ... phase3-nokl-baseline still running, checking again in 60s
[2026-05-28 10:34:42]   ... phase3-nokl-baseline still running, checking again in 60s
[2026-05-28 10:35:42]   ... phase3-nokl-baseline still running, checking again in 60s
[2026-05-28 10:36:42]   ... phase3-nokl-baseline still running, checking again in 60s
[2026-05-28 10:37:42]   ... phase3-nokl-baseline still running, checking again in 60s
[2026-05-28 10:38:42]   ... phase3-nokl-baseline still running, checking again in 60s
[2026-05-28 10:39:42]   ... phase3-nokl-baseline still running, checking again in 60s
[2026-05-28 10:40:42]   ... phase3-nokl-baseline still running, checking again in 60s
[2026-05-28 10:41:42]   ... phase3-nokl-baseline still running, checking again in 60s
[2026-05-28 10:42:42]   ... phase3-nokl-baseline still running, checking again in 60s
[2026-05-28 10:43:42]   ... phase3-nokl-baseline still running, checking again in 60s
[2026-05-28 10:44:42]   ... phase3-nokl-baseline still running, checking again in 60s
[2026-05-28 10:45:42]   ... phase3-nokl-baseline still running, checking again in 60s
[2026-05-28 10:46:42]   ... phase3-nokl-baseline still running, checking again in 60s
[2026-05-28 10:47:42]   ... phase3-nokl-baseline still running, checking again in 60s
[2026-05-28 10:48:42]   ... phase3-nokl-baseline still running, checking again in 60s
[2026-05-28 10:49:42]   ... phase3-nokl-baseline still running, checking again in 60s
[2026-05-28 10:50:42]   ... phase3-nokl-baseline still running, checking again in 60s
[2026-05-28 10:51:42]   ... phase3-nokl-baseline still running, checking again in 60s
[2026-05-28 10:52:42]   ... phase3-nokl-baseline still running, checking again in 60s
[2026-05-28 10:53:42]   ... phase3-nokl-baseline still running, checking again in 60s
[2026-05-28 10:54:42]   ... phase3-nokl-baseline still running, checking again in 60s
[2026-05-28 10:55:43]   ... phase3-nokl-baseline still running, checking again in 60s
[2026-05-28 10:56:43]   ... phase3-nokl-baseline still running, checking again in 60s
[2026-05-28 10:57:43]   ... phase3-nokl-baseline still running, checking again in 60s
[2026-05-28 10:58:43]   ... phase3-nokl-baseline still running, checking again in 60s
[2026-05-28 10:59:43]   ... phase3-nokl-baseline still running, checking again in 60s
[2026-05-28 11:00:43]   ... phase3-nokl-baseline still running, checking again in 60s
[2026-05-28 11:01:43]   ... phase3-nokl-baseline still running, checking again in 60s
[2026-05-28 11:02:43]   ... phase3-nokl-baseline still running, checking again in 60s
[2026-05-28 11:03:43]   ... phase3-nokl-baseline still running, checking again in 60s
[2026-05-28 11:04:43]   ... phase3-nokl-baseline still running, checking again in 60s
[2026-05-28 11:05:43]   ... phase3-nokl-baseline still running, checking again in 60s
[2026-05-28 11:06:43]   ... phase3-nokl-baseline still running, checking again in 60s
[2026-05-28 11:07:43]   ... phase3-nokl-baseline still running, checking again in 60s
[2026-05-28 11:08:43]   ... phase3-nokl-baseline still running, checking again in 60s
[2026-05-28 11:09:43]   ... phase3-nokl-baseline still running, checking again in 60s
[2026-05-28 11:10:43]   ... phase3-nokl-baseline still running, checking again in 60s
[2026-05-28 11:11:43]   ... phase3-nokl-baseline still running, checking again in 60s
[2026-05-28 11:12:43]   ... phase3-nokl-baseline still running, checking again in 60s
[2026-05-28 11:13:43]   ... phase3-nokl-baseline still running, checking again in 60s
[2026-05-28 11:14:43]   ... phase3-nokl-baseline still running, checking again in 60s
[2026-05-28 11:15:43]   ... phase3-nokl-baseline still running, checking again in 60s
[2026-05-28 11:16:43]   ... phase3-nokl-baseline still running, checking again in 60s
[2026-05-28 11:17:43]   ... phase3-nokl-baseline still running, checking again in 60s
[2026-05-28 11:18:43]   ... phase3-nokl-baseline still running, checking again in 60s
[2026-05-28 11:19:43]   ... phase3-nokl-baseline still running, checking again in 60s
[2026-05-28 11:20:43]   ... phase3-nokl-baseline still running, checking again in 60s
[2026-05-28 11:21:43]   ... phase3-nokl-baseline still running, checking again in 60s
[2026-05-28 11:22:43]   ... phase3-nokl-baseline still running, checking again in 60s
[2026-05-28 11:23:44]   ... phase3-nokl-baseline still running, checking again in 60s
[2026-05-28 11:24:44]   ... phase3-nokl-baseline still running, checking again in 60s
[2026-05-28 11:25:44]   ... phase3-nokl-baseline still running, checking again in 60s
[2026-05-28 11:26:44]   ... phase3-nokl-baseline still running, checking again in 60s
[2026-05-28 11:27:44]   ... phase3-nokl-baseline still running, checking again in 60s
[2026-05-28 11:28:44]   ... phase3-nokl-baseline still running, checking again in 60s
[2026-05-28 11:29:44]   ... phase3-nokl-baseline still running, checking again in 60s
[2026-05-28 11:30:44]   ... phase3-nokl-baseline still running, checking again in 60s
[2026-05-28 11:31:44]   ... phase3-nokl-baseline still running, checking again in 60s
[2026-05-28 11:32:44]   ... phase3-nokl-baseline still running, checking again in 60s
[2026-05-28 11:33:44]   ... phase3-nokl-baseline still running, checking again in 60s
[2026-05-28 11:34:44]   ... phase3-nokl-baseline still running, checking again in 60s
[2026-05-28 11:35:44]   ... phase3-nokl-baseline still running, checking again in 60s
[2026-05-28 11:36:44]   ... phase3-nokl-baseline still running, checking again in 60s
[2026-05-28 11:37:44]   ... phase3-nokl-baseline still running, checking again in 60s
[2026-05-28 11:38:44]   ... phase3-nokl-baseline still running, checking again in 60s
[2026-05-28 11:39:44]   ... phase3-nokl-baseline still running, checking again in 60s
[2026-05-28 11:40:44]   ... phase3-nokl-baseline still running, checking again in 60s
[2026-05-28 11:41:44]   ... phase3-nokl-baseline still running, checking again in 60s
[2026-05-28 11:42:44]   ... phase3-nokl-baseline still running, checking again in 60s
[2026-05-28 11:43:44]   ... phase3-nokl-baseline still running, checking again in 60s
[2026-05-28 11:44:44]   ... phase3-nokl-baseline still running, checking again in 60s
[2026-05-28 11:45:44]   ... phase3-nokl-baseline still running, checking again in 60s
[2026-05-28 11:46:44]   ... phase3-nokl-baseline still running, checking again in 60s
[2026-05-28 11:47:44]   ... phase3-nokl-baseline still running, checking again in 60s
[2026-05-28 11:48:44]   ... phase3-nokl-baseline still running, checking again in 60s
[2026-05-28 11:49:44]   ... phase3-nokl-baseline still running, checking again in 60s
[2026-05-28 11:50:44]   ... phase3-nokl-baseline still running, checking again in 60s
[2026-05-28 11:51:44]   ... phase3-nokl-baseline still running, checking again in 60s
[2026-05-28 11:52:45]   ... phase3-nokl-baseline still running, checking again in 60s
[2026-05-28 11:53:45]   ... phase3-nokl-baseline still running, checking again in 60s
[2026-05-28 11:54:45]   ... phase3-nokl-baseline still running, checking again in 60s
[2026-05-28 11:55:45]   ... phase3-nokl-baseline still running, checking again in 60s
[2026-05-28 11:56:45]   ... phase3-nokl-baseline still running, checking again in 60s
[2026-05-28 11:57:45]   ... phase3-nokl-baseline still running, checking again in 60s
[2026-05-28 11:58:45]   ... phase3-nokl-baseline still running, checking again in 60s
[2026-05-28 11:59:45]   ... phase3-nokl-baseline still running, checking again in 60s
[2026-05-28 12:00:45]   ... phase3-nokl-baseline still running, checking again in 60s
[2026-05-28 12:01:45]   ... phase3-nokl-baseline still running, checking again in 60s
[2026-05-28 12:02:45]   ... phase3-nokl-baseline still running, checking again in 60s
[2026-05-28 12:03:45]   ... phase3-nokl-baseline still running, checking again in 60s
[2026-05-28 12:04:45]   ... phase3-nokl-baseline still running, checking again in 60s
[2026-05-28 12:05:45]   ... phase3-nokl-baseline still running, checking again in 60s
[2026-05-28 12:06:45]   ... phase3-nokl-baseline still running, checking again in 60s
[2026-05-28 12:07:45]   ... phase3-nokl-baseline still running, checking again in 60s
[2026-05-28 12:08:45]   ... phase3-nokl-baseline still running, checking again in 60s
[2026-05-28 12:09:45]   ... phase3-nokl-baseline still running, checking again in 60s
[2026-05-28 12:10:45]   ... phase3-nokl-baseline still running, checking again in 60s
[2026-05-28 12:11:45]   ... phase3-nokl-baseline still running, checking again in 60s
[2026-05-28 12:12:45]   ... phase3-nokl-baseline still running, checking again in 60s
[2026-05-28 12:13:45]   ... phase3-nokl-baseline still running, checking again in 60s
[2026-05-28 12:14:45]   ... phase3-nokl-baseline still running, checking again in 60s
[2026-05-28 12:15:45]   ... phase3-nokl-baseline still running, checking again in 60s
[2026-05-28 12:16:45]   ... phase3-nokl-baseline still running, checking again in 60s
[2026-05-28 12:17:45]   ... phase3-nokl-baseline still running, checking again in 60s
[2026-05-28 12:18:45]   ... phase3-nokl-baseline still running, checking again in 60s
[2026-05-28 12:19:45]   ... phase3-nokl-baseline still running, checking again in 60s
[2026-05-28 12:20:45]   ... phase3-nokl-baseline still running, checking again in 60s
[2026-05-28 12:21:45]   ... phase3-nokl-baseline still running, checking again in 60s
[2026-05-28 12:22:46]   ... phase3-nokl-baseline still running, checking again in 60s
[2026-05-28 12:23:46]   ... phase3-nokl-baseline still running, checking again in 60s
[2026-05-28 12:24:46]   ... phase3-nokl-baseline still running, checking again in 60s
[2026-05-28 12:25:46]   ... phase3-nokl-baseline still running, checking again in 60s
[2026-05-28 12:26:46]   ... phase3-nokl-baseline still running, checking again in 60s
[2026-05-28 12:27:46]   ... phase3-nokl-baseline still running, checking again in 60s
[2026-05-28 12:28:46]   ... phase3-nokl-baseline still running, checking again in 60s
[2026-05-28 12:29:46]   ... phase3-nokl-baseline still running, checking again in 60s
[2026-05-28 12:30:46]   ... phase3-nokl-baseline still running, checking again in 60s
[2026-05-28 12:31:46]   ... phase3-nokl-baseline still running, checking again in 60s
[2026-05-28 12:32:46]   ... phase3-nokl-baseline still running, checking again in 60s
[2026-05-28 12:33:46]   ... phase3-nokl-baseline still running, checking again in 60s
[2026-05-28 12:34:46]   ... phase3-nokl-baseline still running, checking again in 60s
[2026-05-28 12:35:46]   ... phase3-nokl-baseline still running, checking again in 60s
[2026-05-28 12:36:46]   ... phase3-nokl-baseline still running, checking again in 60s
[2026-05-28 12:37:46]   ... phase3-nokl-baseline still running, checking again in 60s
[2026-05-28 12:38:46]   ... phase3-nokl-baseline still running, checking again in 60s
[2026-05-28 12:39:46]   ... phase3-nokl-baseline still running, checking again in 60s
[2026-05-28 12:40:46]   ... phase3-nokl-baseline still running, checking again in 60s
[2026-05-28 12:41:46]   ... phase3-nokl-baseline still running, checking again in 60s
[2026-05-28 12:42:46]   ... phase3-nokl-baseline still running, checking again in 60s
[2026-05-28 12:43:46]   ... phase3-nokl-baseline still running, checking again in 60s
[2026-05-28 12:44:46]   ... phase3-nokl-baseline still running, checking again in 60s
[2026-05-28 12:45:46]   ... phase3-nokl-baseline still running, checking again in 60s
[2026-05-28 12:46:46]   ... phase3-nokl-baseline still running, checking again in 60s
[2026-05-28 12:47:46]   ... phase3-nokl-baseline still running, checking again in 60s
[2026-05-28 12:48:46]   ... phase3-nokl-baseline still running, checking again in 60s
[2026-05-28 12:49:46]   ... phase3-nokl-baseline still running, checking again in 60s
[2026-05-28 12:50:46]   ... phase3-nokl-baseline still running, checking again in 60s
[2026-05-28 12:51:46]   ... phase3-nokl-baseline still running, checking again in 60s
[2026-05-28 12:52:46]   ... phase3-nokl-baseline still running, checking again in 60s
[2026-05-28 12:53:47]   ... phase3-nokl-baseline still running, checking again in 60s
[2026-05-28 12:54:47]   ... phase3-nokl-baseline still running, checking again in 60s
[2026-05-28 12:55:47]   ... phase3-nokl-baseline still running, checking again in 60s
[2026-05-28 12:56:47]   ... phase3-nokl-baseline still running, checking again in 60s
[2026-05-28 12:57:47]   ... phase3-nokl-baseline still running, checking again in 60s
[2026-05-28 12:58:47]   ... phase3-nokl-baseline still running, checking again in 60s
[2026-05-28 12:59:47]   ... phase3-nokl-baseline still running, checking again in 60s
[2026-05-28 13:00:47]   ... phase3-nokl-baseline still running, checking again in 60s
[2026-05-28 13:01:47]   ... phase3-nokl-baseline still running, checking again in 60s
[2026-05-28 13:02:47]   ... phase3-nokl-baseline still running, checking again in 60s
[2026-05-28 13:03:47]   ... phase3-nokl-baseline still running, checking again in 60s
[2026-05-28 13:04:47]   ... phase3-nokl-baseline still running, checking again in 60s
[2026-05-28 13:05:47]   ... phase3-nokl-baseline still running, checking again in 60s
[2026-05-28 13:06:47]   ... phase3-nokl-baseline still running, checking again in 60s
[2026-05-28 13:07:47]   ... phase3-nokl-baseline still running, checking again in 60s
[2026-05-28 13:08:47]   ... phase3-nokl-baseline still running, checking again in 60s
[2026-05-28 13:09:47]   ... phase3-nokl-baseline still running, checking again in 60s
[2026-05-28 13:10:47]   ... phase3-nokl-baseline still running, checking again in 60s
[2026-05-28 13:11:47]   ... phase3-nokl-baseline still running, checking again in 60s
[2026-05-28 13:12:47]   ... phase3-nokl-baseline still running, checking again in 60s
[2026-05-28 13:13:47]   ... phase3-nokl-baseline still running, checking again in 60s
[2026-05-28 13:14:47]   ... phase3-nokl-baseline still running, checking again in 60s
[2026-05-28 13:15:47]   ... phase3-nokl-baseline still running, checking again in 60s
[2026-05-28 13:16:47]   ... phase3-nokl-baseline still running, checking again in 60s
[2026-05-28 13:17:47]   ... phase3-nokl-baseline still running, checking again in 60s
[2026-05-28 13:18:47]   ... phase3-nokl-baseline still running, checking again in 60s
[2026-05-28 13:19:47]   ... phase3-nokl-baseline still running, checking again in 60s
[2026-05-28 13:20:47]   ... phase3-nokl-baseline still running, checking again in 60s
[2026-05-28 13:21:47]   ... phase3-nokl-baseline still running, checking again in 60s
[2026-05-28 13:22:47]   ... phase3-nokl-baseline still running, checking again in 60s
[2026-05-28 13:23:48]   ... phase3-nokl-baseline still running, checking again in 60s
[2026-05-28 13:24:48]   ... phase3-nokl-baseline still running, checking again in 60s
[2026-05-28 13:25:48]   ... phase3-nokl-baseline still running, checking again in 60s
[2026-05-28 13:26:48]   ... phase3-nokl-baseline still running, checking again in 60s
[2026-05-28 13:27:48]   ... phase3-nokl-baseline still running, checking again in 60s
[2026-05-28 13:28:48]   ... phase3-nokl-baseline still running, checking again in 60s
[2026-05-28 13:29:48]   ... phase3-nokl-baseline still running, checking again in 60s
[2026-05-28 13:30:48]   ... phase3-nokl-baseline still running, checking again in 60s
[2026-05-28 13:31:48]   ... phase3-nokl-baseline still running, checking again in 60s
[2026-05-28 13:32:48]   ... phase3-nokl-baseline still running, checking again in 60s
[2026-05-28 13:33:48]   ... phase3-nokl-baseline still running, checking again in 60s
[2026-05-28 13:34:48]   ... phase3-nokl-baseline still running, checking again in 60s
[2026-05-28 13:35:48]   ... phase3-nokl-baseline still running, checking again in 60s
[2026-05-28 13:36:48]   ... phase3-nokl-baseline still running, checking again in 60s
[2026-05-28 13:37:48]   ... phase3-nokl-baseline still running, checking again in 60s
[2026-05-28 13:38:48]   ... phase3-nokl-baseline still running, checking again in 60s
[2026-05-28 13:39:48]   ... phase3-nokl-baseline still running, checking again in 60s
[2026-05-28 13:40:48]   ... phase3-nokl-baseline still running, checking again in 60s
[2026-05-28 13:41:48]   ... phase3-nokl-baseline still running, checking again in 60s
[2026-05-28 13:42:48]   ... phase3-nokl-baseline still running, checking again in 60s
[2026-05-28 13:43:48]   ... phase3-nokl-baseline still running, checking again in 60s
[2026-05-28 13:44:48]   ... phase3-nokl-baseline still running, checking again in 60s
[2026-05-28 13:45:48]   ... phase3-nokl-baseline still running, checking again in 60s
[2026-05-28 13:46:48]   ... phase3-nokl-baseline still running, checking again in 60s
[2026-05-28 13:47:48]   ... phase3-nokl-baseline still running, checking again in 60s
[2026-05-28 13:48:48]   ... phase3-nokl-baseline still running, checking again in 60s
[2026-05-28 13:49:48]   ... phase3-nokl-baseline still running, checking again in 60s
[2026-05-28 13:50:48]   ... phase3-nokl-baseline still running, checking again in 60s
[2026-05-28 13:51:48]   ... phase3-nokl-baseline still running, checking again in 60s
[2026-05-28 13:52:48]   ... phase3-nokl-baseline still running, checking again in 60s
[2026-05-28 13:53:48]   ... phase3-nokl-baseline still running, checking again in 60s
[2026-05-28 13:54:49]   ... phase3-nokl-baseline still running, checking again in 60s
[2026-05-28 13:55:49]   ... phase3-nokl-baseline still running, checking again in 60s
[2026-05-28 13:56:49]   ... phase3-nokl-baseline still running, checking again in 60s
[2026-05-28 13:57:49]   ... phase3-nokl-baseline still running, checking again in 60s
[2026-05-28 13:58:49]   ... phase3-nokl-baseline still running, checking again in 60s
[2026-05-28 13:59:49]   ... phase3-nokl-baseline still running, checking again in 60s
[2026-05-28 14:00:49]   ... phase3-nokl-baseline still running, checking again in 60s
[2026-05-28 14:01:49]   ... phase3-nokl-baseline still running, checking again in 60s
[2026-05-28 14:02:49]   ... phase3-nokl-baseline still running, checking again in 60s
[2026-05-28 14:03:49]   ... phase3-nokl-baseline still running, checking again in 60s
[2026-05-28 14:04:49]   ... phase3-nokl-baseline still running, checking again in 60s
[2026-05-28 14:05:49]   ... phase3-nokl-baseline still running, checking again in 60s
[2026-05-28 14:06:49]   ... phase3-nokl-baseline still running, checking again in 60s
[2026-05-28 14:07:49]   ... phase3-nokl-baseline still running, checking again in 60s
[2026-05-28 14:08:49]   ... phase3-nokl-baseline still running, checking again in 60s
[2026-05-28 14:09:49]   ... phase3-nokl-baseline still running, checking again in 60s
[2026-05-28 14:10:49]   ... phase3-nokl-baseline still running, checking again in 60s
[2026-05-28 14:11:49]   ... phase3-nokl-baseline still running, checking again in 60s
[2026-05-28 14:12:49]   ... phase3-nokl-baseline still running, checking again in 60s
[2026-05-28 14:13:49]   ... phase3-nokl-baseline still running, checking again in 60s
[2026-05-28 14:14:49]   ... phase3-nokl-baseline still running, checking again in 60s
[2026-05-28 14:15:49]   ... phase3-nokl-baseline still running, checking again in 60s
[2026-05-28 14:16:49]   ... phase3-nokl-baseline still running, checking again in 60s
[2026-05-28 14:17:49]   ... phase3-nokl-baseline still running, checking again in 60s
[2026-05-28 14:18:49]   ... phase3-nokl-baseline still running, checking again in 60s
[2026-05-28 14:19:49]   ... phase3-nokl-baseline still running, checking again in 60s
[2026-05-28 14:20:49]   ... phase3-nokl-baseline still running, checking again in 60s
[2026-05-28 14:21:49]   ... phase3-nokl-baseline still running, checking again in 60s
[2026-05-28 14:22:50]   ... phase3-nokl-baseline still running, checking again in 60s
[2026-05-28 14:23:50]   ... phase3-nokl-baseline still running, checking again in 60s
[2026-05-28 14:24:50]   ... phase3-nokl-baseline still running, checking again in 60s
[2026-05-28 14:25:50]   ... phase3-nokl-baseline still running, checking again in 60s
[2026-05-28 14:26:50]   ... phase3-nokl-baseline still running, checking again in 60s
[2026-05-28 14:27:50]   ... phase3-nokl-baseline still running, checking again in 60s
[2026-05-28 14:28:50]   ... phase3-nokl-baseline still running, checking again in 60s
[2026-05-28 14:29:50]   ... phase3-nokl-baseline still running, checking again in 60s
[2026-05-28 14:30:50]   ... phase3-nokl-baseline still running, checking again in 60s
[2026-05-28 14:31:50]   ... phase3-nokl-baseline still running, checking again in 60s
[2026-05-28 14:32:50]   ... phase3-nokl-baseline still running, checking again in 60s
[2026-05-28 14:33:50]   ... phase3-nokl-baseline still running, checking again in 60s
[2026-05-28 14:34:50]   ... phase3-nokl-baseline still running, checking again in 60s
[2026-05-28 14:35:50]   ... phase3-nokl-baseline still running, checking again in 60s
[2026-05-28 14:36:50]   ... phase3-nokl-baseline still running, checking again in 60s
[2026-05-28 14:37:50]   ... phase3-nokl-baseline still running, checking again in 60s
[2026-05-28 14:38:50] Collecting phase3-nokl-baseline results...
[2026-05-28 14:38:52]   No-KL baseline final score: N/A
phase3-nokl-baseline
[2026-05-28 14:38:52] 
[2026-05-28 14:38:52] ===============================================================
[2026-05-28 14:38:52] Starting 4-Mode × 3-Seed Campaign (12 runs total)
[2026-05-28 14:38:52] ===============================================================
[2026-05-28 14:38:52] 
[2026-05-28 14:38:52] ======= MODE: fixed =======
[2026-05-28 14:38:52] 
[2026-05-28 14:38:52] [1/12] Starting phase3-fixed-s0...
[2026-05-28 14:38:52]   Mode: fixed, Seed: 0, Epochs: 3
[INFO] Repo: /home/ai-server-02/R_projects/final_thesis/simpleRL-reason
[INFO] Container: phase3-fixed-s0
[INFO] Run dir: /ckpts/simplelr_grpo_qwen05_ctx1024_adaptive/phase3_fixed_s0
[INFO] Run base dir: /ckpts/simplelr_grpo_qwen05_ctx1024_adaptive
[INFO] mode: fixed
[INFO] fixed_beta: 0.001
[INFO] Epochs: 3
[INFO] Prompt/Response: 1024/1024
[INFO] max_num_batched_tokens: 4096
[INFO] rollout_n: 4
[INFO] rollout_gpu_memory_util: 0.5
[INFO] rollout_max_num_seqs: 32
[INFO] save_freq: 2000
[INFO] resume_mode: never
[INFO] adaptive_kl_enable: false
[INFO] adaptive_kl_mode: lstm
[INFO] restart_policy: no
e1c7c81e0cdcc029491df8d1892da96ef1472daeba9838bae0eb859ae61e4b6c
[OK] Started phase3-fixed-s0
[OK] Follow logs: docker logs -f phase3-fixed-s0
[OK] Checkpoints: docker run --rm -v simplerl_ckpts:/ckpts simple-rl:ngc-vllm bash -lc 'ls -lah /ckpts/simplelr_grpo_qwen05_ctx1024_adaptive/phase3_fixed_s0'
[WARN] Telegram monitoring disabled (TELEGRAM_BOT_TOKEN or TELEGRAM_CHAT_ID not set)
[2026-05-28 14:38:53]   Waiting for phase3-fixed-s0 to complete...
[2026-05-28 14:38:53]     Progress: 0min elapsed...
[2026-05-28 14:43:53]     Progress: 5min elapsed...
[2026-05-28 14:48:53]     Progress: 10min elapsed...
[2026-05-28 14:53:53]     Progress: 15min elapsed...
[2026-05-28 14:58:53]     Progress: 20min elapsed...
[2026-05-28 15:03:53]   COMPLETED in 25m 1s
[2026-05-28 15:03:53]   Final validation score: N/A
Error response from daemon: No such container: phase3-fixed-s0
[2026-05-28 15:03:53] 
[2026-05-28 15:03:53] 
[2026-05-28 15:03:53] [2/12] Starting phase3-fixed-s1...
[2026-05-28 15:03:53]   Mode: fixed, Seed: 1, Epochs: 3
[INFO] Repo: /home/ai-server-02/R_projects/final_thesis/simpleRL-reason
[INFO] Container: phase3-fixed-s1
[INFO] Run dir: /ckpts/simplelr_grpo_qwen05_ctx1024_adaptive/phase3_fixed_s1
[INFO] Run base dir: /ckpts/simplelr_grpo_qwen05_ctx1024_adaptive
[INFO] mode: fixed
[INFO] fixed_beta: 0.001
[INFO] Epochs: 3
[INFO] Prompt/Response: 1024/1024
[INFO] max_num_batched_tokens: 4096
[INFO] rollout_n: 4
[INFO] rollout_gpu_memory_util: 0.5
[INFO] rollout_max_num_seqs: 32
[INFO] save_freq: 2000
[INFO] resume_mode: never
[INFO] adaptive_kl_enable: false
[INFO] adaptive_kl_mode: lstm
[INFO] restart_policy: no
426d479f8581a4d2a2acb0a2ef1281f9132cc2e8b05c0906241fc3d56cae5557
[OK] Started phase3-fixed-s1
[OK] Follow logs: docker logs -f phase3-fixed-s1
[OK] Checkpoints: docker run --rm -v simplerl_ckpts:/ckpts simple-rl:ngc-vllm bash -lc 'ls -lah /ckpts/simplelr_grpo_qwen05_ctx1024_adaptive/phase3_fixed_s1'
[WARN] Telegram monitoring disabled (TELEGRAM_BOT_TOKEN or TELEGRAM_CHAT_ID not set)
[2026-05-28 15:03:53]   Waiting for phase3-fixed-s1 to complete...
[2026-05-28 15:03:53]     Progress: 0min elapsed...
[2026-05-28 15:08:53]   COMPLETED in 5m 0s
[2026-05-28 15:08:53]   Final validation score: N/A
Error response from daemon: No such container: phase3-fixed-s1
[2026-05-28 15:08:53] 
[2026-05-28 15:08:53] 
[2026-05-28 15:08:53] [3/12] Starting phase3-fixed-s2...
[2026-05-28 15:08:53]   Mode: fixed, Seed: 2, Epochs: 3
[INFO] Repo: /home/ai-server-02/R_projects/final_thesis/simpleRL-reason
[INFO] Container: phase3-fixed-s2
[INFO] Run dir: /ckpts/simplelr_grpo_qwen05_ctx1024_adaptive/phase3_fixed_s2
[INFO] Run base dir: /ckpts/simplelr_grpo_qwen05_ctx1024_adaptive
[INFO] mode: fixed
[INFO] fixed_beta: 0.001
[INFO] Epochs: 3
[INFO] Prompt/Response: 1024/1024
[INFO] max_num_batched_tokens: 4096
[INFO] rollout_n: 4
[INFO] rollout_gpu_memory_util: 0.5
[INFO] rollout_max_num_seqs: 32
[INFO] save_freq: 2000
[INFO] resume_mode: never
[INFO] adaptive_kl_enable: false
[INFO] adaptive_kl_mode: lstm
[INFO] restart_policy: no
4a859bb629f7573733724bf47834e60a0c9c691d399d269b4d98e4686815213d
[OK] Started phase3-fixed-s2
[OK] Follow logs: docker logs -f phase3-fixed-s2
[OK] Checkpoints: docker run --rm -v simplerl_ckpts:/ckpts simple-rl:ngc-vllm bash -lc 'ls -lah /ckpts/simplelr_grpo_qwen05_ctx1024_adaptive/phase3_fixed_s2'
[WARN] Telegram monitoring disabled (TELEGRAM_BOT_TOKEN or TELEGRAM_CHAT_ID not set)
[2026-05-28 15:08:54]   Waiting for phase3-fixed-s2 to complete...
[2026-05-28 15:08:54]     Progress: 0min elapsed...
[2026-05-28 15:13:54]     Progress: 5min elapsed...
[2026-05-28 15:18:54]     Progress: 10min elapsed...
[2026-05-28 15:23:54]     Progress: 15min elapsed...
[2026-05-28 15:28:54]     Progress: 20min elapsed...
[2026-05-28 15:33:54]     Progress: 25min elapsed...
[2026-05-28 15:38:54]     Progress: 30min elapsed...
[2026-05-28 15:43:54]     Progress: 35min elapsed...
[2026-05-28 15:48:54]     Progress: 40min elapsed...
[2026-05-28 15:53:54]     Progress: 45min elapsed...
[2026-05-28 15:58:54]     Progress: 50min elapsed...
[2026-05-28 16:03:54]     Progress: 55min elapsed...
[2026-05-28 16:08:55]     Progress: 60min elapsed...
[2026-05-28 16:13:55]     Progress: 65min elapsed...
[2026-05-28 16:18:55]     Progress: 70min elapsed...
[2026-05-28 16:23:55]     Progress: 75min elapsed...
[2026-05-28 16:28:55]     Progress: 80min elapsed...
[2026-05-28 16:33:55]     Progress: 85min elapsed...
[2026-05-28 16:38:55]     Progress: 90min elapsed...
[2026-05-28 16:43:55]     Progress: 95min elapsed...
[2026-05-28 16:48:55]     Progress: 100min elapsed...
[2026-05-28 16:53:55]     Progress: 105min elapsed...
[2026-05-28 16:58:55]     Progress: 110min elapsed...
[2026-05-28 17:03:55]     Progress: 115min elapsed...
[2026-05-28 17:08:55]     Progress: 120min elapsed...
[2026-05-28 17:13:55]     Progress: 125min elapsed...
[2026-05-28 17:18:55]     Progress: 130min elapsed...
[2026-05-28 17:23:55]     Progress: 135min elapsed...
[2026-05-28 17:28:55]     Progress: 140min elapsed...
[2026-05-28 17:33:55]     Progress: 145min elapsed...
[2026-05-28 17:38:55]     Progress: 150min elapsed...
[2026-05-28 17:43:55]     Progress: 155min elapsed...
[2026-05-28 17:48:55]     Progress: 160min elapsed...
[2026-05-28 17:53:55]     Progress: 165min elapsed...
[2026-05-28 17:58:55]     Progress: 170min elapsed...
[2026-05-28 18:03:55]     Progress: 175min elapsed...
[2026-05-28 18:08:55]     Progress: 180min elapsed...
[2026-05-28 18:13:55]     Progress: 185min elapsed...
[2026-05-28 18:18:55]     Progress: 190min elapsed...
[2026-05-28 18:23:55]     Progress: 195min elapsed...
[2026-05-28 18:28:56]     Progress: 200min elapsed...
[2026-05-28 18:33:56]     Progress: 205min elapsed...
[2026-05-28 18:38:56]     Progress: 210min elapsed...
[2026-05-28 18:43:56]     Progress: 215min elapsed...
[2026-05-28 18:48:56]     Progress: 220min elapsed...
[2026-05-28 18:53:56]     Progress: 225min elapsed...
[2026-05-28 18:58:56]     Progress: 230min elapsed...
[2026-05-28 19:03:56]     Progress: 235min elapsed...
[2026-05-28 19:08:56]     Progress: 240min elapsed...
[2026-05-28 19:13:56]     Progress: 245min elapsed...
[2026-05-28 19:18:56]     Progress: 250min elapsed...
[2026-05-28 19:23:56]     Progress: 255min elapsed...
[2026-05-28 19:28:56]     Progress: 260min elapsed...
[2026-05-28 19:33:56]     Progress: 265min elapsed...
[2026-05-28 19:38:56]     Progress: 270min elapsed...
[2026-05-28 19:43:56]     Progress: 275min elapsed...
[2026-05-28 19:48:56]     Progress: 280min elapsed...
[2026-05-28 19:53:56]     Progress: 285min elapsed...
[2026-05-28 19:58:56]     Progress: 290min elapsed...
[2026-05-28 20:03:56]     Progress: 295min elapsed...
[2026-05-28 20:08:56]     Progress: 300min elapsed...
[2026-05-28 20:13:56]     Progress: 305min elapsed...
[2026-05-28 20:18:56]     Progress: 310min elapsed...
[2026-05-28 20:23:56]     Progress: 315min elapsed...
[2026-05-28 20:28:56]     Progress: 320min elapsed...
[2026-05-28 20:33:56]     Progress: 325min elapsed...
[2026-05-28 20:38:56]     Progress: 330min elapsed...
[2026-05-28 20:43:56]     Progress: 335min elapsed...
[2026-05-28 20:48:57]     Progress: 340min elapsed...
[2026-05-28 20:53:57]     Progress: 345min elapsed...
[2026-05-28 20:58:57]     Progress: 350min elapsed...
[2026-05-28 21:03:57]     Progress: 355min elapsed...
[2026-05-28 21:08:57]     Progress: 360min elapsed...
[2026-05-28 21:13:57]     Progress: 365min elapsed...
[2026-05-28 21:18:57]     Progress: 370min elapsed...
[2026-05-28 21:23:57]     Progress: 375min elapsed...
[2026-05-28 21:28:57]     Progress: 380min elapsed...
[2026-05-28 21:33:57]     Progress: 385min elapsed...
[2026-05-28 21:38:57]     Progress: 390min elapsed...
[2026-05-28 21:43:57]     Progress: 395min elapsed...
[2026-05-28 21:48:57]     Progress: 400min elapsed...
[2026-05-28 21:53:57]     Progress: 405min elapsed...
[2026-05-28 21:58:57]     Progress: 410min elapsed...
[2026-05-28 22:03:57]     Progress: 415min elapsed...
[2026-05-28 22:08:57]     Progress: 420min elapsed...
[2026-05-28 22:13:57]     Progress: 425min elapsed...
[2026-05-28 22:18:57]     Progress: 430min elapsed...
[2026-05-28 22:23:57]     Progress: 435min elapsed...
[2026-05-28 22:28:57]     Progress: 440min elapsed...
[2026-05-28 22:33:57]     Progress: 445min elapsed...
[2026-05-28 22:38:57]     Progress: 450min elapsed...
[2026-05-28 22:43:57]     Progress: 455min elapsed...
[2026-05-28 22:48:57]     Progress: 460min elapsed...
[2026-05-28 22:53:57]     Progress: 465min elapsed...
[2026-05-28 22:58:57]     Progress: 470min elapsed...
[2026-05-28 23:03:58]     Progress: 475min elapsed...
[2026-05-28 23:08:58]     Progress: 480min elapsed...
[2026-05-28 23:13:58]     Progress: 485min elapsed...
[2026-05-28 23:18:58]     Progress: 490min elapsed...
[2026-05-28 23:23:58]     Progress: 495min elapsed...
[2026-05-28 23:28:58]     Progress: 500min elapsed...
[2026-05-28 23:33:58]     Progress: 505min elapsed...
[2026-05-28 23:38:58]     Progress: 510min elapsed...
[2026-05-28 23:43:58]     Progress: 515min elapsed...
[2026-05-28 23:48:58]     Progress: 520min elapsed...
[2026-05-28 23:53:58]     Progress: 525min elapsed...
[2026-05-28 23:58:58]     Progress: 530min elapsed...
[2026-05-29 00:03:58]     Progress: 535min elapsed...
[2026-05-29 00:08:58]     Progress: 540min elapsed...
[2026-05-29 00:13:58]     Progress: 545min elapsed...
[2026-05-29 00:18:58]     Progress: 550min elapsed...
[2026-05-29 00:23:58]     Progress: 555min elapsed...
[2026-05-29 00:28:58]     Progress: 560min elapsed...
[2026-05-29 00:33:58]     Progress: 565min elapsed...
[2026-05-29 00:38:58]     Progress: 570min elapsed...
[2026-05-29 00:43:58]     Progress: 575min elapsed...
[2026-05-29 00:48:58]     Progress: 580min elapsed...
[2026-05-29 00:53:58]     Progress: 585min elapsed...
[2026-05-29 00:58:59]     Progress: 590min elapsed...
[2026-05-29 01:03:59]     Progress: 595min elapsed...
[2026-05-29 01:08:59]     Progress: 600min elapsed...
[2026-05-29 01:13:59]     Progress: 605min elapsed...
[2026-05-29 01:18:59]     Progress: 610min elapsed...
[2026-05-29 01:23:59]     Progress: 615min elapsed...
[2026-05-29 01:28:59]     Progress: 620min elapsed...
[2026-05-29 01:33:59]     Progress: 625min elapsed...
[2026-05-29 01:38:59]     Progress: 630min elapsed...
[2026-05-29 01:43:59]     Progress: 635min elapsed...
[2026-05-29 01:48:59]     Progress: 640min elapsed...
[2026-05-29 01:53:59]     Progress: 645min elapsed...
[2026-05-29 01:58:59]     Progress: 650min elapsed...
[2026-05-29 02:03:59]     Progress: 655min elapsed...
[2026-05-29 02:08:59]     Progress: 660min elapsed...
[2026-05-29 02:13:59]     Progress: 665min elapsed...
[2026-05-29 02:18:59]     Progress: 670min elapsed...
[2026-05-29 02:23:59]     Progress: 675min elapsed...
[2026-05-29 02:28:59]     Progress: 680min elapsed...
[2026-05-29 02:33:59]     Progress: 685min elapsed...
[2026-05-29 02:38:59]     Progress: 690min elapsed...
[2026-05-29 02:43:59]     Progress: 695min elapsed...
[2026-05-29 02:48:59]     Progress: 700min elapsed...
[2026-05-29 02:54:00]     Progress: 705min elapsed...
[2026-05-29 02:59:00]     Progress: 710min elapsed...
[2026-05-29 03:04:00]     Progress: 715min elapsed...
[2026-05-29 03:09:00]     Progress: 720min elapsed...
[2026-05-29 03:14:00]     Progress: 725min elapsed...
[2026-05-29 03:19:00]     Progress: 730min elapsed...
[2026-05-29 03:24:00]     Progress: 735min elapsed...
[2026-05-29 03:29:00]     Progress: 740min elapsed...
[2026-05-29 03:34:00]     Progress: 745min elapsed...
[2026-05-29 03:39:00]     Progress: 750min elapsed...
[2026-05-29 03:44:00]     Progress: 755min elapsed...
[2026-05-29 03:49:00]     Progress: 760min elapsed...
[2026-05-29 03:54:00]     Progress: 765min elapsed...
[2026-05-29 03:59:00]     Progress: 770min elapsed...
[2026-05-29 04:04:00]     Progress: 775min elapsed...
[2026-05-29 04:09:00]     Progress: 780min elapsed...
[2026-05-29 04:14:00]     Progress: 785min elapsed...
[2026-05-29 04:19:00]     Progress: 790min elapsed...
[2026-05-29 04:24:00]     Progress: 795min elapsed...
[2026-05-29 04:29:00]     Progress: 800min elapsed...
[2026-05-29 04:34:00]     Progress: 805min elapsed...
[2026-05-29 04:39:00]     Progress: 810min elapsed...
[2026-05-29 04:44:01]     Progress: 815min elapsed...
[2026-05-29 04:49:01]     Progress: 820min elapsed...
[2026-05-29 04:54:01]     Progress: 825min elapsed...
[2026-05-29 04:59:01]     Progress: 830min elapsed...
[2026-05-29 05:04:01]     Progress: 835min elapsed...
[2026-05-29 05:09:01]     Progress: 840min elapsed...
[2026-05-29 05:14:01]     Progress: 845min elapsed...
[2026-05-29 05:19:01]     Progress: 850min elapsed...
[2026-05-29 05:24:01]     Progress: 855min elapsed...
[2026-05-29 05:29:01]     Progress: 860min elapsed...
[2026-05-29 05:34:01]     Progress: 865min elapsed...
[2026-05-29 05:39:01]     Progress: 870min elapsed...
[2026-05-29 05:44:01]     Progress: 875min elapsed...
[2026-05-29 05:49:01]     Progress: 880min elapsed...
[2026-05-29 05:54:01]     Progress: 885min elapsed...
[2026-05-29 05:59:01]     Progress: 890min elapsed...
[2026-05-29 06:04:01]     Progress: 895min elapsed...
[2026-05-29 06:09:01]     Progress: 900min elapsed...
[2026-05-29 06:14:01]     Progress: 905min elapsed...
[2026-05-29 06:19:01]     Progress: 910min elapsed...
[2026-05-29 06:24:01]     Progress: 915min elapsed...
[2026-05-29 06:29:01]     Progress: 920min elapsed...
[2026-05-29 06:34:01]     Progress: 925min elapsed...
[2026-05-29 06:39:01]     Progress: 930min elapsed...
[2026-05-29 06:44:01]     Progress: 935min elapsed...
[2026-05-29 06:49:02]     Progress: 940min elapsed...
[2026-05-29 06:54:02]     Progress: 945min elapsed...
[2026-05-29 06:59:02]     Progress: 950min elapsed...
[2026-05-29 07:04:02]     Progress: 955min elapsed...
[2026-05-29 07:09:02]     Progress: 960min elapsed...
[2026-05-29 07:14:02]     Progress: 965min elapsed...
[2026-05-29 07:19:02]     Progress: 970min elapsed...
[2026-05-29 07:24:02]     Progress: 975min elapsed...
[2026-05-29 07:29:02]     Progress: 980min elapsed...
[2026-05-29 07:34:02]     Progress: 985min elapsed...
[2026-05-29 07:39:02]     Progress: 990min elapsed...
[2026-05-29 07:44:02]     Progress: 995min elapsed...
[2026-05-29 07:49:02]     Progress: 1000min elapsed...
[2026-05-29 07:54:02]     Progress: 1005min elapsed...
[2026-05-29 07:59:02]     Progress: 1010min elapsed...
[2026-05-29 08:04:02]     Progress: 1015min elapsed...
[2026-05-29 08:09:02]     Progress: 1020min elapsed...
[2026-05-29 08:14:02]     Progress: 1025min elapsed...
[2026-05-29 08:19:02]     Progress: 1030min elapsed...
[2026-05-29 08:24:02]     Progress: 1035min elapsed...
[2026-05-29 08:29:02]     Progress: 1040min elapsed...
[2026-05-29 08:34:03]     Progress: 1045min elapsed...
[2026-05-29 08:39:03]     Progress: 1050min elapsed...
[2026-05-29 08:44:03]     Progress: 1055min elapsed...
[2026-05-29 08:49:03]     Progress: 1060min elapsed...
[2026-05-29 08:54:03]     Progress: 1065min elapsed...
[2026-05-29 08:59:03]     Progress: 1070min elapsed...
[2026-05-29 09:04:03]     Progress: 1075min elapsed...
[2026-05-29 09:09:03]     Progress: 1080min elapsed...
[2026-05-29 09:14:03]     Progress: 1085min elapsed...
[2026-05-29 09:19:03]     Progress: 1090min elapsed...
[2026-05-29 09:24:03]     Progress: 1095min elapsed...
[2026-05-29 09:29:03]     Progress: 1100min elapsed...
[2026-05-29 09:34:03]     Progress: 1105min elapsed...
[2026-05-29 09:39:03]     Progress: 1110min elapsed...
[2026-05-29 09:44:03]     Progress: 1115min elapsed...
[2026-05-29 09:49:03]     Progress: 1120min elapsed...
[2026-05-29 09:54:03]     Progress: 1125min elapsed...
[2026-05-29 09:59:03]     Progress: 1130min elapsed...
[2026-05-29 10:04:03]     Progress: 1135min elapsed...
[2026-05-29 10:09:03]     Progress: 1140min elapsed...
[2026-05-29 10:14:03]     Progress: 1145min elapsed...
[2026-05-29 10:19:03]     Progress: 1150min elapsed...
[2026-05-29 10:24:03]     Progress: 1155min elapsed...
[2026-05-29 10:29:03]     Progress: 1160min elapsed...
[2026-05-29 10:34:04]     Progress: 1165min elapsed...
[2026-05-29 10:39:04]     Progress: 1170min elapsed...
[2026-05-29 10:44:04]     Progress: 1175min elapsed...
[2026-05-29 10:49:04]     Progress: 1180min elapsed...
[2026-05-29 10:54:04]     Progress: 1185min elapsed...
[2026-05-29 10:59:04]     Progress: 1190min elapsed...
[2026-05-29 11:04:04]     Progress: 1195min elapsed...
[2026-05-29 11:09:04]     Progress: 1200min elapsed...
[2026-05-29 11:14:04]     Progress: 1205min elapsed...
[2026-05-29 11:19:04]     Progress: 1210min elapsed...
[2026-05-29 11:24:04]     Progress: 1215min elapsed...
[2026-05-29 11:29:04]     Progress: 1220min elapsed...
[2026-05-29 11:34:04]     Progress: 1225min elapsed...
[2026-05-29 11:39:04]     Progress: 1230min elapsed...
[2026-05-29 11:44:04]     Progress: 1235min elapsed...
[2026-05-29 11:49:04]     Progress: 1240min elapsed...
[2026-05-29 11:54:04]     Progress: 1245min elapsed...
[2026-05-29 11:59:04]     Progress: 1250min elapsed...
[2026-05-29 12:04:04]     Progress: 1255min elapsed...
[2026-05-29 12:09:04]     Progress: 1260min elapsed...
[2026-05-29 12:14:04]     Progress: 1265min elapsed...
[2026-05-29 12:19:04]     Progress: 1270min elapsed...
[2026-05-29 12:24:04]     Progress: 1275min elapsed...
[2026-05-29 12:29:04]     Progress: 1280min elapsed...
[2026-05-29 12:34:05]     Progress: 1285min elapsed...
[2026-05-29 12:39:05]     Progress: 1290min elapsed...
[2026-05-29 12:44:05]     Progress: 1295min elapsed...
[2026-05-29 12:49:05]     Progress: 1300min elapsed...
[2026-05-29 12:54:05]     Progress: 1305min elapsed...
[2026-05-29 12:59:05]     Progress: 1310min elapsed...
[2026-05-29 13:04:05]     Progress: 1315min elapsed...
[2026-05-29 13:09:05]     Progress: 1320min elapsed...
[2026-05-29 13:14:05]     Progress: 1325min elapsed...
[2026-05-29 13:19:05]     Progress: 1330min elapsed...
[2026-05-29 13:24:05]     Progress: 1335min elapsed...
[2026-05-29 13:29:05]     Progress: 1340min elapsed...
[2026-05-29 13:34:05]     Progress: 1345min elapsed...
[2026-05-29 13:39:05]     Progress: 1350min elapsed...
[2026-05-29 13:44:05]     Progress: 1355min elapsed...
[2026-05-29 13:49:05]     Progress: 1360min elapsed...
[2026-05-29 13:54:05]     Progress: 1365min elapsed...
[2026-05-29 13:59:05]     Progress: 1370min elapsed...
[2026-05-29 14:04:05]     Progress: 1375min elapsed...
[2026-05-29 14:09:05]     Progress: 1380min elapsed...
[2026-05-29 14:14:05]     Progress: 1385min elapsed...
[2026-05-29 14:19:05]     Progress: 1390min elapsed...
[2026-05-29 14:24:05]     Progress: 1395min elapsed...
[2026-05-29 14:29:05]     Progress: 1400min elapsed...
[2026-05-29 14:34:06]     Progress: 1405min elapsed...
[2026-05-29 14:39:06]     Progress: 1410min elapsed...
[2026-05-29 14:44:06]     Progress: 1415min elapsed...
[2026-05-29 14:49:06]     Progress: 1420min elapsed...
[2026-05-29 14:54:06]     Progress: 1425min elapsed...
[2026-05-29 14:59:06]     Progress: 1430min elapsed...
[2026-05-29 15:04:06]     Progress: 1435min elapsed...
[2026-05-29 15:09:06]     Progress: 1440min elapsed...
[2026-05-29 15:14:06]     Progress: 1445min elapsed...
[2026-05-29 15:19:06]     Progress: 1450min elapsed...
[2026-05-29 15:24:06]     Progress: 1455min elapsed...
[2026-05-29 15:29:06]     Progress: 1460min elapsed...
[2026-05-29 15:34:06]     Progress: 1465min elapsed...
[2026-05-29 15:39:06]     Progress: 1470min elapsed...
[2026-05-29 15:44:06]     Progress: 1475min elapsed...
[2026-05-29 15:49:06]     Progress: 1480min elapsed...
[2026-05-29 15:54:06]     Progress: 1485min elapsed...
[2026-05-29 15:59:06]     Progress: 1490min elapsed...
[2026-05-29 16:04:06]     Progress: 1495min elapsed...
[2026-05-29 16:09:06]     Progress: 1500min elapsed...
[2026-05-29 16:14:06]     Progress: 1505min elapsed...
[2026-05-29 16:19:06]     Progress: 1510min elapsed...
[2026-05-29 16:24:06]     Progress: 1515min elapsed...
[2026-05-29 16:29:07]     Progress: 1520min elapsed...
[2026-05-29 16:34:07]     Progress: 1525min elapsed...
[2026-05-29 16:39:07]     Progress: 1530min elapsed...
[2026-05-29 16:44:07]     Progress: 1535min elapsed...
[2026-05-29 16:49:07]     Progress: 1540min elapsed...
[2026-05-29 16:54:07]     Progress: 1545min elapsed...
[2026-05-29 16:59:07]     Progress: 1550min elapsed...
[2026-05-29 17:04:07]     Progress: 1555min elapsed...
[2026-05-29 17:09:07]     Progress: 1560min elapsed...
[2026-05-29 17:14:07]     Progress: 1565min elapsed...
[2026-05-29 17:19:07]     Progress: 1570min elapsed...
[2026-05-29 17:24:07]     Progress: 1575min elapsed...
[2026-05-29 17:29:07]     Progress: 1580min elapsed...
[2026-05-29 17:34:07]     Progress: 1585min elapsed...
[2026-05-29 17:39:07]     Progress: 1590min elapsed...
[2026-05-29 17:44:07]     Progress: 1595min elapsed...
[2026-05-29 17:49:07]     Progress: 1600min elapsed...
[2026-05-29 17:54:07]     Progress: 1605min elapsed...
[2026-05-29 17:59:07]     Progress: 1610min elapsed...
[2026-05-29 18:04:07]     Progress: 1615min elapsed...
[2026-05-29 18:09:07]     Progress: 1620min elapsed...
[2026-05-29 18:14:07]     Progress: 1625min elapsed...
[2026-05-29 18:19:08]     Progress: 1630min elapsed...
[2026-05-29 18:24:08]     Progress: 1635min elapsed...
[2026-05-29 18:29:08]     Progress: 1640min elapsed...
[2026-05-29 18:34:08]     Progress: 1645min elapsed...
[2026-05-29 18:39:08]     Progress: 1650min elapsed...
[2026-05-29 18:44:08]     Progress: 1655min elapsed...
[2026-05-29 18:49:08]     Progress: 1660min elapsed...
[2026-05-29 18:54:08]     Progress: 1665min elapsed...
[2026-05-29 18:59:08]     Progress: 1670min elapsed...
[2026-05-29 19:04:08]     Progress: 1675min elapsed...
[2026-05-29 19:09:08]     Progress: 1680min elapsed...
[2026-05-29 19:14:08]     Progress: 1685min elapsed...
[2026-05-29 19:19:08]     Progress: 1690min elapsed...
[2026-05-29 19:24:08]     Progress: 1695min elapsed...
[2026-05-29 19:29:08]     Progress: 1700min elapsed...
[2026-05-29 19:34:08]     Progress: 1705min elapsed...
[2026-05-29 19:39:08]     Progress: 1710min elapsed...
[2026-05-29 19:44:08]     Progress: 1715min elapsed...
[2026-05-29 19:49:08]     Progress: 1720min elapsed...
[2026-05-29 19:54:08]     Progress: 1725min elapsed...
[2026-05-29 19:59:08]     Progress: 1730min elapsed...
[2026-05-29 20:04:08]     Progress: 1735min elapsed...
[2026-05-29 20:09:08]     Progress: 1740min elapsed...
[2026-05-29 20:14:08]     Progress: 1745min elapsed...
[2026-05-29 20:19:09]     Progress: 1750min elapsed...
[2026-05-29 20:24:09]     Progress: 1755min elapsed...
[2026-05-29 20:29:09]     Progress: 1760min elapsed...
[2026-05-29 20:34:09]     Progress: 1765min elapsed...
[2026-05-29 20:39:09]     Progress: 1770min elapsed...
[2026-05-29 20:44:09]     Progress: 1775min elapsed...
[2026-05-29 20:49:09]     Progress: 1780min elapsed...
[2026-05-29 20:54:09]     Progress: 1785min elapsed...
[2026-05-29 20:59:09]     Progress: 1790min elapsed...
[2026-05-29 21:04:09]     Progress: 1795min elapsed...
[2026-05-29 21:09:09]     Progress: 1800min elapsed...
[2026-05-29 21:14:09]     Progress: 1805min elapsed...
[2026-05-29 21:19:09]     Progress: 1810min elapsed...
[2026-05-29 21:24:09]     Progress: 1815min elapsed...
[2026-05-29 21:29:09]     Progress: 1820min elapsed...
[2026-05-29 21:34:09]     Progress: 1825min elapsed...
[2026-05-29 21:39:09]     Progress: 1830min elapsed...
[2026-05-29 21:44:09]     Progress: 1835min elapsed...
[2026-05-29 21:49:09]     Progress: 1840min elapsed...
[2026-05-29 21:54:09]     Progress: 1845min elapsed...
[2026-05-29 21:59:09]     Progress: 1850min elapsed...
[2026-05-29 22:04:09]     Progress: 1855min elapsed...
[2026-05-29 22:09:09]     Progress: 1860min elapsed...
[2026-05-29 22:14:10]     Progress: 1865min elapsed...
[2026-05-29 22:19:10]     Progress: 1870min elapsed...
[2026-05-29 22:24:10]     Progress: 1875min elapsed...
[2026-05-29 22:29:10]     Progress: 1880min elapsed...
[2026-05-29 22:34:10]     Progress: 1885min elapsed...
[2026-05-29 22:39:10]     Progress: 1890min elapsed...
[2026-05-29 22:44:10]     Progress: 1895min elapsed...
[2026-05-29 22:49:10]     Progress: 1900min elapsed...
[2026-05-29 22:54:10]     Progress: 1905min elapsed...
[2026-05-29 22:59:10]     Progress: 1910min elapsed...
[2026-05-29 23:04:10]     Progress: 1915min elapsed...
[2026-05-29 23:09:10]     Progress: 1920min elapsed...
[2026-05-29 23:14:10]     Progress: 1925min elapsed...
[2026-05-29 23:19:10]     Progress: 1930min elapsed...
[2026-05-29 23:24:10]     Progress: 1935min elapsed...
[2026-05-29 23:29:10]     Progress: 1940min elapsed...
[2026-05-29 23:34:10]     Progress: 1945min elapsed...
[2026-05-29 23:39:10]     Progress: 1950min elapsed...
[2026-05-29 23:44:10]     Progress: 1955min elapsed...
[2026-05-29 23:49:10]     Progress: 1960min elapsed...
[2026-05-29 23:54:10]     Progress: 1965min elapsed...
[2026-05-29 23:59:10]     Progress: 1970min elapsed...
[2026-05-30 00:04:11]     Progress: 1975min elapsed...
[2026-05-30 00:09:11]     Progress: 1980min elapsed...
[2026-05-30 00:14:11]     Progress: 1985min elapsed...
[2026-05-30 00:19:11]     Progress: 1990min elapsed...
[2026-05-30 00:24:11]     Progress: 1995min elapsed...
[2026-05-30 00:29:11]     Progress: 2000min elapsed...
[2026-05-30 00:34:11]     Progress: 2005min elapsed...
[2026-05-30 00:39:11]     Progress: 2010min elapsed...
[2026-05-30 00:44:11]     Progress: 2015min elapsed...
[2026-05-30 00:49:11]     Progress: 2020min elapsed...
[2026-05-30 00:54:11]     Progress: 2025min elapsed...
[2026-05-30 00:59:11]     Progress: 2030min elapsed...
[2026-05-30 01:04:11]     Progress: 2035min elapsed...
[2026-05-30 01:09:11]     Progress: 2040min elapsed...
[2026-05-30 01:14:11]     Progress: 2045min elapsed...
[2026-05-30 01:19:11]     Progress: 2050min elapsed...
[2026-05-30 01:24:11]     Progress: 2055min elapsed...
[2026-05-30 01:29:11]     Progress: 2060min elapsed...
[2026-05-30 01:34:11]     Progress: 2065min elapsed...
[2026-05-30 01:39:11]     Progress: 2070min elapsed...
[2026-05-30 01:44:11]     Progress: 2075min elapsed...
[2026-05-30 01:49:11]     Progress: 2080min elapsed...
[2026-05-30 01:54:12]     Progress: 2085min elapsed...
[2026-05-30 01:59:12]     Progress: 2090min elapsed...
[2026-05-30 02:04:12]     Progress: 2095min elapsed...
[2026-05-30 02:09:12]     Progress: 2100min elapsed...
[2026-05-30 02:14:12]     Progress: 2105min elapsed...
[2026-05-30 02:19:12]     Progress: 2110min elapsed...
[2026-05-30 02:24:12]     Progress: 2115min elapsed...
[2026-05-30 02:29:12]     Progress: 2120min elapsed...
[2026-05-30 02:34:12]     Progress: 2125min elapsed...
[2026-05-30 02:39:12]     Progress: 2130min elapsed...
[2026-05-30 02:44:12]     Progress: 2135min elapsed...
[2026-05-30 02:49:12]     Progress: 2140min elapsed...
[2026-05-30 02:54:12]     Progress: 2145min elapsed...
[2026-05-30 02:59:12]     Progress: 2150min elapsed...
[2026-05-30 03:04:12]     Progress: 2155min elapsed...
[2026-05-30 03:09:12]     Progress: 2160min elapsed...
[2026-05-30 03:14:12]     Progress: 2165min elapsed...
[2026-05-30 03:19:12]     Progress: 2170min elapsed...
[2026-05-30 03:24:12]     Progress: 2175min elapsed...
[2026-05-30 03:29:12]     Progress: 2180min elapsed...
[2026-05-30 03:34:12]     Progress: 2185min elapsed...
[2026-05-30 03:39:12]     Progress: 2190min elapsed...
[2026-05-30 03:44:12]     Progress: 2195min elapsed...
[2026-05-30 03:49:12]     Progress: 2200min elapsed...
[2026-05-30 03:54:13]     Progress: 2205min elapsed...
[2026-05-30 03:59:13]     Progress: 2210min elapsed...
[2026-05-30 04:04:13]     Progress: 2215min elapsed...
[2026-05-30 04:09:13]     Progress: 2220min elapsed...
[2026-05-30 04:14:13]     Progress: 2225min elapsed...
[2026-05-30 04:19:13]     Progress: 2230min elapsed...
[2026-05-30 04:24:13]     Progress: 2235min elapsed...
[2026-05-30 04:29:15]   COMPLETED in 2240m 22s
[2026-05-30 04:29:15]   Final validation score: N/A
phase3-fixed-s2
[2026-05-30 04:29:15] 
[2026-05-30 04:29:15] ======= MODE: rule =======
[2026-05-30 04:29:15] 
[2026-05-30 04:29:15] [4/12] Starting phase3-rule-s0...
[2026-05-30 04:29:15]   Mode: rule, Seed: 0, Epochs: 3
[INFO] Repo: /home/ai-server-02/R_projects/final_thesis/simpleRL-reason
[INFO] Container: phase3-rule-s0
[INFO] Run dir: /ckpts/simplelr_grpo_qwen05_ctx1024_adaptive/phase3_rule_s0
[INFO] Run base dir: /ckpts/simplelr_grpo_qwen05_ctx1024_adaptive
[INFO] mode: rule
[INFO] fixed_beta: 0.001
[INFO] Epochs: 3
[INFO] Prompt/Response: 1024/1024
[INFO] max_num_batched_tokens: 4096
[INFO] rollout_n: 4
[INFO] rollout_gpu_memory_util: 0.5
[INFO] rollout_max_num_seqs: 32
[INFO] save_freq: 2000
[INFO] resume_mode: never
[INFO] adaptive_kl_enable: true
[INFO] adaptive_kl_mode: rule
[INFO] restart_policy: no
800c3b71c5ea2c04fe2004a994cf747bb9e15b36be9a1c7616292e628e6223a0
[OK] Started phase3-rule-s0
[OK] Follow logs: docker logs -f phase3-rule-s0
[OK] Checkpoints: docker run --rm -v simplerl_ckpts:/ckpts simple-rl:ngc-vllm bash -lc 'ls -lah /ckpts/simplelr_grpo_qwen05_ctx1024_adaptive/phase3_rule_s0'
[WARN] Telegram monitoring disabled (TELEGRAM_BOT_TOKEN or TELEGRAM_CHAT_ID not set)
[2026-05-30 04:29:16]   Waiting for phase3-rule-s0 to complete...
[2026-05-30 04:29:16]     Progress: 0min elapsed...
[2026-05-30 04:34:16]     Progress: 5min elapsed...
[2026-05-30 04:39:16]     Progress: 10min elapsed...
[2026-05-30 04:44:16]     Progress: 15min elapsed...
[2026-05-30 04:49:16]     Progress: 20min elapsed...
[2026-05-30 04:54:16]     Progress: 25min elapsed...
[2026-05-30 04:59:16]     Progress: 30min elapsed...
[2026-05-30 05:04:16]     Progress: 35min elapsed...
[2026-05-30 05:09:16]     Progress: 40min elapsed...
[2026-05-30 05:14:16]     Progress: 45min elapsed...
[2026-05-30 05:19:16]     Progress: 50min elapsed...
[2026-05-30 05:24:16]     Progress: 55min elapsed...
[2026-05-30 05:29:16]     Progress: 60min elapsed...
[2026-05-30 05:34:16]     Progress: 65min elapsed...
[2026-05-30 05:39:16]     Progress: 70min elapsed...
[2026-05-30 05:44:16]     Progress: 75min elapsed...
[2026-05-30 05:49:16]     Progress: 80min elapsed...
[2026-05-30 05:54:16]     Progress: 85min elapsed...
[2026-05-30 05:59:16]     Progress: 90min elapsed...
[2026-05-30 06:04:17]     Progress: 95min elapsed...
[2026-05-30 06:09:17]     Progress: 100min elapsed...
[2026-05-30 06:14:17]     Progress: 105min elapsed...
[2026-05-30 06:19:17]     Progress: 110min elapsed...
[2026-05-30 06:24:17]     Progress: 115min elapsed...
[2026-05-30 06:29:17]     Progress: 120min elapsed...
[2026-05-30 06:34:17]     Progress: 125min elapsed...
[2026-05-30 06:39:17]     Progress: 130min elapsed...
[2026-05-30 06:44:17]     Progress: 135min elapsed...
[2026-05-30 06:49:17]     Progress: 140min elapsed...
[2026-05-30 06:54:17]     Progress: 145min elapsed...
[2026-05-30 06:59:17]     Progress: 150min elapsed...
[2026-05-30 07:04:17]     Progress: 155min elapsed...
[2026-05-30 07:09:17]     Progress: 160min elapsed...
[2026-05-30 07:14:17]     Progress: 165min elapsed...
[2026-05-30 07:19:17]     Progress: 170min elapsed...
[2026-05-30 07:24:17]     Progress: 175min elapsed...
[2026-05-30 07:29:17]     Progress: 180min elapsed...
[2026-05-30 07:34:17]     Progress: 185min elapsed...
[2026-05-30 07:39:17]     Progress: 190min elapsed...
[2026-05-30 07:44:17]     Progress: 195min elapsed...
[2026-05-30 07:49:17]     Progress: 200min elapsed...
[2026-05-30 07:54:17]     Progress: 205min elapsed...
[2026-05-30 07:59:18]     Progress: 210min elapsed...
[2026-05-30 08:04:18]     Progress: 215min elapsed...
[2026-05-30 08:09:18]     Progress: 220min elapsed...
[2026-05-30 08:14:18]     Progress: 225min elapsed...
[2026-05-30 08:19:18]     Progress: 230min elapsed...
[2026-05-30 08:24:18]     Progress: 235min elapsed...
[2026-05-30 08:29:18]     Progress: 240min elapsed...
[2026-05-30 08:34:18]     Progress: 245min elapsed...
[2026-05-30 08:39:18]     Progress: 250min elapsed...
[2026-05-30 08:44:18]     Progress: 255min elapsed...
[2026-05-30 08:49:18]     Progress: 260min elapsed...
[2026-05-30 08:54:18]     Progress: 265min elapsed...
[2026-05-30 08:59:18]     Progress: 270min elapsed...
[2026-05-30 09:04:18]     Progress: 275min elapsed...
[2026-05-30 09:09:18]     Progress: 280min elapsed...
[2026-05-30 09:14:18]     Progress: 285min elapsed...
[2026-05-30 09:19:18]     Progress: 290min elapsed...
[2026-05-30 09:24:18]     Progress: 295min elapsed...
[2026-05-30 09:29:18]     Progress: 300min elapsed...
[2026-05-30 09:34:18]     Progress: 305min elapsed...
[2026-05-30 09:39:18]     Progress: 310min elapsed...
[2026-05-30 09:44:18]     Progress: 315min elapsed...
[2026-05-30 09:49:18]     Progress: 320min elapsed...
[2026-05-30 09:54:18]     Progress: 325min elapsed...
[2026-05-30 09:59:19]     Progress: 330min elapsed...
[2026-05-30 10:04:19]     Progress: 335min elapsed...
[2026-05-30 10:09:19]     Progress: 340min elapsed...
[2026-05-30 10:14:19]     Progress: 345min elapsed...
[2026-05-30 10:19:19]     Progress: 350min elapsed...
[2026-05-30 10:24:19]     Progress: 355min elapsed...
[2026-05-30 10:29:19]     Progress: 360min elapsed...
[2026-05-30 10:34:19]     Progress: 365min elapsed...
[2026-05-30 10:39:19]     Progress: 370min elapsed...
[2026-05-30 10:44:19]     Progress: 375min elapsed...
[2026-05-30 10:49:19]     Progress: 380min elapsed...
[2026-05-30 10:54:19]     Progress: 385min elapsed...
[2026-05-30 10:59:19]     Progress: 390min elapsed...
[2026-05-30 11:04:19]     Progress: 395min elapsed...
[2026-05-30 11:09:19]     Progress: 400min elapsed...
[2026-05-30 11:14:19]     Progress: 405min elapsed...
[2026-05-30 11:19:19]     Progress: 410min elapsed...
[2026-05-30 11:24:19]     Progress: 415min elapsed...
[2026-05-30 11:29:19]     Progress: 420min elapsed...
[2026-05-30 11:34:19]     Progress: 425min elapsed...
[2026-05-30 11:39:19]     Progress: 430min elapsed...
[2026-05-30 11:44:19]     Progress: 435min elapsed...
[2026-05-30 11:49:19]     Progress: 440min elapsed...
[2026-05-30 11:54:20]     Progress: 445min elapsed...
[2026-05-30 11:59:20]     Progress: 450min elapsed...
[2026-05-30 12:04:20]     Progress: 455min elapsed...
[2026-05-30 12:09:20]     Progress: 460min elapsed...
[2026-05-30 12:14:20]     Progress: 465min elapsed...
[2026-05-30 12:19:20]     Progress: 470min elapsed...
[2026-05-30 12:24:20]     Progress: 475min elapsed...
[2026-05-30 12:29:20]     Progress: 480min elapsed...
[2026-05-30 12:34:20]     Progress: 485min elapsed...
[2026-05-30 12:39:20]     Progress: 490min elapsed...
[2026-05-30 12:44:20]     Progress: 495min elapsed...
[2026-05-30 12:49:20]     Progress: 500min elapsed...
[2026-05-30 12:54:20]     Progress: 505min elapsed...
[2026-05-30 12:59:20]     Progress: 510min elapsed...
[2026-05-30 13:04:20]     Progress: 515min elapsed...
[2026-05-30 13:09:20]     Progress: 520min elapsed...
[2026-05-30 13:14:20]     Progress: 525min elapsed...
[2026-05-30 13:19:20]     Progress: 530min elapsed...
[2026-05-30 13:24:20]     Progress: 535min elapsed...
[2026-05-30 13:29:20]     Progress: 540min elapsed...
[2026-05-30 13:34:20]     Progress: 545min elapsed...
[2026-05-30 13:39:20]     Progress: 550min elapsed...
[2026-05-30 13:44:20]     Progress: 555min elapsed...
[2026-05-30 13:49:20]     Progress: 560min elapsed...
[2026-05-30 13:54:21]     Progress: 565min elapsed...
[2026-05-30 13:59:21]     Progress: 570min elapsed...
[2026-05-30 14:04:21]     Progress: 575min elapsed...
[2026-05-30 14:09:21]     Progress: 580min elapsed...
[2026-05-30 14:14:21]     Progress: 585min elapsed...
[2026-05-30 14:19:21]     Progress: 590min elapsed...
[2026-05-30 14:24:21]     Progress: 595min elapsed...
[2026-05-30 14:29:21]     Progress: 600min elapsed...
[2026-05-30 14:34:21]     Progress: 605min elapsed...
[2026-05-30 14:39:21]     Progress: 610min elapsed...
[2026-05-30 14:44:21]     Progress: 615min elapsed...
[2026-05-30 14:49:21]     Progress: 620min elapsed...
[2026-05-30 14:54:21]     Progress: 625min elapsed...
[2026-05-30 14:59:21]     Progress: 630min elapsed...
[2026-05-30 15:04:21]     Progress: 635min elapsed...
[2026-05-30 15:09:21]     Progress: 640min elapsed...
[2026-05-30 15:14:21]     Progress: 645min elapsed...
[2026-05-30 15:19:21]     Progress: 650min elapsed...
[2026-05-30 15:24:21]     Progress: 655min elapsed...
[2026-05-30 15:29:21]     Progress: 660min elapsed...
[2026-05-30 15:34:21]     Progress: 665min elapsed...
[2026-05-30 15:39:21]     Progress: 670min elapsed...
[2026-05-30 15:44:21]     Progress: 675min elapsed...
[2026-05-30 15:49:22]     Progress: 680min elapsed...
[2026-05-30 15:54:22]     Progress: 685min elapsed...
[2026-05-30 15:59:22]     Progress: 690min elapsed...
[2026-05-30 16:04:22]     Progress: 695min elapsed...
[2026-05-30 16:09:22]     Progress: 700min elapsed...
[2026-05-30 16:14:22]     Progress: 705min elapsed...
[2026-05-30 16:19:22]     Progress: 710min elapsed...
[2026-05-30 16:24:22]     Progress: 715min elapsed...
[2026-05-30 16:29:22]     Progress: 720min elapsed...
[2026-05-30 16:34:22]     Progress: 725min elapsed...
[2026-05-30 16:39:22]     Progress: 730min elapsed...
[2026-05-30 16:44:22]     Progress: 735min elapsed...
[2026-05-30 16:49:22]     Progress: 740min elapsed...
[2026-05-30 16:54:22]     Progress: 745min elapsed...
[2026-05-30 16:59:22]     Progress: 750min elapsed...
[2026-05-30 17:04:22]     Progress: 755min elapsed...
[2026-05-30 17:09:22]     Progress: 760min elapsed...
[2026-05-30 17:14:22]     Progress: 765min elapsed...
[2026-05-30 17:19:22]     Progress: 770min elapsed...
[2026-05-30 17:24:22]     Progress: 775min elapsed...
[2026-05-30 17:29:22]     Progress: 780min elapsed...
[2026-05-30 17:34:22]     Progress: 785min elapsed...
[2026-05-30 17:39:22]     Progress: 790min elapsed...
[2026-05-30 17:44:22]     Progress: 795min elapsed...
[2026-05-30 17:49:23]     Progress: 800min elapsed...
[2026-05-30 17:54:23]     Progress: 805min elapsed...
[2026-05-30 17:59:23]     Progress: 810min elapsed...
[2026-05-30 18:04:23]     Progress: 815min elapsed...
[2026-05-30 18:09:23]     Progress: 820min elapsed...
[2026-05-30 18:14:23]     Progress: 825min elapsed...
[2026-05-30 18:19:23]     Progress: 830min elapsed...
[2026-05-30 18:24:23]     Progress: 835min elapsed...
[2026-05-30 18:29:23]     Progress: 840min elapsed...
[2026-05-30 18:34:23]     Progress: 845min elapsed...
[2026-05-30 18:39:23]     Progress: 850min elapsed...
[2026-05-30 18:44:23]     Progress: 855min elapsed...
[2026-05-30 18:49:23]     Progress: 860min elapsed...
[2026-05-30 18:54:23]     Progress: 865min elapsed...
[2026-05-30 18:59:23]     Progress: 870min elapsed...
[2026-05-30 19:04:23]     Progress: 875min elapsed...
[2026-05-30 19:09:23]     Progress: 880min elapsed...
[2026-05-30 19:14:23]     Progress: 885min elapsed...
[2026-05-30 19:19:23]     Progress: 890min elapsed...
[2026-05-30 19:24:23]     Progress: 895min elapsed...
[2026-05-30 19:29:23]     Progress: 900min elapsed...
[2026-05-30 19:34:23]     Progress: 905min elapsed...
[2026-05-30 19:39:23]     Progress: 910min elapsed...
[2026-05-30 19:44:24]     Progress: 915min elapsed...
[2026-05-30 19:49:24]     Progress: 920min elapsed...
[2026-05-30 19:54:24]     Progress: 925min elapsed...
[2026-05-30 19:59:24]     Progress: 930min elapsed...
[2026-05-30 20:04:24]     Progress: 935min elapsed...
[2026-05-30 20:09:24]     Progress: 940min elapsed...
[2026-05-30 20:14:24]     Progress: 945min elapsed...
[2026-05-30 20:19:24]     Progress: 950min elapsed...
[2026-05-30 20:24:24]     Progress: 955min elapsed...
[2026-05-30 20:29:24]     Progress: 960min elapsed...
[2026-05-30 20:34:24]     Progress: 965min elapsed...
[2026-05-30 20:39:24]     Progress: 970min elapsed...
[2026-05-30 20:44:24]     Progress: 975min elapsed...
[2026-05-30 20:49:24]     Progress: 980min elapsed...
[2026-05-30 20:54:24]     Progress: 985min elapsed...
[2026-05-30 20:59:24]     Progress: 990min elapsed...
[2026-05-30 21:04:24]     Progress: 995min elapsed...
[2026-05-30 21:09:24]     Progress: 1000min elapsed...
[2026-05-30 21:14:24]     Progress: 1005min elapsed...
[2026-05-30 21:19:24]     Progress: 1010min elapsed...
[2026-05-30 21:24:25]     Progress: 1015min elapsed...
[2026-05-30 21:29:25]     Progress: 1020min elapsed...
[2026-05-30 21:34:25]     Progress: 1025min elapsed...
[2026-05-30 21:39:25]     Progress: 1030min elapsed...
[2026-05-30 21:44:25]     Progress: 1035min elapsed...
[2026-05-30 21:49:25]     Progress: 1040min elapsed...
[2026-05-30 21:54:25]     Progress: 1045min elapsed...
[2026-05-30 21:59:25]     Progress: 1050min elapsed...
[2026-05-30 22:04:25]     Progress: 1055min elapsed...
[2026-05-30 22:09:25]     Progress: 1060min elapsed...
[2026-05-30 22:14:25]     Progress: 1065min elapsed...
[2026-05-30 22:19:25]     Progress: 1070min elapsed...
[2026-05-30 22:24:25]     Progress: 1075min elapsed...
[2026-05-30 22:29:25]     Progress: 1080min elapsed...
[2026-05-30 22:34:25]     Progress: 1085min elapsed...
[2026-05-30 22:39:25]     Progress: 1090min elapsed...
[2026-05-30 22:44:25]     Progress: 1095min elapsed...
[2026-05-30 22:49:25]     Progress: 1100min elapsed...
[2026-05-30 22:54:25]     Progress: 1105min elapsed...
[2026-05-30 22:59:25]     Progress: 1110min elapsed...
[2026-05-30 23:04:25]     Progress: 1115min elapsed...
[2026-05-30 23:09:25]     Progress: 1120min elapsed...
[2026-05-30 23:14:25]     Progress: 1125min elapsed...
[2026-05-30 23:19:26]     Progress: 1130min elapsed...
[2026-05-30 23:24:26]     Progress: 1135min elapsed...
[2026-05-30 23:29:26]     Progress: 1140min elapsed...
[2026-05-30 23:34:26]     Progress: 1145min elapsed...
[2026-05-30 23:39:26]     Progress: 1150min elapsed...
[2026-05-30 23:44:26]     Progress: 1155min elapsed...
[2026-05-30 23:49:26]     Progress: 1160min elapsed...
[2026-05-30 23:54:26]     Progress: 1165min elapsed...
[2026-05-30 23:59:26]     Progress: 1170min elapsed...
[2026-05-31 00:04:26]     Progress: 1175min elapsed...
[2026-05-31 00:09:26]     Progress: 1180min elapsed...
[2026-05-31 00:14:26]     Progress: 1185min elapsed...
[2026-05-31 00:19:26]     Progress: 1190min elapsed...
[2026-05-31 00:24:26]     Progress: 1195min elapsed...
[2026-05-31 00:29:26]     Progress: 1200min elapsed...
[2026-05-31 00:34:26]     Progress: 1205min elapsed...
[2026-05-31 00:39:26]     Progress: 1210min elapsed...
[2026-05-31 00:44:26]     Progress: 1215min elapsed...
[2026-05-31 00:49:26]     Progress: 1220min elapsed...
[2026-05-31 00:54:26]     Progress: 1225min elapsed...
[2026-05-31 00:59:26]     Progress: 1230min elapsed...
[2026-05-31 01:04:26]     Progress: 1235min elapsed...
[2026-05-31 01:09:26]     Progress: 1240min elapsed...
[2026-05-31 01:14:27]     Progress: 1245min elapsed...
[2026-05-31 01:19:27]     Progress: 1250min elapsed...
[2026-05-31 01:24:27]     Progress: 1255min elapsed...
[2026-05-31 01:29:27]     Progress: 1260min elapsed...
[2026-05-31 01:34:27]     Progress: 1265min elapsed...
[2026-05-31 01:39:27]     Progress: 1270min elapsed...
[2026-05-31 01:44:27]     Progress: 1275min elapsed...
[2026-05-31 01:49:27]     Progress: 1280min elapsed...
[2026-05-31 01:54:27]     Progress: 1285min elapsed...
[2026-05-31 01:59:27]     Progress: 1290min elapsed...
[2026-05-31 02:04:27]     Progress: 1295min elapsed...
[2026-05-31 02:09:27]     Progress: 1300min elapsed...
[2026-05-31 02:14:27]     Progress: 1305min elapsed...
[2026-05-31 02:19:27]     Progress: 1310min elapsed...
[2026-05-31 02:24:27]     Progress: 1315min elapsed...
[2026-05-31 02:29:27]     Progress: 1320min elapsed...
[2026-05-31 02:34:27]     Progress: 1325min elapsed...
[2026-05-31 02:39:27]     Progress: 1330min elapsed...
[2026-05-31 02:44:27]     Progress: 1335min elapsed...
[2026-05-31 02:49:27]     Progress: 1340min elapsed...
[2026-05-31 02:54:27]     Progress: 1345min elapsed...
[2026-05-31 02:59:27]     Progress: 1350min elapsed...
[2026-05-31 03:04:27]     Progress: 1355min elapsed...
[2026-05-31 03:09:27]     Progress: 1360min elapsed...
[2026-05-31 03:14:28]     Progress: 1365min elapsed...
[2026-05-31 03:19:28]     Progress: 1370min elapsed...
[2026-05-31 03:24:28]     Progress: 1375min elapsed...
[2026-05-31 03:29:28]     Progress: 1380min elapsed...
[2026-05-31 03:34:28]     Progress: 1385min elapsed...
[2026-05-31 03:39:28]     Progress: 1390min elapsed...
[2026-05-31 03:44:28]     Progress: 1395min elapsed...
[2026-05-31 03:49:28]     Progress: 1400min elapsed...
[2026-05-31 03:54:28]     Progress: 1405min elapsed...
[2026-05-31 03:59:28]     Progress: 1410min elapsed...
[2026-05-31 04:04:28]     Progress: 1415min elapsed...
[2026-05-31 04:09:28]     Progress: 1420min elapsed...
[2026-05-31 04:14:28]     Progress: 1425min elapsed...
[2026-05-31 04:19:28]     Progress: 1430min elapsed...
[2026-05-31 04:24:28]     Progress: 1435min elapsed...
[2026-05-31 04:29:28]     Progress: 1440min elapsed...
[2026-05-31 04:34:28]     Progress: 1445min elapsed...
[2026-05-31 04:39:28]     Progress: 1450min elapsed...
[2026-05-31 04:44:28]     Progress: 1455min elapsed...
[2026-05-31 04:49:28]     Progress: 1460min elapsed...
[2026-05-31 04:54:28]     Progress: 1465min elapsed...
[2026-05-31 04:59:28]     Progress: 1470min elapsed...
[2026-05-31 05:04:28]     Progress: 1475min elapsed...
[2026-05-31 05:09:29]     Progress: 1480min elapsed...
[2026-05-31 05:14:29]     Progress: 1485min elapsed...
[2026-05-31 05:19:29]     Progress: 1490min elapsed...
[2026-05-31 05:24:29]     Progress: 1495min elapsed...
[2026-05-31 05:29:29]     Progress: 1500min elapsed...
[2026-05-31 05:34:29]     Progress: 1505min elapsed...
[2026-05-31 05:39:29]     Progress: 1510min elapsed...
[2026-05-31 05:44:29]     Progress: 1515min elapsed...
[2026-05-31 05:49:29]     Progress: 1520min elapsed...
[2026-05-31 05:54:29]     Progress: 1525min elapsed...
[2026-05-31 05:59:29]     Progress: 1530min elapsed...
[2026-05-31 06:04:29]     Progress: 1535min elapsed...
[2026-05-31 06:09:29]     Progress: 1540min elapsed...
[2026-05-31 06:14:29]     Progress: 1545min elapsed...
[2026-05-31 06:19:29]     Progress: 1550min elapsed...
[2026-05-31 06:24:29]     Progress: 1555min elapsed...
[2026-05-31 06:29:29]     Progress: 1560min elapsed...
[2026-05-31 06:34:29]     Progress: 1565min elapsed...
[2026-05-31 06:39:29]     Progress: 1570min elapsed...
[2026-05-31 06:44:29]     Progress: 1575min elapsed...
[2026-05-31 06:49:29]     Progress: 1580min elapsed...
[2026-05-31 06:54:29]     Progress: 1585min elapsed...
[2026-05-31 06:59:29]     Progress: 1590min elapsed...
[2026-05-31 07:04:29]     Progress: 1595min elapsed...
[2026-05-31 07:09:30]     Progress: 1600min elapsed...
[2026-05-31 07:14:30]     Progress: 1605min elapsed...
[2026-05-31 07:19:30]     Progress: 1610min elapsed...
[2026-05-31 07:24:30]     Progress: 1615min elapsed...
[2026-05-31 07:29:30]     Progress: 1620min elapsed...
[2026-05-31 07:34:30]     Progress: 1625min elapsed...
[2026-05-31 07:39:30]     Progress: 1630min elapsed...
[2026-05-31 07:44:30]     Progress: 1635min elapsed...
[2026-05-31 07:49:30]     Progress: 1640min elapsed...
[2026-05-31 07:54:30]     Progress: 1645min elapsed...
[2026-05-31 07:59:30]     Progress: 1650min elapsed...
[2026-05-31 08:04:30]     Progress: 1655min elapsed...
[2026-05-31 08:09:30]     Progress: 1660min elapsed...
[2026-05-31 08:14:30]     Progress: 1665min elapsed...
[2026-05-31 08:19:30]     Progress: 1670min elapsed...
[2026-05-31 08:24:30]     Progress: 1675min elapsed...
[2026-05-31 08:29:30]     Progress: 1680min elapsed...
[2026-05-31 08:34:30]     Progress: 1685min elapsed...
[2026-05-31 08:39:30]     Progress: 1690min elapsed...
[2026-05-31 08:44:30]     Progress: 1695min elapsed...
[2026-05-31 08:49:30]     Progress: 1700min elapsed...
[2026-05-31 08:54:30]     Progress: 1705min elapsed...
[2026-05-31 08:59:30]     Progress: 1710min elapsed...
[2026-05-31 09:04:31]     Progress: 1715min elapsed...
[2026-05-31 09:09:31]     Progress: 1720min elapsed...
[2026-05-31 09:14:31]     Progress: 1725min elapsed...
[2026-05-31 09:19:31]     Progress: 1730min elapsed...
[2026-05-31 09:24:31]     Progress: 1735min elapsed...
[2026-05-31 09:29:31]     Progress: 1740min elapsed...
[2026-05-31 09:34:31]     Progress: 1745min elapsed...
[2026-05-31 09:39:31]     Progress: 1750min elapsed...
[2026-05-31 09:44:31]     Progress: 1755min elapsed...
[2026-05-31 09:49:31]     Progress: 1760min elapsed...
[2026-05-31 09:54:31]     Progress: 1765min elapsed...
[2026-05-31 09:59:31]     Progress: 1770min elapsed...
[2026-05-31 10:04:31]     Progress: 1775min elapsed...
[2026-05-31 10:09:31]     Progress: 1780min elapsed...
[2026-05-31 10:14:31]     Progress: 1785min elapsed...
[2026-05-31 10:19:31]     Progress: 1790min elapsed...
[2026-05-31 10:24:31]     Progress: 1795min elapsed...
[2026-05-31 10:29:31]     Progress: 1800min elapsed...
[2026-05-31 10:34:31]     Progress: 1805min elapsed...
[2026-05-31 10:39:31]     Progress: 1810min elapsed...
[2026-05-31 10:44:31]     Progress: 1815min elapsed...
[2026-05-31 10:49:31]     Progress: 1820min elapsed...
[2026-05-31 10:54:31]     Progress: 1825min elapsed...
[2026-05-31 10:59:31]     Progress: 1830min elapsed...
[2026-05-31 11:04:32]     Progress: 1835min elapsed...
[2026-05-31 11:09:32]     Progress: 1840min elapsed...
[2026-05-31 11:14:32]     Progress: 1845min elapsed...
[2026-05-31 11:19:32]     Progress: 1850min elapsed...
[2026-05-31 11:24:32]     Progress: 1855min elapsed...
[2026-05-31 11:29:32]     Progress: 1860min elapsed...
[2026-05-31 11:34:32]     Progress: 1865min elapsed...
[2026-05-31 11:39:32]     Progress: 1870min elapsed...
[2026-05-31 11:44:32]     Progress: 1875min elapsed...
[2026-05-31 11:49:32]     Progress: 1880min elapsed...
[2026-05-31 11:54:32]     Progress: 1885min elapsed...
[2026-05-31 11:59:32]     Progress: 1890min elapsed...
[2026-05-31 12:04:32]     Progress: 1895min elapsed...
[2026-05-31 12:09:32]     Progress: 1900min elapsed...
[2026-05-31 12:14:32]     Progress: 1905min elapsed...
[2026-05-31 12:19:32]     Progress: 1910min elapsed...
[2026-05-31 12:24:32]     Progress: 1915min elapsed...
[2026-05-31 12:29:32]     Progress: 1920min elapsed...
[2026-05-31 12:34:32]     Progress: 1925min elapsed...
[2026-05-31 12:39:32]     Progress: 1930min elapsed...
[2026-05-31 12:44:32]     Progress: 1935min elapsed...
[2026-05-31 12:49:32]     Progress: 1940min elapsed...
[2026-05-31 12:54:32]     Progress: 1945min elapsed...
[2026-05-31 12:59:33]     Progress: 1950min elapsed...
[2026-05-31 13:04:33]     Progress: 1955min elapsed...
[2026-05-31 13:09:33]     Progress: 1960min elapsed...
[2026-05-31 13:14:33]     Progress: 1965min elapsed...
[2026-05-31 13:19:33]     Progress: 1970min elapsed...
[2026-05-31 13:24:33]     Progress: 1975min elapsed...
[2026-05-31 13:29:33]     Progress: 1980min elapsed...
[2026-05-31 13:34:33]     Progress: 1985min elapsed...
[2026-05-31 13:39:33]     Progress: 1990min elapsed...
[2026-05-31 13:44:33]     Progress: 1995min elapsed...
[2026-05-31 13:49:33]     Progress: 2000min elapsed...
[2026-05-31 13:54:33]     Progress: 2005min elapsed...
[2026-05-31 13:59:33]     Progress: 2010min elapsed...
[2026-05-31 14:04:33]     Progress: 2015min elapsed...
[2026-05-31 14:09:33]     Progress: 2020min elapsed...
[2026-05-31 14:14:33]     Progress: 2025min elapsed...
[2026-05-31 14:19:33]     Progress: 2030min elapsed...
[2026-05-31 14:24:33]     Progress: 2035min elapsed...
[2026-05-31 14:29:33]     Progress: 2040min elapsed...
[2026-05-31 14:34:33]     Progress: 2045min elapsed...
[2026-05-31 14:39:33]     Progress: 2050min elapsed...
[2026-05-31 14:44:33]     Progress: 2055min elapsed...
[2026-05-31 14:49:34]     Progress: 2060min elapsed...
[2026-05-31 14:54:34]     Progress: 2065min elapsed...
[2026-05-31 14:59:34]     Progress: 2070min elapsed...
[2026-05-31 15:04:34]     Progress: 2075min elapsed...
[2026-05-31 15:09:34]     Progress: 2080min elapsed...
[2026-05-31 15:14:34]     Progress: 2085min elapsed...
[2026-05-31 15:19:34]     Progress: 2090min elapsed...
[2026-05-31 15:24:34]     Progress: 2095min elapsed...
[2026-05-31 15:29:34]     Progress: 2100min elapsed...
[2026-05-31 15:34:34]     Progress: 2105min elapsed...
[2026-05-31 15:39:34]     Progress: 2110min elapsed...
[2026-05-31 15:44:34]     Progress: 2115min elapsed...
[2026-05-31 15:49:34]     Progress: 2120min elapsed...
[2026-05-31 15:54:34]     Progress: 2125min elapsed...
[2026-05-31 15:59:36]   COMPLETED in 2130m 21s
[2026-05-31 15:59:36]   Final validation score: N/A
phase3-rule-s0
[2026-05-31 15:59:36] 
[2026-05-31 15:59:36] 
[2026-05-31 15:59:36] [5/12] Starting phase3-rule-s1...
[2026-05-31 15:59:36]   Mode: rule, Seed: 1, Epochs: 3
[INFO] Repo: /home/ai-server-02/R_projects/final_thesis/simpleRL-reason
[INFO] Container: phase3-rule-s1
[INFO] Run dir: /ckpts/simplelr_grpo_qwen05_ctx1024_adaptive/phase3_rule_s1
[INFO] Run base dir: /ckpts/simplelr_grpo_qwen05_ctx1024_adaptive
[INFO] mode: rule
[INFO] fixed_beta: 0.001
[INFO] Epochs: 3
[INFO] Prompt/Response: 1024/1024
[INFO] max_num_batched_tokens: 4096
[INFO] rollout_n: 4
[INFO] rollout_gpu_memory_util: 0.5
[INFO] rollout_max_num_seqs: 32
[INFO] save_freq: 2000
[INFO] resume_mode: never
[INFO] adaptive_kl_enable: true
[INFO] adaptive_kl_mode: rule
[INFO] restart_policy: no
f7c7564d06f57818b97283eba83ebc20d628695ce3899cf0a9e12886bb64cbce
[OK] Started phase3-rule-s1
[OK] Follow logs: docker logs -f phase3-rule-s1
[OK] Checkpoints: docker run --rm -v simplerl_ckpts:/ckpts simple-rl:ngc-vllm bash -lc 'ls -lah /ckpts/simplelr_grpo_qwen05_ctx1024_adaptive/phase3_rule_s1'
[WARN] Telegram monitoring disabled (TELEGRAM_BOT_TOKEN or TELEGRAM_CHAT_ID not set)
[2026-05-31 15:59:37]   Waiting for phase3-rule-s1 to complete...
[2026-05-31 15:59:37]     Progress: 0min elapsed...
[2026-05-31 16:04:37]   COMPLETED in 5m 1s
[2026-05-31 16:04:37]   Final validation score: N/A
phase3-rule-s1
[2026-05-31 16:04:37] 
[2026-05-31 16:04:37] 
[2026-05-31 16:04:37] [6/12] Starting phase3-rule-s2...
[2026-05-31 16:04:37]   Mode: rule, Seed: 2, Epochs: 3
[INFO] Repo: /home/ai-server-02/R_projects/final_thesis/simpleRL-reason
[INFO] Container: phase3-rule-s2
[INFO] Run dir: /ckpts/simplelr_grpo_qwen05_ctx1024_adaptive/phase3_rule_s2
[INFO] Run base dir: /ckpts/simplelr_grpo_qwen05_ctx1024_adaptive
[INFO] mode: rule
[INFO] fixed_beta: 0.001
[INFO] Epochs: 3
[INFO] Prompt/Response: 1024/1024
[INFO] max_num_batched_tokens: 4096
[INFO] rollout_n: 4
[INFO] rollout_gpu_memory_util: 0.5
[INFO] rollout_max_num_seqs: 32
[INFO] save_freq: 2000
[INFO] resume_mode: never
[INFO] adaptive_kl_enable: true
[INFO] adaptive_kl_mode: rule
[INFO] restart_policy: no
34aa1cdb6074006a447215e475b03bfacbb0b5bd2786059c336ee560f74db295
[OK] Started phase3-rule-s2
[OK] Follow logs: docker logs -f phase3-rule-s2
[OK] Checkpoints: docker run --rm -v simplerl_ckpts:/ckpts simple-rl:ngc-vllm bash -lc 'ls -lah /ckpts/simplelr_grpo_qwen05_ctx1024_adaptive/phase3_rule_s2'
[WARN] Telegram monitoring disabled (TELEGRAM_BOT_TOKEN or TELEGRAM_CHAT_ID not set)
[2026-05-31 16:04:37]   Waiting for phase3-rule-s2 to complete...
[2026-05-31 16:04:37]     Progress: 0min elapsed...
[2026-05-31 16:09:37]   COMPLETED in 5m 0s
[2026-05-31 16:09:37]   Final validation score: N/A
phase3-rule-s2
[2026-05-31 16:09:37] 
[2026-05-31 16:09:37] ======= MODE: mlp =======
[2026-05-31 16:09:37] 
[2026-05-31 16:09:37] [7/12] Starting phase3-mlp-s0...
[2026-05-31 16:09:37]   Mode: mlp, Seed: 0, Epochs: 3
[INFO] Repo: /home/ai-server-02/R_projects/final_thesis/simpleRL-reason
[INFO] Container: phase3-mlp-s0
[INFO] Run dir: /ckpts/simplelr_grpo_qwen05_ctx1024_adaptive/phase3_mlp_s0
[INFO] Run base dir: /ckpts/simplelr_grpo_qwen05_ctx1024_adaptive
[INFO] mode: mlp
[INFO] fixed_beta: 0.001
[INFO] Epochs: 3
[INFO] Prompt/Response: 1024/1024
[INFO] max_num_batched_tokens: 4096
[INFO] rollout_n: 4
[INFO] rollout_gpu_memory_util: 0.5
[INFO] rollout_max_num_seqs: 32
[INFO] save_freq: 2000
[INFO] resume_mode: never
[INFO] adaptive_kl_enable: true
[INFO] adaptive_kl_mode: mlp
[INFO] restart_policy: no
faaf0b38884fc24334c5d96ce5dad467aa0ac523093b8612cd33d40d80fea14c
[OK] Started phase3-mlp-s0
[OK] Follow logs: docker logs -f phase3-mlp-s0
[OK] Checkpoints: docker run --rm -v simplerl_ckpts:/ckpts simple-rl:ngc-vllm bash -lc 'ls -lah /ckpts/simplelr_grpo_qwen05_ctx1024_adaptive/phase3_mlp_s0'
[WARN] Telegram monitoring disabled (TELEGRAM_BOT_TOKEN or TELEGRAM_CHAT_ID not set)
[2026-05-31 16:09:38]   Waiting for phase3-mlp-s0 to complete...
[2026-05-31 16:09:38]     Progress: 0min elapsed...
[2026-05-31 16:14:38]   COMPLETED in 5m 1s
[2026-05-31 16:14:38]   Final validation score: N/A
phase3-mlp-s0
[2026-05-31 16:14:38] 
[2026-05-31 16:14:38] 
[2026-05-31 16:14:38] [8/12] Starting phase3-mlp-s1...
[2026-05-31 16:14:38]   Mode: mlp, Seed: 1, Epochs: 3
[INFO] Repo: /home/ai-server-02/R_projects/final_thesis/simpleRL-reason
[INFO] Container: phase3-mlp-s1
[INFO] Run dir: /ckpts/simplelr_grpo_qwen05_ctx1024_adaptive/phase3_mlp_s1
[INFO] Run base dir: /ckpts/simplelr_grpo_qwen05_ctx1024_adaptive
[INFO] mode: mlp
[INFO] fixed_beta: 0.001
[INFO] Epochs: 3
[INFO] Prompt/Response: 1024/1024
[INFO] max_num_batched_tokens: 4096
[INFO] rollout_n: 4
[INFO] rollout_gpu_memory_util: 0.5
[INFO] rollout_max_num_seqs: 32
[INFO] save_freq: 2000
[INFO] resume_mode: never
[INFO] adaptive_kl_enable: true
[INFO] adaptive_kl_mode: mlp
[INFO] restart_policy: no
4c6c6eb9e2449c422678e77b0a253656c99c766d80cb3845c3419ae97af0f35f
[OK] Started phase3-mlp-s1
[OK] Follow logs: docker logs -f phase3-mlp-s1
[OK] Checkpoints: docker run --rm -v simplerl_ckpts:/ckpts simple-rl:ngc-vllm bash -lc 'ls -lah /ckpts/simplelr_grpo_qwen05_ctx1024_adaptive/phase3_mlp_s1'
[WARN] Telegram monitoring disabled (TELEGRAM_BOT_TOKEN or TELEGRAM_CHAT_ID not set)
[2026-05-31 16:14:38]   Waiting for phase3-mlp-s1 to complete...
[2026-05-31 16:14:39]     Progress: 0min elapsed...
[2026-05-31 16:19:39]   COMPLETED in 5m 1s
[2026-05-31 16:19:39]   Final validation score: N/A
phase3-mlp-s1
[2026-05-31 16:19:39] 
[2026-05-31 16:19:39] 
[2026-05-31 16:19:39] [9/12] Starting phase3-mlp-s2...
[2026-05-31 16:19:39]   Mode: mlp, Seed: 2, Epochs: 3
[INFO] Repo: /home/ai-server-02/R_projects/final_thesis/simpleRL-reason
[INFO] Container: phase3-mlp-s2
[INFO] Run dir: /ckpts/simplelr_grpo_qwen05_ctx1024_adaptive/phase3_mlp_s2
[INFO] Run base dir: /ckpts/simplelr_grpo_qwen05_ctx1024_adaptive
[INFO] mode: mlp
[INFO] fixed_beta: 0.001
[INFO] Epochs: 3
[INFO] Prompt/Response: 1024/1024
[INFO] max_num_batched_tokens: 4096
[INFO] rollout_n: 4
[INFO] rollout_gpu_memory_util: 0.5
[INFO] rollout_max_num_seqs: 32
[INFO] save_freq: 2000
[INFO] resume_mode: never
[INFO] adaptive_kl_enable: true
[INFO] adaptive_kl_mode: mlp
[INFO] restart_policy: no
e2a0a63edd55a221736bd6e2b743d73c9603718394369582dd9e41442355ad73
[OK] Started phase3-mlp-s2
[OK] Follow logs: docker logs -f phase3-mlp-s2
[OK] Checkpoints: docker run --rm -v simplerl_ckpts:/ckpts simple-rl:ngc-vllm bash -lc 'ls -lah /ckpts/simplelr_grpo_qwen05_ctx1024_adaptive/phase3_mlp_s2'
[WARN] Telegram monitoring disabled (TELEGRAM_BOT_TOKEN or TELEGRAM_CHAT_ID not set)
[2026-05-31 16:19:39]   Waiting for phase3-mlp-s2 to complete...
[2026-05-31 16:19:39]     Progress: 0min elapsed...
[2026-05-31 16:24:39]   COMPLETED in 5m 0s
[2026-05-31 16:24:39]   Final validation score: N/A
phase3-mlp-s2
[2026-05-31 16:24:39] 
[2026-05-31 16:24:39] ======= MODE: lstm =======
[2026-05-31 16:24:39] 
[2026-05-31 16:24:39] [10/12] Starting phase3-lstm-s0...
[2026-05-31 16:24:39]   Mode: lstm, Seed: 0, Epochs: 3
[INFO] Repo: /home/ai-server-02/R_projects/final_thesis/simpleRL-reason
[INFO] Container: phase3-lstm-s0
[INFO] Run dir: /ckpts/simplelr_grpo_qwen05_ctx1024_adaptive/phase3_lstm_s0
[INFO] Run base dir: /ckpts/simplelr_grpo_qwen05_ctx1024_adaptive
[INFO] mode: lstm
[INFO] fixed_beta: 0.001
[INFO] Epochs: 3
[INFO] Prompt/Response: 1024/1024
[INFO] max_num_batched_tokens: 4096
[INFO] rollout_n: 4
[INFO] rollout_gpu_memory_util: 0.5
[INFO] rollout_max_num_seqs: 32
[INFO] save_freq: 2000
[INFO] resume_mode: never
[INFO] adaptive_kl_enable: true
[INFO] adaptive_kl_mode: lstm
[INFO] restart_policy: no
177f88b361610cc817780029b6b3756da82044a3faa18b83a934a37d2abece1a
[OK] Started phase3-lstm-s0
[OK] Follow logs: docker logs -f phase3-lstm-s0
[OK] Checkpoints: docker run --rm -v simplerl_ckpts:/ckpts simple-rl:ngc-vllm bash -lc 'ls -lah /ckpts/simplelr_grpo_qwen05_ctx1024_adaptive/phase3_lstm_s0'
[WARN] Telegram monitoring disabled (TELEGRAM_BOT_TOKEN or TELEGRAM_CHAT_ID not set)
[2026-05-31 16:24:40]   Waiting for phase3-lstm-s0 to complete...
[2026-05-31 16:24:40]     Progress: 0min elapsed...
[2026-05-31 16:29:40]     Progress: 5min elapsed...
[2026-05-31 16:34:40]   COMPLETED in 10m 1s
[2026-05-31 16:34:40]   Final validation score: N/A
phase3-lstm-s0
[2026-05-31 16:34:40] 
[2026-05-31 16:34:40] 
[2026-05-31 16:34:40] [11/12] Starting phase3-lstm-s1...
[2026-05-31 16:34:40]   Mode: lstm, Seed: 1, Epochs: 3
[INFO] Repo: /home/ai-server-02/R_projects/final_thesis/simpleRL-reason
[INFO] Container: phase3-lstm-s1
[INFO] Run dir: /ckpts/simplelr_grpo_qwen05_ctx1024_adaptive/phase3_lstm_s1
[INFO] Run base dir: /ckpts/simplelr_grpo_qwen05_ctx1024_adaptive
[INFO] mode: lstm
[INFO] fixed_beta: 0.001
[INFO] Epochs: 3
[INFO] Prompt/Response: 1024/1024
[INFO] max_num_batched_tokens: 4096
[INFO] rollout_n: 4
[INFO] rollout_gpu_memory_util: 0.5
[INFO] rollout_max_num_seqs: 32
[INFO] save_freq: 2000
[INFO] resume_mode: never
[INFO] adaptive_kl_enable: true
[INFO] adaptive_kl_mode: lstm
[INFO] restart_policy: no
895141afa245c6f4064661e5165def75efb138b4e59b9f5d379440763ab56dee
[OK] Started phase3-lstm-s1
[OK] Follow logs: docker logs -f phase3-lstm-s1
[OK] Checkpoints: docker run --rm -v simplerl_ckpts:/ckpts simple-rl:ngc-vllm bash -lc 'ls -lah /ckpts/simplelr_grpo_qwen05_ctx1024_adaptive/phase3_lstm_s1'
[WARN] Telegram monitoring disabled (TELEGRAM_BOT_TOKEN or TELEGRAM_CHAT_ID not set)
[2026-05-31 16:34:40]   Waiting for phase3-lstm-s1 to complete...
[2026-05-31 16:34:40]     Progress: 0min elapsed...
[2026-05-31 16:39:41]   COMPLETED in 5m 1s
[2026-05-31 16:39:41]   Final validation score: N/A
phase3-lstm-s1
[2026-05-31 16:39:41] 
[2026-05-31 16:39:41] 
[2026-05-31 16:39:41] [12/12] Starting phase3-lstm-s2...
[2026-05-31 16:39:41]   Mode: lstm, Seed: 2, Epochs: 3
[INFO] Repo: /home/ai-server-02/R_projects/final_thesis/simpleRL-reason
[INFO] Container: phase3-lstm-s2
[INFO] Run dir: /ckpts/simplelr_grpo_qwen05_ctx1024_adaptive/phase3_lstm_s2
[INFO] Run base dir: /ckpts/simplelr_grpo_qwen05_ctx1024_adaptive
[INFO] mode: lstm
[INFO] fixed_beta: 0.001
[INFO] Epochs: 3
[INFO] Prompt/Response: 1024/1024
[INFO] max_num_batched_tokens: 4096
[INFO] rollout_n: 4
[INFO] rollout_gpu_memory_util: 0.5
[INFO] rollout_max_num_seqs: 32
[INFO] save_freq: 2000
[INFO] resume_mode: never
[INFO] adaptive_kl_enable: true
[INFO] adaptive_kl_mode: lstm
[INFO] restart_policy: no
f18df4bd810a563ce3c026ed09ab9541eb13be2073ea5b59d17003c3bbff4b53
[OK] Started phase3-lstm-s2
[OK] Follow logs: docker logs -f phase3-lstm-s2
[OK] Checkpoints: docker run --rm -v simplerl_ckpts:/ckpts simple-rl:ngc-vllm bash -lc 'ls -lah /ckpts/simplelr_grpo_qwen05_ctx1024_adaptive/phase3_lstm_s2'
[WARN] Telegram monitoring disabled (TELEGRAM_BOT_TOKEN or TELEGRAM_CHAT_ID not set)
[2026-05-31 16:39:41]   Waiting for phase3-lstm-s2 to complete...
[2026-05-31 16:39:41]     Progress: 0min elapsed...
[2026-05-31 16:44:41]   COMPLETED in 5m 0s
[2026-05-31 16:44:41]   Final validation score: N/A
phase3-lstm-s2
[2026-05-31 16:44:41] 
[2026-05-31 16:44:41] ===============================================================
[2026-05-31 16:44:41] Campaign Complete!
[2026-05-31 16:44:41] ===============================================================
[2026-05-31 16:44:41] 
[2026-05-31 16:44:41] Results Summary:
========================================

Baseline Comparison:
  5. No-KL (β=0): N/A
  4. LSTM (reference, Apr21): 0.3387 (33.87%)

Campaign Results:
  1. fixed seed=0: N/A (25m 1s)
  2. fixed seed=1: N/A (5m 0s)
  3. fixed seed=2: N/A (2240m 22s)
  4. rule seed=0: N/A (2130m 21s)
  5. rule seed=1: N/A (5m 1s)
  6. rule seed=2: N/A (5m 0s)
  7. mlp seed=0: N/A (5m 1s)
  8. mlp seed=1: N/A (5m 1s)
  9. mlp seed=2: N/A (5m 0s)
  10. lstm seed=0: N/A (10m 1s)
  11. lstm seed=1: N/A (5m 1s)
  12. lstm seed=2: N/A (5m 0s)
[2026-05-31 16:44:41] 
[2026-05-31 16:44:41] Full logs: /home/ai-server-02/R_projects/final_thesis/simpleRL-reason/analysis_logs/orchestrator_multiseed_v2_20260526_150408.log
[2026-05-31 16:44:41] Results: /home/ai-server-02/R_projects/final_thesis/simpleRL-reason/analysis_logs/campaign_results_summary_20260528_143852.txt
[2026-05-31 16:44:41] 
[2026-05-31 16:44:41] Done!
