date_time,step_cur,kl,tau,val,reward,service
2026-03-22T18:00:50,,,,,,
2026-03-22T18:02:42,,,,,,failed
2026-03-22T18:02:43,0,,,not yet,0.062,failed
2026-03-22T18:59:07,0,,,not yet,0.062,active
2026-03-22T19:59:15,0,,,not yet,0.062,active
2026-03-22T20:59:22,0,,,not yet,0.062,active
2026-03-22T21:59:18,0,,,not yet,0.062,active
2026-03-22T22:59:20,0,,,not yet,0.062,active
2026-03-22T23:59:23,0,,,not yet,0.062,active
2026-03-23T00:59:36,0,,,not yet,0.062,active
2026-03-23T01:59:53,0,,,not yet,0.062,active
2026-03-23T02:59:55,0,,,not yet,0.062,active
2026-03-23T04:00:10,0,,,not yet,0.062,active
2026-03-23T05:00:16,0,,,not yet,0.062,active
2026-03-23T06:00:33,0,,,not yet,0.062,active
2026-03-23T07:00:52,0,,,not yet,0.062,active
2026-03-23T08:01:02,0,,,not yet,0.062,active
2026-03-23T09:01:10,0,,,not yet,0.062,active
2026-03-23T10:01:33,0,,,not yet,0.062,active
2026-03-23T11:01:43,0,,,not yet,0.062,active
2026-03-23T12:02:03,0,,,not yet,0.062,active
2026-03-23T13:02:04,0,,,not yet,0.062,active
2026-03-23T14:02:15,0,,,not yet,0.062,active
2026-03-23T16:02:18,0,,,not yet,0.062,active
2026-03-23T17:02:20,0,,,not yet,0.062,active
2026-03-23T18:02:23,0,,,not yet,0.062,active
2026-03-23T19:02:23,0,,,not yet,0.062,active
2026-03-23T20:02:25,0,,,not yet,0.062,active
2026-03-23T21:02:26,0,,,not yet,0.062,active
2026-03-23T22:02:33,0,,,not yet,0.062,active
2026-03-23T23:02:51,0,,,not yet,0.062,active
2026-03-24T00:02:52,0,,,not yet,0.062,active
2026-03-24T01:02:54,0,,,not yet,0.062,active
2026-03-24T02:02:55,0,,,not yet,0.062,active
2026-03-24T03:02:57,0,,,not yet,0.062,
2026-03-24T04:02:58,0,,,not yet,0.062,active
2026-03-24T05:03:01,0,,,not yet,0.062,active
2026-03-24T06:03:03,0,,,not yet,0.062,active
2026-03-24T07:03:04,0,,,not yet,0.062,active
2026-03-24T08:03:06,0,,,not yet,0.062,active
2026-03-24T09:03:08,0,,,not yet,0.062,active
2026-03-24T10:03:10,0,,,not yet,0.062,active
2026-03-24T10:21:17,,,,,,
2026-03-24T10:21:19,0,,,not yet,0.062,active
2026-03-24T10:35:01,0,,,not yet,0.062,active
2026-03-24T10:55:22,0,,,not yet,0.062,active
2026-03-24T11:14:16,0,,,not yet,0.062,active
2026-03-26T09:35:57,,,,,,
2026-03-26T09:35:59,0,,,not yet,0.062,active
2026-03-26T10:36:09,0,,,not yet,0.062,active
2026-03-26T11:36:17,0,,,not yet,0.062,active
2026-03-26T12:36:14,0,,,not yet,0.062,active
2026-03-26T13:36:22,0,,,not yet,0.062,active
2026-03-26T14:36:29,0,,,not yet,0.062,active
2026-03-26T15:36:38,0,,,not yet,0.062,active
2026-03-26T16:36:48,0,,,not yet,0.062,active
2026-03-26T17:36:58,0,,,not yet,0.062,active
2026-03-26T18:37:08,0,,,not yet,0.062,active
2026-03-26T19:37:09,0,,,not yet,0.062,active
2026-03-26T20:37:16,0,,,not yet,0.062,
2026-03-26T21:37:42,0,,,not yet,0.062,active
2026-03-26T22:37:47,0,,,not yet,0.062,active
2026-03-26T23:37:57,0,,,not yet,0.062,active
2026-03-27T00:38:07,0,,,not yet,0.062,active
2026-03-27T01:38:08,0,,,not yet,0.062,
2026-03-27T02:38:10,0,,,not yet,0.062,active
2026-03-27T03:38:20,0,,,not yet,0.062,active
2026-03-27T04:38:28,0,,,not yet,0.062,active
2026-03-27T05:38:34,0,,,not yet,0.062,active
2026-03-27T06:38:58,0,,,not yet,0.062,active
2026-03-27T07:39:04,0,,,not yet,0.062,active
2026-03-27T08:39:10,0,,,not yet,0.062,active
2026-03-27T09:39:34,0,,,not yet,0.062,active
2026-03-27T10:39:38,0,,,not yet,0.062,active
2026-03-27T11:39:41,0,,,not yet,0.062,active
2026-03-27T12:39:45,0,,,not yet,0.062,active
2026-03-27T13:39:48,0,,,not yet,0.062,active
2026-03-27T14:39:54,0,,,not yet,0.062,active
2026-03-27T15:40:04,0,,,not yet,0.062,active
2026-03-27T16:40:09,0,,,not yet,0.062,
2026-03-27T17:40:11,0,,,not yet,0.062,active
2026-03-27T18:40:19,0,,,not yet,0.062,active
2026-03-27T19:40:42,0,,,not yet,0.062,active
2026-03-27T20:40:50,0,,,not yet,0.062,active
2026-03-27T21:41:00,0,,,not yet,0.062,
2026-03-27T22:41:10,0,,,not yet,0.062,active
2026-03-27T23:41:19,0,,,not yet,0.062,active
2026-03-28T00:41:20,0,,,not yet,0.062,active
2026-03-28T01:41:40,0,,,not yet,0.062,active
2026-03-28T02:41:50,0,,,not yet,0.062,active
2026-03-28T03:41:54,0,,,not yet,0.062,active
2026-03-28T04:41:55,0,,,not yet,0.062,
2026-03-28T05:42:10,0,,,not yet,0.062,active
2026-03-28T06:42:26,0,,,not yet,0.062,active
2026-03-28T07:42:35,0,,,not yet,0.062,active
2026-03-28T08:42:44,0,,,not yet,0.062,active
2026-03-28T09:42:53,0,,,not yet,0.062,active
2026-03-28T10:43:03,0,,,not yet,0.062,active
2026-03-28T11:43:03,0,,,not yet,0.062,
2026-03-28T12:43:10,0,,,not yet,0.062,active
2026-03-28T13:43:21,0,,,not yet,0.062,active
2026-03-28T14:43:21,0,,,not yet,0.062,active
2026-03-28T15:43:52,0,,,not yet,0.062,active
2026-03-28T16:44:03,0,,,not yet,0.062,active
2026-03-28T17:44:10,0,,,not yet,0.062,active
2026-03-28T18:44:10,0,,,not yet,0.062,
2026-03-28T19:44:31,0,,,not yet,0.062,active
2026-03-28T20:44:40,0,,,not yet,0.062,active
2026-03-28T21:44:51,0,,,not yet,0.062,active
2026-03-28T22:44:58,0,,,not yet,0.062,active
2026-03-28T23:45:10,0,,,not yet,0.062,active
2026-03-29T00:45:22,0,,,not yet,0.062,active
2026-03-29T01:45:31,0,,,not yet,0.062,active
2026-03-29T02:45:41,0,,,not yet,0.062,active
2026-03-29T03:45:51,0,,,not yet,0.062,active
2026-03-29T04:45:53,0,,,not yet,0.062,active
2026-03-29T05:46:10,0,,,not yet,0.062,active
2026-03-29T06:46:22,0,,,not yet,0.062,active
2026-03-29T07:46:31,0,,,not yet,0.062,
2026-03-29T08:46:33,0,,,not yet,0.062,active
2026-03-29T09:46:50,0,,,not yet,0.062,active
2026-03-29T10:46:59,0,,,not yet,0.062,active
2026-03-29T11:47:02,0,,,not yet,0.062,active
2026-03-29T12:47:05,0,,,not yet,0.062,active
2026-03-29T13:47:10,0,,,not yet,0.062,active
2026-03-29T14:47:36,0,,,not yet,0.062,
2026-03-29T15:47:47,0,,,not yet,0.062,active
2026-03-29T16:47:55,0,,,not yet,0.062,active
2026-03-29T17:48:04,0,,,not yet,0.062,active
2026-03-29T18:48:10,0,,,not yet,0.062,active
2026-03-29T19:48:21,0,,,not yet,0.062,active
2026-03-29T20:48:34,0,,,not yet,0.062,active
2026-03-29T21:48:40,0,,,not yet,0.062,
2026-03-29T22:48:53,0,,,not yet,0.062,active
2026-03-29T23:49:03,0,,,not yet,0.062,active
2026-03-30T00:49:10,0,,,not yet,0.062,active
2026-03-30T02:49:31,0,,,not yet,0.062,active
2026-03-30T03:49:41,0,,,not yet,0.062,active
2026-03-30T04:49:41,0,,,not yet,0.062,
2026-03-30T05:49:41,0,,,not yet,0.062,active
2026-03-30T06:49:41,0,,,not yet,0.062,active
2026-03-30T07:49:59,0,,,not yet,0.062,active
2026-03-30T08:50:10,0,,,not yet,0.062,active
2026-03-30T09:50:39,0,,,not yet,0.062,active
2026-03-30T10:50:49,0,,,not yet,0.062,active
2026-03-30T11:50:49,0,,,not yet,0.062,
2026-03-30T12:50:50,0,,,not yet,0.062,active
2026-03-30T13:50:51,0,,,not yet,0.062,active
2026-03-30T14:51:10,0,,,not yet,0.062,active
2026-03-30T15:51:37,0,,,not yet,0.062,active
2026-03-30T16:51:47,0,,,not yet,0.062,active
2026-03-30T17:51:57,0,,,not yet,0.062,active
2026-03-30T18:52:08,0,,,not yet,0.062,active
2026-03-30T19:52:10,0,,,not yet,0.062,active
2026-03-30T20:52:29,0,,,not yet,0.062,active
2026-03-30T21:52:38,0,,,not yet,0.062,active
2026-03-30T22:52:42,0,,,not yet,0.062,active
2026-03-30T23:52:42,0,,,not yet,0.062,active
2026-03-31T00:52:52,0,,,not yet,0.062,
2026-03-31T01:53:07,0,,,not yet,0.062,active
2026-03-31T02:53:10,0,,,not yet,0.062,active
2026-03-31T03:53:19,0,,,not yet,0.062,active
2026-03-31T04:53:21,0,,,not yet,0.062,active
2026-03-31T05:53:37,0,,,not yet,0.062,active
2026-03-31T06:53:39,0,,,not yet,0.062,active
2026-03-31T07:54:10,0,,,not yet,0.062,
2026-03-31T08:54:20,0,,,not yet,0.062,active
2026-03-31T09:54:40,0,,,not yet,0.062,active
2026-03-31T10:54:43,0,,,not yet,0.062,active
2026-03-31T11:54:55,0,,,not yet,0.062,active
2026-03-31T12:55:05,0,,,not yet,0.062,active
2026-03-31T13:55:10,0,,,not yet,0.062,active
2026-03-31T14:55:11,0,,,not yet,0.062,
2026-03-31T15:55:15,0,,,not yet,0.062,active
2026-03-31T16:55:43,0,,,not yet,0.062,active
2026-03-31T17:55:47,0,,,not yet,0.062,active
2026-03-31T18:55:42,0,,,not yet,0.062,active
2026-03-31T19:55:51,0,,,not yet,0.062,active
2026-03-31T20:56:10,0,,,not yet,0.062,active
2026-03-31T21:56:10,0,,,not yet,0.062,
2026-03-31T22:56:17,0,,,not yet,0.062,active
2026-03-31T23:56:49,0,,,not yet,0.062,active
2026-04-01T00:56:58,0,,,not yet,0.062,active
2026-04-01T01:57:04,0,,,not yet,0.062,active
2026-04-01T02:57:10,0,,,not yet,0.062,active
2026-04-01T03:57:28,0,,,not yet,0.062,active
2026-04-01T04:57:38,0,,,not yet,0.062,active
2026-04-01T05:57:49,0,,,not yet,0.062,active
2026-04-01T06:57:58,0,,,not yet,0.062,active
2026-04-01T07:58:06,0,,,not yet,0.062,active
2026-04-01T08:58:10,0,,,not yet,0.062,active
2026-04-01T09:58:19,0,,,not yet,0.062,active
2026-04-01T10:58:21,0,,,not yet,0.062,
2026-04-01T11:58:21,0,,,not yet,0.062,active
2026-04-01T12:58:43,0,,,not yet,0.062,active
2026-04-01T13:58:48,0,,,not yet,0.062,active
2026-04-01T14:59:10,0,,,not yet,0.062,active
2026-04-01T15:59:24,0,,,not yet,0.062,active
2026-04-01T16:59:33,0,,,not yet,0.062,active
2026-04-01T17:59:40,0,,,not yet,0.062,
2026-04-01T18:59:51,0,,,not yet,0.062,active
2026-04-01T20:00:01,0,,,not yet,0.062,active
2026-04-01T21:00:10,0,,,not yet,0.062,active
2026-04-01T22:00:15,0,,,not yet,0.062,active
2026-04-01T23:00:31,0,,,not yet,0.062,active
2026-04-02T00:00:41,0,,,not yet,0.062,active
2026-04-02T01:00:41,0,,,not yet,0.062,
2026-04-02T02:00:51,0,,,not yet,0.062,active
2026-04-02T03:01:00,0,,,not yet,0.062,active
2026-04-02T04:01:03,0,,,not yet,0.062,active
2026-04-02T05:01:10,0,,,not yet,0.062,active
2026-04-02T06:01:44,0,,,not yet,0.062,active
2026-04-02T07:01:52,0,,,not yet,0.062,active
2026-04-02T08:02:02,0,,,not yet,0.062,active
2026-04-02T09:02:08,0,,,not yet,0.062,active
2026-04-02T10:02:10,0,,,not yet,0.062,active
2026-04-02T11:02:31,0,,,not yet,0.062,active
2026-04-02T12:02:41,0,,,not yet,0.062,active
2026-04-02T13:02:50,0,,,not yet,0.062,active
2026-04-02T14:02:51,0,,,not yet,0.062,
2026-04-02T15:02:57,0,,,not yet,0.062,active
2026-04-02T16:03:10,0,,,not yet,0.062,active
2026-04-02T17:03:14,0,,,not yet,0.062,active
2026-04-02T18:03:21,0,,,not yet,0.062,active
2026-04-02T19:03:47,0,,,not yet,0.062,active
2026-04-02T20:03:55,0,,,not yet,0.062,active
2026-04-02T21:03:56,0,,,not yet,0.062,
2026-04-02T22:03:57,0,,,not yet,0.062,active
2026-04-02T23:04:10,0,,,not yet,0.062,active
2026-04-03T00:04:36,0,,,not yet,0.062,active
2026-04-03T01:04:47,0,,,not yet,0.062,active
2026-04-03T02:04:57,0,,,not yet,0.062,active
2026-04-03T03:05:05,0,,,not yet,0.062,active
2026-04-03T04:05:05,0,,,not yet,0.062,
2026-04-03T05:05:05,0,,,not yet,0.062,active
2026-04-03T06:05:05,0,,,not yet,0.062,active
2026-04-03T07:05:05,0,,,not yet,0.062,active
2026-04-03T08:05:05,0,,,not yet,0.062,active
2026-04-03T09:05:06,0,,,not yet,0.062,active
2026-04-03T10:05:06,0,,,not yet,0.062,active
2026-04-03T11:05:10,0,,,not yet,0.062,
2026-04-03T12:05:14,0,,,not yet,0.062,active
2026-04-03T13:05:15,0,,,not yet,0.062,active
2026-04-03T13:52:16,0,,,not yet,0.062,active
2026-04-03T14:52:22,0,,,not yet,0.062,active
2026-04-03T15:52:28,0,,,not yet,0.062,active
2026-04-03T16:52:43,0,,,not yet,0.062,active
2026-04-03T17:52:45,0,,,not yet,0.062,active
2026-04-03T18:52:54,0,,,not yet,0.062,active
2026-04-03T19:53:01,0,,,not yet,0.062,
2026-04-03T20:53:03,0,,,not yet,0.062,active
2026-04-03T21:53:21,0,,,not yet,0.062,active
2026-04-03T22:53:43,0,,,not yet,0.062,active
2026-04-03T23:53:54,0,,,not yet,0.062,active
2026-04-04T00:53:56,0,,,not yet,0.062,active
2026-04-04T01:54:12,0,,,not yet,0.062,active
2026-04-04T02:54:53,0,,,not yet,0.062,
2026-04-04T03:54:22,0,,,not yet,0.062,active
2026-04-04T04:54:45,0,,,not yet,0.062,active
2026-04-04T05:54:54,0,,,not yet,0.062,active
2026-04-04T06:54:57,0,,,not yet,0.062,active
2026-04-04T07:54:58,0,,,not yet,0.062,active
2026-04-04T08:55:05,0,,,not yet,0.062,active
2026-04-04T09:55:06,0,,,not yet,0.062,active
2026-04-04T10:55:06,0,,,not yet,0.062,active
2026-04-04T11:55:06,0,,,not yet,0.062,active
2026-04-04T12:55:16,0,,,not yet,0.062,active
2026-04-04T13:55:18,0,,,not yet,0.062,active
2026-04-04T14:55:22,0,,,not yet,0.062,active
2026-04-04T15:55:41,0,,,not yet,0.062,
2026-04-04T16:55:52,0,,,not yet,0.062,active
2026-04-04T17:55:52,0,,,not yet,0.062,active
2026-04-04T20:56:30,,,,,,
2026-04-04T20:56:34,0,,,not yet,0.062,active
2026-04-04T21:56:43,0,,,not yet,0.062,active
2026-04-04T22:56:55,0,,,not yet,0.062,
2026-04-04T23:57:00,0,,,not yet,0.062,active
2026-04-05T00:57:14,0,,,not yet,0.062,active
2026-04-05T01:57:22,0,,,not yet,0.062,active
2026-04-05T02:57:26,0,,,not yet,0.062,active
2026-04-05T03:57:28,0,,,not yet,0.062,active
2026-04-05T04:57:42,0,,,not yet,0.062,active
2026-04-05T05:57:42,0,,,not yet,0.062,
2026-04-05T06:58:11,0,,,not yet,0.062,active
2026-04-05T07:58:22,0,,,not yet,0.062,active
2026-04-05T08:58:33,0,,,not yet,0.062,active
2026-04-05T09:58:36,0,,,not yet,0.062,active
2026-04-05T10:58:53,0,,,not yet,0.062,active
2026-04-05T11:59:02,0,,,not yet,0.062,active
2026-04-06T08:38:14,,,,,,
2026-04-06T08:38:18,0,,,not yet,0.062,active
2026-04-06T08:46:26,0,,,not yet,0.062,active
2026-04-06T09:07:14,0,,,not yet,0.062,active
2026-04-06T10:07:14,0,,,not yet,0.062,active
2026-04-06T11:07:21,0,,,not yet,0.062,active
2026-04-06T11:49:49,0,,,not yet,0.062,active
2026-04-06T12:50:06,0,,,not yet,0.062,active
2026-04-06T13:50:09,0,,,not yet,0.062,active
2026-04-06T14:14:13,130,,,,,
2026-04-06T15:50:11,200,,,,,
2026-04-06T16:50:12,310,,,,,
2026-04-06T17:09:41,330,,,,,
2026-04-06T18:05:47,410,,,,,
2026-04-06T19:05:59,440,,,,,
2026-04-13T17:10:30,,,,,,
2026-04-13T18:36:10,,,,,,active
2026-04-14T10:55:42,33,,,not yet,0.062,active
2026-04-14T10:55:53,33,,,not yet,0.062,active
2026-04-14T10:57:11,33,,,not yet,0.062,active
2026-04-14T10:57:29,33,,,not yet,0.062,active
2026-04-14T11:38:42,,,,,,active
2026-04-14T11:38:47,33,,,not yet,0.062,active
2026-04-14T11:38:50,,,,,,active
2026-04-14T12:38:57,33,,,not yet,0.062,active
2026-04-14T12:39:00,,,,,,active
2026-04-14T12:50:21,442,,,not yet,0.062,active
2026-04-14T12:50:28,,,,,,active
2026-04-14T12:50:49,442,,,not yet,0.062,active
2026-04-14T13:39:04,158,,,,,active
2026-04-14T13:39:05,158,,,not yet,0.000,active
2026-04-14T14:34:22,0,,,,,
2026-04-14T14:36:03,10,,,,,
2026-04-14T14:37:39,20,,,,,
2026-04-14T14:39:13,30,,,,,
2026-04-14T14:39:14,29,,,not yet,0.250,active
2026-04-14T14:40:49,40,,,,,
2026-04-14T14:42:23,50,,,,,
2026-04-14T14:43:57,60,,,,,
2026-04-14T14:45:40,70,,,,,
2026-04-14T14:47:14,80,,,,,
2026-04-14T14:48:48,90,,,,,
2026-04-14T14:50:24,100,,,,,
2026-04-14T14:51:58,110,,,,,
2026-04-14T14:53:33,120,,,,,
2026-04-14T14:55:07,130,,,,,
2026-04-14T14:56:41,140,,,,,
2026-04-14T14:58:15,150,,,,,
2026-04-14T14:59:48,160,,,,,
2026-04-14T15:01:22,170,,,,,
2026-04-14T15:02:57,180,,,,,
2026-04-14T15:04:31,190,,,,,
2026-04-14T15:06:05,200,,,,,
2026-04-14T15:07:39,210,,,,,
2026-04-14T15:09:14,220,,,,,
2026-04-14T15:10:48,230,,,,,
2026-04-14T15:12:21,240,,,,,
2026-04-14T15:13:54,250,,,,,
2026-04-14T15:15:28,260,,,,,
2026-04-14T15:17:03,270,,,,,
2026-04-14T15:18:36,280,,,,,
2026-04-14T15:20:10,290,,,,,
2026-04-14T15:21:43,300,,,,,
2026-04-14T15:23:18,310,,,,,
2026-04-14T15:24:51,320,,,,,
2026-04-14T15:26:25,330,,,,,
2026-04-14T15:27:59,340,,,,,
2026-04-14T15:29:33,350,,,,,
2026-04-14T15:31:07,360,,,,,
2026-04-14T15:32:41,370,,,,,
2026-04-14T15:34:22,380,,,,,
2026-04-14T15:35:56,390,,,,,
2026-04-14T15:37:29,400,,,,,
2026-04-14T15:39:04,410,,,,,
2026-04-14T15:39:44,413,,,not yet,0.000,active
2026-04-14T15:40:37,420,,,,,
2026-04-14T15:42:12,430,,,,,
2026-04-14T15:43:45,440,,,,,
2026-04-14T15:44:32,444,,,,,
2026-04-14T15:44:41,,,,,,
2026-04-14T16:25:36,0,,,,,
2026-04-14T16:27:18,10,,,,,
2026-04-14T16:28:53,20,,,,,
2026-04-14T16:30:28,30,,,,,
2026-04-14T16:32:03,40,,,,,
2026-04-14T16:33:38,50,,,,,
2026-04-14T16:35:12,60,,,,,
2026-04-14T16:36:47,70,,,,,
2026-04-14T16:38:21,80,,,,,
2026-04-14T16:39:55,87,,,not yet,0.000,active
2026-04-14T16:39:56,90,,,,,
2026-04-14T16:41:30,100,,,,,
2026-04-14T16:43:04,110,,,,,
2026-04-14T16:44:38,120,,,,,
2026-04-14T16:46:12,130,,,,,
2026-04-14T16:47:45,140,,,,,
2026-04-14T16:49:19,150,,,,,
2026-04-14T16:50:53,160,,,,,
2026-04-14T16:52:27,170,,,,,
2026-04-14T16:54:02,180,,,,,
2026-04-14T16:55:35,190,,,,,
2026-04-14T16:57:10,200,,,,,
2026-04-14T16:58:45,210,,,,,
2026-04-14T17:00:22,220,,,,,
2026-04-14T17:01:55,230,,,,,
2026-04-14T17:03:30,240,,,,,
2026-04-14T17:05:04,250,,,,,
2026-04-14T17:06:38,260,,,,,
2026-04-14T17:08:12,270,,,,,
2026-04-14T17:09:46,280,,,,,
2026-04-14T17:11:21,290,,,,,
2026-04-14T17:12:56,300,,,,,
2026-04-14T17:14:30,310,,,,,
2026-04-14T17:16:04,320,,,,,
2026-04-14T17:17:39,330,,,,,
2026-04-14T17:19:12,340,,,,,
2026-04-14T17:20:45,350,,,,,
2026-04-14T17:22:20,360,,,,,
2026-04-14T17:23:55,370,,,,,
2026-04-14T17:25:28,380,,,,,
2026-04-14T17:27:02,390,,,,,
2026-04-14T17:28:36,400,,,,,
2026-04-14T17:30:18,410,,,,,
2026-04-14T17:31:51,420,,,,,
2026-04-14T17:33:25,430,,,,,
2026-04-14T17:35:01,440,,,,,
2026-04-14T17:35:47,444,,,,,
2026-04-14T17:35:55,,,,,,
2026-04-14T17:40:08,,,,,,active
2026-04-14T17:40:09,445,,,not yet,0.000,active
2026-04-14T18:40:14,445,,,not yet,0.000,active
2026-04-14T19:40:19,445,,,not yet,0.000,active
2026-04-14T20:40:40,445,,,not yet,0.000,active
2026-04-14T21:40:41,445,,,not yet,0.000,active
2026-04-14T22:40:42,445,,,not yet,0.000,active
2026-04-14T23:40:59,445,,,not yet,0.000,active
2026-04-15T00:41:08,445,,,not yet,0.000,active
2026-04-15T01:41:14,445,,,not yet,0.000,active
2026-04-15T02:41:22,445,,,not yet,0.000,active
2026-04-15T03:41:34,445,,,not yet,0.000,active
2026-04-15T04:41:55,445,,,not yet,0.000,active
2026-04-15T05:42:05,445,,,not yet,0.000,active
2026-04-15T06:42:14,445,,,not yet,0.000,active
2026-04-15T07:42:18,445,,,not yet,0.000,active
2026-04-15T08:42:34,445,,,not yet,0.000,active
2026-04-15T09:42:44,445,,,not yet,0.000,active
2026-04-15T10:42:53,445,,,not yet,0.000,active
2026-04-15T11:43:03,445,,,not yet,0.000,active
2026-04-15T12:43:09,445,,,not yet,0.000,active
2026-04-15T13:43:14,445,,,not yet,0.000,active
2026-04-15T14:43:15,445,,,not yet,0.000,active
2026-04-15T15:43:29,445,,,not yet,0.000,active
2026-04-15T16:43:38,445,,,not yet,0.000,active
2026-04-15T17:44:04,445,,,not yet,0.000,active
2026-04-15T18:44:13,445,,,not yet,0.000,active
2026-04-15T19:44:15,445,,,not yet,0.000,active
2026-04-15T20:44:22,445,,,not yet,0.000,active
2026-04-15T21:44:41,445,,,not yet,0.000,active
2026-04-15T22:44:51,445,,,not yet,0.000,active
2026-04-15T23:45:02,445,,,not yet,0.000,active
2026-04-16T00:45:02,445,,,not yet,0.000,active
2026-04-16T01:45:14,445,,,not yet,0.000,active
2026-04-16T02:45:28,445,,,not yet,0.000,active
2026-04-16T03:45:40,445,,,not yet,0.000,active
2026-04-16T04:45:52,445,,,not yet,0.000,active
2026-04-16T05:46:01,445,,,not yet,0.000,active
2026-04-16T06:46:08,445,,,not yet,0.000,active
2026-04-16T07:46:08,445,,,not yet,0.000,active
2026-04-16T08:46:14,445,,,not yet,0.000,active
2026-04-16T09:46:19,445,,,not yet,0.000,active
2026-04-16T10:46:14,445,,,not yet,0.000,active
2026-04-16T11:46:16,445,,,not yet,0.000,active
2026-04-16T12:46:26,445,,,not yet,0.000,active
2026-04-16T13:46:36,445,,,not yet,0.000,active
2026-04-16T14:44:30,55,,,,,active
2026-04-16T14:44:31,55,,,not yet,0.062,active
2026-04-16T15:44:40,122,,,not yet,0.125,active
2026-04-16T16:24:41,444,,,,,
2026-04-16T16:25:10,444,,,,,
2026-04-16T16:25:21,,,,,,
2026-04-16T16:26:00,,,,,,active
2026-04-16T16:26:01,0,,,not yet,unknown,active
2026-04-16T16:27:41,444,,,,,
2026-04-16T16:28:09,444,,,,,
2026-04-16T16:28:21,,,,,,
2026-04-16T17:11:37,2,,,,,active
2026-04-16T17:11:38,2,,,not yet,0.188,active
2026-04-16T18:32:51,,,,,,
2026-04-16T18:32:52,4,,,not yet,0.062,active
2026-04-16T19:32:52,65,,,not yet,0.156,active
2026-04-16T20:32:52,131,,,not yet,0.125,active
2026-04-16T21:32:52,196,,,not yet,0.250,active
2026-04-16T22:32:53,262,,,not yet,0.281,active
2026-04-16T23:33:00,329,,,not yet,0.188,active
2026-04-17T00:33:00,396,,,not yet,0.094,active
2026-04-17T01:33:10,463,,,not yet,0.281,active
2026-04-17T02:33:20,531,,,not yet,0.219,active
2026-04-17T03:33:30,599,,,not yet,0.156,active
2026-04-17T04:33:38,665,,,not yet,0.188,active
2026-04-17T05:33:40,732,,,not yet,0.344,active
2026-04-17T06:33:50,799,,,not yet,0.250,active
2026-04-17T07:34:00,865,,,not yet,0.250,active
2026-04-17T08:34:08,931,,,not yet,0.312,active
2026-04-17T09:34:08,996,,,not yet,0.094,active
2026-04-17T10:34:12,1061,,,not yet,0.156,active
2026-04-17T11:34:18,1127,,,not yet,0.188,active
2026-04-17T12:34:18,1192,,,not yet,0.219,active
2026-04-17T13:34:22,1257,,,not yet,0.250,active
2026-04-17T14:34:32,1322,,,not yet,0.156,active
2026-04-17T15:34:41,1387,,,not yet,0.375,active
2026-04-17T16:34:41,1452,,,not yet,0.188,active
2026-04-17T17:35:00,1517,,,not yet,0.156,active
2026-04-17T18:35:00,,,,,,active
2026-04-17T18:35:01,0,,,not yet,unknown,
2026-04-17T19:35:21,0,,,not yet,unknown,
2026-04-17T20:35:23,0,,,not yet,unknown,
2026-04-17T21:35:40,0,,,not yet,unknown,
2026-04-17T22:35:41,0,,,not yet,unknown,
2026-04-17T23:35:46,0,,,not yet,unknown,
2026-04-18T00:36:00,0,,,not yet,unknown,
2026-04-18T01:36:11,0,,,not yet,unknown,
2026-04-18T02:36:20,0,,,not yet,unknown,
2026-04-18T03:36:30,0,,,not yet,unknown,
2026-04-18T04:36:37,0,,,not yet,unknown,
2026-04-18T05:36:40,0,,,not yet,unknown,
2026-04-18T06:36:50,0,,,not yet,unknown,
2026-04-18T07:36:51,0,,,not yet,unknown,
2026-04-18T08:37:00,0,,,not yet,unknown,
2026-04-18T09:37:10,0,,,not yet,unknown,
2026-04-18T10:37:20,0,,,not yet,unknown,
2026-04-18T11:37:30,0,,,not yet,unknown,
2026-04-18T12:37:34,0,,,not yet,unknown,
2026-04-18T13:37:40,0,,,not yet,unknown,
2026-04-18T14:37:42,,,,,,active
2026-04-18T14:37:43,0,,,not yet,unknown,active
2026-04-18T15:05:21,0,not yet,not yet,not yet,unknown,active
2026-04-18T15:07:07,0,not yet,not yet,not yet,unknown,active
2026-04-18T15:37:54,24,0.000,0.002,not yet,0.375,active
2026-04-18T16:37:54,90,0.002,0.002,not yet,0.188,active
2026-04-18T17:38:01,157,0.007,0.003,not yet,0.094,active
2026-04-18T19:22:35,,,,,,
2026-04-18T19:22:37,201,0.010,0.003,not yet,0.281,active
2026-04-18T20:22:37,268,0.027,0.003,not yet,0.312,active
2026-04-18T21:22:38,336,0.023,0.003,not yet,0.094,active
2026-04-18T22:22:38,404,0.030,0.003,not yet,0.250,active
2026-04-18T23:22:38,472,0.056,0.003,not yet,0.094,active
2026-04-19T00:22:39,539,0.049,0.003,not yet,0.188,active
2026-04-19T01:22:39,605,0.028,0.003,not yet,0.125,active
2026-04-19T02:22:50,671,0.064,0.003,not yet,0.125,active
2026-04-19T03:22:59,737,0.038,0.003,not yet,0.250,active
2026-04-19T04:23:09,802,0.020,0.003,not yet,0.219,active
2026-04-19T05:23:18,868,0.020,0.003,not yet,0.188,active
2026-04-19T06:23:28,934,0.055,0.003,not yet,0.281,active
2026-04-19T07:23:30,1000,0.084,0.003,not yet,0.156,active
2026-04-19T08:23:39,1065,0.044,0.003,not yet,0.188,active
2026-04-19T09:23:49,1131,0.034,0.003,not yet,0.188,active
2026-04-19T10:23:59,1197,0.182,0.003,not yet,0.281,active
2026-04-19T11:24:03,1263,0.060,0.003,not yet,0.156,active
2026-04-19T12:24:03,1329,0.184,0.003,not yet,0.156,active
2026-04-19T13:24:19,1394,0.188,0.003,not yet,0.281,active
2026-04-19T14:24:27,1460,0.076,0.003,not yet,0.250,active
2026-04-19T15:24:29,1526,0.038,0.003,not yet,0.031,active
2026-04-19T16:24:34,1562,0.213,0.003,0.278,0.062,active
2026-04-19T17:24:33,1565,0.208,0.003,0.302,0.156,active
2026-04-19T18:24:36,1565,0.218,0.003,0.296,0.125,active
2026-04-19T19:24:41,1552,0.179,0.002,0.276,0.125,active
2026-04-19T20:25:03,1558,0.045,0.003,0.302,0.125,active
2026-04-19T21:25:09,1564,0.252,0.003,0.308,0.094,active
2026-04-19T22:25:24,1565,0.217,0.002,0.288,0.156,active
2026-04-19T23:25:29,1565,0.216,0.003,0.308,0.094,active
2026-04-20T00:25:39,1554,0.133,0.003,0.288,0.250,active
2026-04-20T01:25:50,1561,0.124,0.002,0.290,0.250,active
2026-04-20T02:25:59,1565,0.215,0.002,0.294,0.219,active
2026-04-20T03:26:08,1565,0.201,0.003,0.296,0.156,active
2026-04-20T04:26:08,1566,0.218,0.002,0.278,0.156,active
2026-04-20T05:26:19,1555,0.246,0.002,0.302,0.125,active
2026-04-20T06:26:29,1563,0.208,0.002,0.304,0.062,active
2026-04-20T07:26:38,1565,0.179,0.003,0.280,0.062,active
2026-04-20T07:50:37,1558,0.214,0.003,0.304,0.125,active
2026-04-20T08:36:05,1551,0.186,0.003,0.286,0.250,active
2026-04-20T09:36:06,1557,0.102,0.003,0.280,0.312,active
2026-04-20T10:36:06,1563,0.176,0.002,0.296,0.094,active
2026-04-20T11:36:07,1565,0.166,0.003,0.294,0.188,active
2026-04-20T12:36:07,1565,0.190,0.003,0.288,0.062,active
2026-04-20T13:36:09,,,,,,active
2026-04-20T13:36:11,0,not yet,not yet,not yet,unknown,
2026-04-20T14:36:12,4,,,,,active
2026-04-20T14:36:14,4,0.000719,0.005332,not yet,0.125000,active
2026-04-20T15:36:19,70,0.000915,0.005303,not yet,0.281250,active
2026-04-20T16:36:20,137,0.003716,0.005220,not yet,0.125000,active
2026-04-20T21:15:57,,,,,,
2026-04-20T21:15:59,0,not yet,not yet,not yet,unknown,
2026-04-20T22:16:01,0,not yet,not yet,not yet,unknown,
2026-04-20T23:16:02,0,not yet,not yet,not yet,unknown,
2026-04-21T00:16:02,0,not yet,not yet,not yet,unknown,
2026-04-21T01:16:37,0,not yet,not yet,not yet,unknown,
2026-04-21T02:16:42,0,not yet,not yet,not yet,unknown,
2026-04-21T03:16:52,0,not yet,not yet,not yet,unknown,
2026-04-21T04:17:02,0,not yet,not yet,not yet,unknown,
2026-04-21T05:17:12,0,not yet,not yet,not yet,unknown,
2026-04-21T06:17:19,0,not yet,not yet,not yet,unknown,
2026-04-21T07:17:22,0,not yet,not yet,not yet,unknown,
2026-04-21T08:17:32,0,not yet,not yet,not yet,unknown,
2026-04-21T09:17:37,0,not yet,not yet,not yet,unknown,
2026-04-21T10:17:40,0,not yet,not yet,not yet,unknown,
2026-04-21T11:17:50,57,,,,,active
2026-04-21T11:17:52,57,0.001099,0.005003,not yet,0.062500,active
2026-04-21T12:18:01,124,0.003904,0.004934,not yet,0.156250,active
2026-04-21T13:18:01,189,0.003446,0.004945,not yet,0.187500,active
2026-04-21T14:18:02,256,0.012183,0.004831,not yet,0.125000,active
2026-04-21T15:18:03,323,0.014220,0.004902,not yet,0.187500,active
2026-04-21T16:18:19,390,0.008535,0.004894,not yet,0.281250,active
2026-04-21T17:18:26,457,0.019243,0.004820,not yet,0.312500,active
2026-04-21T18:18:38,524,0.028469,0.004783,not yet,0.000000,active
2026-04-21T19:18:49,591,0.032233,0.004823,not yet,0.156250,active
2026-04-21T20:18:52,657,0.038930,0.004738,not yet,0.312500,active
2026-04-21T21:18:54,724,0.045168,0.004800,not yet,0.218750,active
2026-04-21T22:19:02,791,0.037367,0.004817,not yet,0.281250,active
2026-04-21T23:19:15,858,0.064076,0.004754,not yet,0.281250,active
2026-04-22T00:19:32,925,0.052318,0.004819,not yet,0.125000,active
2026-04-22T01:19:41,992,0.114732,0.004485,not yet,0.218750,active
2026-04-22T02:19:42,1058,0.031822,0.004778,not yet,0.187500,active
2026-04-22T03:19:52,1125,0.070562,0.004680,not yet,0.218750,active
2026-04-22T04:20:31,1192,0.046620,0.004803,not yet,0.125000,active
2026-04-22T05:20:02,1258,0.015140,0.004868,not yet,0.187500,active
2026-04-22T06:20:12,1324,0.026417,0.004846,not yet,0.093750,active
2026-04-22T07:20:22,1391,0.107463,0.004567,not yet,0.187500,active
2026-04-22T08:20:28,1457,0.057131,0.004638,not yet,0.093750,active
2026-04-22T09:20:32,1524,0.034877,0.004745,not yet,0.187500,active
2026-04-22T10:20:31,,,,,,active
2026-04-22T10:20:34,0,not yet,not yet,not yet,unknown,
2026-04-22T11:20:37,0,not yet,not yet,not yet,unknown,
2026-04-22T12:20:47,0,not yet,not yet,not yet,unknown,
2026-04-22T13:20:56,0,not yet,not yet,not yet,unknown,
2026-04-22T14:21:02,0,not yet,not yet,not yet,unknown,
2026-04-22T15:21:12,0,not yet,not yet,not yet,unknown,
2026-04-22T16:21:25,0,not yet,not yet,not yet,unknown,
2026-04-22T17:21:32,0,not yet,not yet,not yet,unknown,
2026-04-22T18:21:42,0,not yet,not yet,not yet,unknown,
2026-04-22T19:21:45,0,not yet,not yet,not yet,unknown,
2026-04-22T20:22:02,0,not yet,not yet,not yet,unknown,
2026-04-22T21:22:11,0,not yet,not yet,not yet,unknown,
2026-04-22T22:22:12,0,not yet,not yet,not yet,unknown,
2026-04-22T23:22:22,0,not yet,not yet,not yet,unknown,
2026-04-23T00:22:32,0,not yet,not yet,not yet,unknown,
2026-04-23T01:22:41,0,not yet,not yet,not yet,unknown,
2026-04-23T02:22:42,0,not yet,not yet,not yet,unknown,
2026-04-23T03:22:52,0,not yet,not yet,not yet,unknown,
2026-04-23T04:22:53,0,not yet,not yet,not yet,unknown,
2026-04-23T05:22:54,0,not yet,not yet,not yet,unknown,
2026-04-23T06:23:02,0,not yet,not yet,not yet,unknown,
2026-04-23T07:23:14,0,not yet,not yet,not yet,unknown,
2026-04-23T08:23:23,0,not yet,not yet,not yet,unknown,
2026-04-23T09:23:32,0,not yet,not yet,not yet,unknown,
2026-04-23T10:23:42,0,not yet,not yet,not yet,unknown,
2026-04-23T11:23:52,0,not yet,not yet,not yet,unknown,
2026-04-23T12:23:54,0,not yet,not yet,not yet,unknown,
2026-04-23T13:23:57,0,not yet,not yet,not yet,unknown,
2026-04-23T14:24:02,0,not yet,not yet,not yet,unknown,
2026-04-23T15:24:14,0,not yet,not yet,not yet,unknown,
2026-04-23T16:24:32,0,not yet,not yet,not yet,unknown,
2026-04-23T17:24:35,0,not yet,not yet,not yet,unknown,
2026-04-23T18:24:37,0,not yet,not yet,not yet,unknown,
2026-04-23T19:24:52,0,not yet,not yet,not yet,unknown,
2026-04-23T20:24:59,0,not yet,not yet,not yet,unknown,
2026-04-23T21:25:02,0,not yet,not yet,not yet,unknown,
2026-04-23T22:25:12,0,not yet,not yet,not yet,unknown,
2026-04-23T23:25:22,0,not yet,not yet,not yet,unknown,
2026-04-24T00:25:32,0,not yet,not yet,not yet,unknown,
2026-04-24T01:25:33,0,not yet,not yet,not yet,unknown,
2026-04-24T02:25:34,0,not yet,not yet,not yet,unknown,
2026-04-24T03:25:43,0,not yet,not yet,not yet,unknown,
2026-04-24T04:25:44,0,not yet,not yet,not yet,unknown,
2026-04-24T05:26:02,0,not yet,not yet,not yet,unknown,
2026-04-24T06:26:12,0,not yet,not yet,not yet,unknown,
2026-04-24T07:26:22,0,not yet,not yet,not yet,unknown,
2026-04-24T08:26:24,0,not yet,not yet,not yet,unknown,
2026-04-24T09:26:32,0,not yet,not yet,not yet,unknown,
2026-04-24T10:26:42,0,not yet,not yet,not yet,unknown,
2026-04-24T11:26:44,0,not yet,not yet,not yet,unknown,
2026-04-24T12:26:52,0,not yet,not yet,not yet,unknown,
2026-04-24T13:27:02,0,not yet,not yet,not yet,unknown,
2026-04-24T14:27:12,0,not yet,not yet,not yet,unknown,
2026-04-24T15:27:22,0,not yet,not yet,not yet,unknown,
2026-04-24T16:27:32,0,not yet,not yet,not yet,unknown,
2026-04-24T17:27:40,0,not yet,not yet,not yet,unknown,
2026-04-24T17:49:26,0,not yet,not yet,not yet,unknown,
2026-04-24T18:08:49,0,not yet,not yet,not yet,unknown,
2026-04-24T19:08:49,0,not yet,not yet,not yet,unknown,
2026-04-24T20:08:50,0,not yet,not yet,not yet,unknown,
2026-04-24T21:08:50,0,not yet,not yet,not yet,unknown,
2026-04-24T22:08:50,0,not yet,not yet,not yet,unknown,
2026-04-24T23:08:51,0,not yet,not yet,not yet,unknown,
2026-04-25T00:08:51,0,not yet,not yet,not yet,unknown,
2026-04-25T01:09:01,0,not yet,not yet,not yet,unknown,
2026-04-25T02:09:09,0,not yet,not yet,not yet,unknown,
2026-04-25T03:09:18,0,not yet,not yet,not yet,unknown,
2026-04-25T04:09:26,0,not yet,not yet,not yet,unknown,
2026-04-25T05:09:35,0,not yet,not yet,not yet,unknown,
2026-04-25T06:09:40,0,not yet,not yet,not yet,unknown,
2026-04-25T07:09:50,0,not yet,not yet,not yet,unknown,
2026-04-25T08:10:00,0,not yet,not yet,not yet,unknown,
2026-04-25T09:10:00,0,not yet,not yet,not yet,unknown,
2026-04-25T10:10:17,0,not yet,not yet,not yet,unknown,
2026-04-25T11:10:17,0,not yet,not yet,not yet,unknown,
2026-04-25T12:10:17,0,not yet,not yet,not yet,unknown,
2026-04-25T13:10:31,0,not yet,not yet,not yet,unknown,
2026-04-25T14:10:33,0,not yet,not yet,not yet,unknown,
2026-04-25T15:10:50,0,not yet,not yet,not yet,unknown,
2026-04-25T16:01:09,0,not yet,not yet,not yet,unknown,
2026-04-25T16:51:40,0,not yet,not yet,not yet,unknown,
2026-04-25T17:51:40,0,not yet,not yet,not yet,unknown,
2026-04-25T18:51:01,0,not yet,not yet,not yet,unknown,
2026-04-25T19:26:59,0,not yet,not yet,not yet,unknown,
2026-04-27T08:40:11,,,,,,
2026-04-27T08:40:13,0,not yet,not yet,not yet,unknown,
2026-04-27T10:40:29,,,,,,
2026-04-27T10:40:31,0,not yet,not yet,not yet,unknown,
2026-04-27T11:40:42,0,not yet,not yet,not yet,unknown,
2026-04-27T12:40:53,0,not yet,not yet,not yet,unknown,
2026-04-27T13:41:03,0,not yet,not yet,not yet,unknown,
2026-04-27T14:41:12,0,not yet,not yet,not yet,unknown,
2026-04-27T15:41:22,0,not yet,not yet,not yet,unknown,
2026-04-27T16:41:31,0,not yet,not yet,not yet,unknown,
2026-04-28T08:42:16,,,,,,
2026-04-28T08:42:19,0,not yet,not yet,not yet,unknown,
2026-04-28T09:42:19,0,not yet,not yet,not yet,unknown,
2026-04-28T10:42:19,0,not yet,not yet,not yet,unknown,
2026-04-28T11:42:19,0,not yet,not yet,not yet,unknown,
2026-04-28T12:10:50,0,not yet,not yet,not yet,unknown,
2026-04-28T12:26:44,0,not yet,not yet,not yet,unknown,
2026-04-28T13:26:44,0,not yet,not yet,not yet,unknown,
2026-04-28T14:26:44,0,not yet,not yet,not yet,unknown,
2026-04-28T15:26:45,0,not yet,not yet,not yet,unknown,
2026-04-28T16:26:45,0,not yet,not yet,not yet,unknown,
2026-04-29T08:07:42,,,,,,
2026-04-29T08:07:45,0,not yet,not yet,not yet,unknown,
2026-04-29T09:07:40,0,not yet,not yet,not yet,unknown,
2026-04-29T10:07:40,0,not yet,not yet,not yet,unknown,
2026-04-29T11:07:41,0,not yet,not yet,not yet,unknown,
2026-04-29T12:07:42,0,not yet,not yet,not yet,unknown,
2026-04-29T13:07:46,0,not yet,not yet,not yet,unknown,
2026-04-29T14:07:48,0,not yet,not yet,not yet,unknown,
2026-04-29T15:07:49,0,not yet,not yet,not yet,unknown,
2026-04-29T16:08:01,0,not yet,not yet,not yet,unknown,
2026-04-29T17:08:06,0,not yet,not yet,not yet,unknown,
2026-04-29T18:08:16,0,not yet,not yet,not yet,unknown,
2026-04-29T19:08:26,0,not yet,not yet,not yet,unknown,
2026-04-29T20:08:36,0,not yet,not yet,not yet,unknown,
2026-04-29T21:08:43,0,not yet,not yet,not yet,unknown,
2026-04-29T22:08:46,0,not yet,not yet,not yet,unknown,
2026-04-29T23:08:49,0,not yet,not yet,not yet,unknown,
2026-04-30T00:09:06,0,not yet,not yet,not yet,unknown,
2026-04-30T01:09:16,0,not yet,not yet,not yet,unknown,
2026-04-30T02:09:24,0,not yet,not yet,not yet,unknown,
2026-04-30T03:09:26,0,not yet,not yet,not yet,unknown,
2026-04-30T04:09:31,0,not yet,not yet,not yet,unknown,
2026-04-30T05:09:46,0,not yet,not yet,not yet,unknown,
2026-04-30T06:09:54,0,not yet,not yet,not yet,unknown,
2026-04-30T07:09:56,0,not yet,not yet,not yet,unknown,
2026-04-30T08:10:05,0,not yet,not yet,not yet,unknown,
2026-04-30T09:10:16,0,not yet,not yet,not yet,unknown,
2026-04-30T10:10:24,0,not yet,not yet,not yet,unknown,
2026-04-30T11:10:26,0,not yet,not yet,not yet,unknown,
2026-04-30T12:10:27,0,not yet,not yet,not yet,unknown,
2026-04-30T13:10:43,0,not yet,not yet,not yet,unknown,
2026-04-30T14:10:46,0,not yet,not yet,not yet,unknown,
2026-04-30T15:10:56,0,not yet,not yet,not yet,unknown,
2026-04-30T16:11:06,0,not yet,not yet,not yet,unknown,
2026-04-30T17:11:06,0,not yet,not yet,not yet,unknown,
2026-04-30T18:11:13,0,not yet,not yet,not yet,unknown,
2026-04-30T19:11:16,0,not yet,not yet,not yet,unknown,
2026-04-30T20:11:36,0,not yet,not yet,not yet,unknown,
2026-04-30T21:11:46,0,not yet,not yet,not yet,unknown,
2026-04-30T22:11:54,0,not yet,not yet,not yet,unknown,
2026-04-30T23:11:56,0,not yet,not yet,not yet,unknown,
2026-05-01T00:11:58,0,not yet,not yet,not yet,unknown,
2026-05-01T01:12:16,0,not yet,not yet,not yet,unknown,
2026-05-01T02:12:24,0,not yet,not yet,not yet,unknown,
2026-05-01T03:12:26,0,not yet,not yet,not yet,unknown,
2026-05-01T04:12:35,0,not yet,not yet,not yet,unknown,
2026-05-01T05:12:46,0,not yet,not yet,not yet,unknown,
2026-05-01T06:12:54,0,not yet,not yet,not yet,unknown,
2026-05-01T07:12:55,0,not yet,not yet,not yet,unknown,
2026-05-01T08:13:03,0,not yet,not yet,not yet,unknown,
2026-05-01T09:13:13,0,not yet,not yet,not yet,unknown,
2026-05-01T10:13:16,0,not yet,not yet,not yet,unknown,
2026-05-01T11:13:26,0,not yet,not yet,not yet,unknown,
2026-05-01T12:13:33,0,not yet,not yet,not yet,unknown,
2026-05-01T13:13:34,0,not yet,not yet,not yet,unknown,
2026-05-01T14:13:51,0,not yet,not yet,not yet,unknown,
2026-05-01T15:13:56,0,not yet,not yet,not yet,unknown,
2026-05-01T16:14:06,0,not yet,not yet,not yet,unknown,
2026-05-01T17:14:13,0,not yet,not yet,not yet,unknown,
2026-05-01T18:14:15,0,not yet,not yet,not yet,unknown,
2026-05-01T19:14:16,0,not yet,not yet,not yet,unknown,
2026-05-01T20:14:17,0,not yet,not yet,not yet,unknown,
2026-05-01T21:14:27,0,not yet,not yet,not yet,unknown,
2026-05-01T22:14:38,0,not yet,not yet,not yet,unknown,
2026-05-01T23:14:47,0,not yet,not yet,not yet,unknown,
2026-05-02T00:14:56,0,not yet,not yet,not yet,unknown,
2026-05-02T01:15:05,0,not yet,not yet,not yet,unknown,
2026-05-02T02:15:16,0,not yet,not yet,not yet,unknown,
2026-05-02T03:15:26,0,not yet,not yet,not yet,unknown,
2026-05-02T06:38:56,,,,,,
2026-05-02T06:38:58,0,not yet,not yet,not yet,unknown,
2026-05-02T06:51:47,0,not yet,not yet,not yet,unknown,
2026-05-02T07:51:47,0,not yet,not yet,not yet,unknown,
2026-05-02T08:51:47,0,not yet,not yet,not yet,unknown,
2026-05-02T09:51:47,0,not yet,not yet,not yet,unknown,
2026-05-02T10:51:53,0,not yet,not yet,not yet,unknown,
2026-05-02T11:51:48,0,not yet,not yet,not yet,unknown,
2026-05-02T12:51:50,0,not yet,not yet,not yet,unknown,
2026-05-02T13:51:53,0,not yet,not yet,not yet,unknown,
2026-05-02T14:52:01,0,not yet,not yet,not yet,unknown,
2026-05-02T15:52:19,0,not yet,not yet,not yet,unknown,
2026-05-02T16:52:30,0,not yet,not yet,not yet,unknown,
2026-05-02T17:52:31,0,not yet,not yet,not yet,unknown,
2026-05-02T18:52:41,0,not yet,not yet,not yet,unknown,
2026-05-02T19:52:45,0,not yet,not yet,not yet,unknown,
2026-05-02T20:53:01,0,not yet,not yet,not yet,unknown,
2026-05-02T21:53:10,0,not yet,not yet,not yet,unknown,
2026-05-02T22:53:11,0,not yet,not yet,not yet,unknown,
2026-05-02T23:53:12,0,not yet,not yet,not yet,unknown,
2026-05-03T00:53:13,0,not yet,not yet,not yet,unknown,
2026-05-03T01:53:13,0,not yet,not yet,not yet,unknown,
2026-05-03T02:53:15,0,not yet,not yet,not yet,unknown,
2026-05-03T03:53:23,0,not yet,not yet,not yet,unknown,
2026-05-03T04:53:40,0,not yet,not yet,not yet,unknown,
2026-05-03T05:53:43,0,not yet,not yet,not yet,unknown,
2026-05-03T06:54:01,0,not yet,not yet,not yet,unknown,
2026-05-03T07:54:11,0,not yet,not yet,not yet,unknown,
2026-05-03T08:54:18,0,not yet,not yet,not yet,unknown,
2026-05-03T09:54:20,0,not yet,not yet,not yet,unknown,
2026-05-03T10:54:41,0,not yet,not yet,not yet,unknown,
2026-05-03T11:54:48,0,not yet,not yet,not yet,unknown,
2026-05-03T12:54:48,0,not yet,not yet,not yet,unknown,
2026-05-03T13:54:51,0,not yet,not yet,not yet,unknown,
2026-05-03T14:55:01,0,not yet,not yet,not yet,unknown,
2026-05-03T15:55:12,0,not yet,not yet,not yet,unknown,
2026-05-03T16:55:27,0,not yet,not yet,not yet,unknown,
2026-05-03T17:55:32,0,not yet,not yet,not yet,unknown,
2026-05-03T18:55:41,0,not yet,not yet,not yet,unknown,
2026-05-03T19:32:03,0,not yet,not yet,not yet,unknown,
2026-05-03T20:32:03,0,not yet,not yet,not yet,unknown,
2026-05-03T20:42:30,0,not yet,not yet,not yet,unknown,
2026-05-03T21:42:31,0,not yet,not yet,not yet,unknown,
2026-05-03T22:42:31,0,not yet,not yet,not yet,unknown,
2026-05-03T23:45:48,,,,,,
2026-05-03T23:45:50,0,not yet,not yet,not yet,unknown,
2026-05-13T08:02:09,,,,,,
2026-05-13T08:02:11,0,not yet,not yet,not yet,unknown,
2026-05-13T09:02:11,0,not yet,not yet,not yet,unknown,
2026-05-13T10:02:11,0,not yet,not yet,not yet,unknown,
2026-05-13T11:02:12,0,not yet,not yet,not yet,unknown,
2026-05-13T11:30:44,0,not yet,not yet,not yet,unknown,
2026-05-13T12:30:44,0,not yet,not yet,not yet,unknown,
2026-05-13T13:30:45,0,not yet,not yet,not yet,unknown,
2026-05-13T14:30:45,0,not yet,not yet,not yet,unknown,
2026-05-13T15:30:47,0,not yet,not yet,not yet,unknown,
2026-05-13T16:30:48,0,not yet,not yet,not yet,unknown,
2026-05-13T17:30:49,0,not yet,not yet,not yet,unknown,
2026-05-13T18:30:58,0,not yet,not yet,not yet,unknown,
2026-05-13T19:31:09,0,not yet,not yet,not yet,unknown,
2026-05-13T20:31:18,0,not yet,not yet,not yet,unknown,
2026-05-13T21:31:28,0,not yet,not yet,not yet,unknown,
2026-05-13T22:31:37,0,not yet,not yet,not yet,unknown,
2026-05-13T23:31:40,0,not yet,not yet,not yet,unknown,
2026-05-14T00:31:48,0,not yet,not yet,not yet,unknown,
2026-05-14T01:31:59,0,not yet,not yet,not yet,unknown,
2026-05-14T02:32:06,0,not yet,not yet,not yet,unknown,
2026-05-14T03:32:09,0,not yet,not yet,not yet,unknown,
2026-05-14T04:32:19,0,not yet,not yet,not yet,unknown,
2026-05-14T05:32:28,0,not yet,not yet,not yet,unknown,
2026-05-14T06:32:37,0,not yet,not yet,not yet,unknown,
2026-05-14T07:32:39,0,not yet,not yet,not yet,unknown,
2026-05-14T08:32:49,0,not yet,not yet,not yet,unknown,
2026-05-14T09:33:03,0,not yet,not yet,not yet,unknown,
2026-05-14T10:33:06,0,not yet,not yet,not yet,unknown,
2026-05-14T11:33:09,0,not yet,not yet,not yet,unknown,
2026-05-14T12:33:11,0,not yet,not yet,not yet,unknown,
2026-05-14T13:33:14,0,not yet,not yet,not yet,unknown,
2026-05-14T14:33:28,0,not yet,not yet,not yet,unknown,
2026-05-14T15:33:39,0,not yet,not yet,not yet,unknown,
2026-05-14T16:33:49,0,not yet,not yet,not yet,unknown,
2026-05-14T17:33:59,0,not yet,not yet,not yet,unknown,
2026-05-14T18:34:07,0,not yet,not yet,not yet,unknown,
2026-05-14T19:34:08,0,not yet,not yet,not yet,unknown,
2026-05-14T20:34:12,0,not yet,not yet,not yet,unknown,
2026-05-14T21:34:18,0,not yet,not yet,not yet,unknown,
2026-05-14T22:34:26,0,not yet,not yet,not yet,unknown,
2026-05-14T23:34:28,0,not yet,not yet,not yet,unknown,
2026-05-15T00:34:49,0,not yet,not yet,not yet,unknown,
2026-05-15T01:34:58,0,not yet,not yet,not yet,unknown,
2026-05-15T02:35:04,0,not yet,not yet,not yet,unknown,
2026-05-15T03:35:04,0,not yet,not yet,not yet,unknown,
2026-05-15T04:35:04,0,not yet,not yet,not yet,unknown,
2026-05-15T05:35:04,0,not yet,not yet,not yet,unknown,
2026-05-15T06:35:04,0,not yet,not yet,not yet,unknown,
2026-05-15T07:39:38,0,not yet,not yet,not yet,unknown,
2026-05-15T08:39:39,0,not yet,not yet,not yet,unknown,
2026-05-15T09:39:38,0,not yet,not yet,not yet,unknown,
2026-05-15T10:39:39,0,not yet,not yet,not yet,unknown,
2026-05-15T11:39:39,0,not yet,not yet,not yet,unknown,
2026-05-15T12:39:41,0,not yet,not yet,not yet,unknown,
2026-05-15T13:39:47,0,not yet,not yet,not yet,unknown,
2026-05-15T14:39:48,0,not yet,not yet,not yet,unknown,
2026-05-15T15:39:49,0,not yet,not yet,not yet,unknown,
2026-05-15T16:39:50,0,not yet,not yet,not yet,unknown,
2026-05-15T17:40:06,0,not yet,not yet,not yet,unknown,
2026-05-15T18:40:16,0,not yet,not yet,not yet,unknown,
2026-05-15T19:40:17,0,not yet,not yet,not yet,unknown,
2026-05-15T20:40:37,0,not yet,not yet,not yet,unknown,
2026-05-15T21:40:41,0,not yet,not yet,not yet,unknown,
2026-05-15T22:40:47,0,not yet,not yet,not yet,unknown,
2026-05-15T23:40:57,0,not yet,not yet,not yet,unknown,
2026-05-16T00:41:07,0,not yet,not yet,not yet,unknown,
2026-05-16T01:41:08,0,not yet,not yet,not yet,unknown,
2026-05-16T02:41:17,0,not yet,not yet,not yet,unknown,
2026-05-16T03:41:27,0,not yet,not yet,not yet,unknown,
2026-05-16T04:41:37,0,not yet,not yet,not yet,unknown,
2026-05-16T05:41:43,0,not yet,not yet,not yet,unknown,
2026-05-16T06:41:39,0,not yet,not yet,not yet,unknown,
2026-05-16T07:41:40,0,not yet,not yet,not yet,unknown,
2026-05-16T08:41:40,0,not yet,not yet,not yet,unknown,
2026-05-16T09:50:24,0,not yet,not yet,not yet,unknown,
2026-05-16T10:50:24,0,not yet,not yet,not yet,unknown,
2026-05-16T11:50:37,0,not yet,not yet,not yet,unknown,
2026-05-16T12:50:37,0,not yet,not yet,not yet,unknown,
2026-05-16T13:50:37,0,not yet,not yet,not yet,unknown,
2026-05-16T14:50:38,0,not yet,not yet,not yet,unknown,
2026-05-16T15:50:37,,,,,,
2026-05-16T15:50:39,0,not yet,not yet,not yet,unknown,
2026-05-16T16:26:40,,,,,,
2026-05-16T16:26:42,0,not yet,not yet,not yet,unknown,
2026-05-16T17:26:41,0,not yet,not yet,not yet,unknown,
2026-05-16T18:26:41,0,not yet,not yet,not yet,unknown,
2026-05-16T19:19:32,0,not yet,not yet,not yet,unknown,
2026-05-16T20:19:32,0,not yet,not yet,not yet,unknown,
2026-05-16T21:19:32,0,not yet,not yet,not yet,unknown,
2026-05-16T22:19:33,0,not yet,not yet,not yet,unknown,
2026-05-16T23:19:33,0,not yet,not yet,not yet,unknown,
2026-05-17T00:19:34,0,not yet,not yet,not yet,unknown,
2026-05-17T01:19:34,0,not yet,not yet,not yet,unknown,
2026-05-17T02:19:47,0,not yet,not yet,not yet,unknown,
2026-05-17T03:19:57,0,not yet,not yet,not yet,unknown,
2026-05-17T04:20:03,0,not yet,not yet,not yet,unknown,
2026-05-17T05:20:13,0,not yet,not yet,not yet,unknown,
2026-05-17T06:20:23,0,not yet,not yet,not yet,unknown,
2026-05-17T06:33:06,0,not yet,not yet,not yet,unknown,
2026-05-17T07:33:06,0,not yet,not yet,not yet,unknown,
2026-05-17T08:33:07,0,not yet,not yet,not yet,unknown,
2026-05-17T09:33:07,0,not yet,not yet,not yet,unknown,
2026-05-17T10:33:07,0,not yet,not yet,not yet,unknown,
2026-05-17T11:33:12,0,not yet,not yet,not yet,unknown,
2026-05-17T12:33:23,0,not yet,not yet,not yet,unknown,
2026-05-17T13:33:30,0,not yet,not yet,not yet,unknown,
2026-05-17T14:33:32,0,not yet,not yet,not yet,unknown,
2026-05-17T15:33:36,0,not yet,not yet,not yet,unknown,
2026-05-17T16:33:43,0,not yet,not yet,not yet,unknown,
2026-05-17T17:33:53,0,not yet,not yet,not yet,unknown,
2026-05-17T18:34:03,0,not yet,not yet,not yet,unknown,
2026-05-17T19:34:08,0,not yet,not yet,not yet,unknown,
2026-05-17T20:34:23,0,not yet,not yet,not yet,unknown,
2026-05-17T21:34:30,0,not yet,not yet,not yet,unknown,
2026-05-17T22:34:32,0,not yet,not yet,not yet,unknown,
2026-05-17T23:34:32,0,not yet,not yet,not yet,unknown,
2026-05-18T00:34:43,0,not yet,not yet,not yet,unknown,
2026-05-18T01:34:53,0,not yet,not yet,not yet,unknown,
2026-05-18T02:34:56,0,not yet,not yet,not yet,unknown,
2026-05-18T03:35:13,0,not yet,not yet,not yet,unknown,
2026-05-18T04:35:15,0,not yet,not yet,not yet,unknown,
2026-05-18T05:35:23,0,not yet,not yet,not yet,unknown,
2026-05-18T06:35:33,0,not yet,not yet,not yet,unknown,
2026-05-18T07:35:37,0,not yet,not yet,not yet,unknown,
2026-05-18T08:35:43,0,not yet,not yet,not yet,unknown,
2026-05-18T09:35:44,0,not yet,not yet,not yet,unknown,
2026-05-18T10:35:49,0,not yet,not yet,not yet,unknown,
2026-05-18T11:36:05,0,not yet,not yet,not yet,unknown,
2026-05-18T12:36:12,0,not yet,not yet,not yet,unknown,
2026-05-18T13:36:12,0,not yet,not yet,not yet,unknown,
2026-05-18T14:36:16,0,not yet,not yet,not yet,unknown,
2026-05-18T15:19:53,0,not yet,not yet,not yet,unknown,
2026-05-18T15:55:23,0,not yet,not yet,not yet,unknown,
2026-05-18T16:55:23,0,not yet,not yet,not yet,unknown,
2026-05-18T17:55:24,0,not yet,not yet,not yet,unknown,
2026-05-18T18:55:24,0,not yet,not yet,not yet,unknown,
2026-05-18T19:55:25,0,not yet,not yet,not yet,unknown,
2026-05-18T20:55:25,0,not yet,not yet,not yet,unknown,
2026-05-18T21:55:26,0,not yet,not yet,not yet,unknown,
2026-05-18T22:55:37,0,not yet,not yet,not yet,unknown,
2026-05-18T23:55:44,0,not yet,not yet,not yet,unknown,
2026-05-19T00:55:54,0,not yet,not yet,not yet,unknown,
2026-05-19T01:56:04,0,not yet,not yet,not yet,unknown,
2026-05-19T02:56:14,0,not yet,not yet,not yet,unknown,
2026-05-19T03:56:25,0,not yet,not yet,not yet,unknown,
2026-05-19T04:56:33,0,not yet,not yet,not yet,unknown,
2026-05-19T05:56:34,0,not yet,not yet,not yet,unknown,
2026-05-19T06:56:49,0,not yet,not yet,not yet,unknown,
2026-05-19T07:56:55,0,not yet,not yet,not yet,unknown,
2026-05-19T08:57:03,0,not yet,not yet,not yet,unknown,
2026-05-19T09:57:04,0,not yet,not yet,not yet,unknown,
2026-05-19T10:57:10,0,not yet,not yet,not yet,unknown,
2026-05-19T11:57:20,0,not yet,not yet,not yet,unknown,
2026-05-19T12:51:52,,,,,,
2026-05-19T12:51:55,0,not yet,not yet,not yet,unknown,
2026-05-19T13:51:55,0,not yet,not yet,not yet,unknown,
2026-05-19T14:51:55,0,not yet,not yet,not yet,unknown,
2026-05-19T15:51:55,0,not yet,not yet,not yet,unknown,
2026-05-19T16:51:56,0,not yet,not yet,not yet,unknown,
2026-05-19T17:52:02,0,not yet,not yet,not yet,unknown,
2026-05-19T18:52:12,0,not yet,not yet,not yet,unknown,
2026-05-19T19:52:19,0,not yet,not yet,not yet,unknown,
2026-05-19T20:52:21,0,not yet,not yet,not yet,unknown,
2026-05-19T21:52:22,0,not yet,not yet,not yet,unknown,
2026-05-19T22:52:41,0,not yet,not yet,not yet,unknown,
2026-05-19T23:52:42,0,not yet,not yet,not yet,unknown,
2026-05-20T00:52:48,0,not yet,not yet,not yet,unknown,
2026-05-20T01:52:50,0,not yet,not yet,not yet,unknown,
2026-05-20T02:53:01,0,not yet,not yet,not yet,unknown,
2026-05-20T03:53:07,0,not yet,not yet,not yet,unknown,
2026-05-20T04:53:22,0,not yet,not yet,not yet,unknown,
2026-05-20T05:53:32,0,not yet,not yet,not yet,unknown,
2026-05-20T06:53:42,0,not yet,not yet,not yet,unknown,
2026-05-20T07:53:49,0,not yet,not yet,not yet,unknown,
2026-05-20T08:53:52,0,not yet,not yet,not yet,unknown,
2026-05-20T09:54:01,0,not yet,not yet,not yet,unknown,
2026-05-20T10:54:12,0,not yet,not yet,not yet,unknown,
2026-05-20T11:54:19,0,not yet,not yet,not yet,unknown,
2026-05-20T12:54:22,0,not yet,not yet,not yet,unknown,
2026-05-20T13:54:24,0,not yet,not yet,not yet,unknown,
2026-05-20T14:54:26,0,not yet,not yet,not yet,unknown,
2026-05-20T15:54:41,0,not yet,not yet,not yet,unknown,
2026-05-20T16:54:43,0,not yet,not yet,not yet,unknown,
2026-05-20T17:54:43,0,not yet,not yet,not yet,unknown,
2026-05-20T18:55:01,0,not yet,not yet,not yet,unknown,
2026-05-20T19:55:11,0,not yet,not yet,not yet,unknown,
2026-05-20T20:55:21,0,not yet,not yet,not yet,unknown,
2026-05-20T21:55:31,0,not yet,not yet,not yet,unknown,
2026-05-20T22:55:40,0,not yet,not yet,not yet,unknown,
2026-05-20T23:55:42,0,not yet,not yet,not yet,unknown,
2026-05-21T00:55:51,0,not yet,not yet,not yet,unknown,
2026-05-21T01:56:02,0,not yet,not yet,not yet,unknown,
2026-05-21T02:56:03,0,not yet,not yet,not yet,unknown,
2026-05-21T03:56:08,0,not yet,not yet,not yet,unknown,
2026-05-21T04:56:12,0,not yet,not yet,not yet,unknown,
2026-05-21T05:56:14,0,not yet,not yet,not yet,unknown,
2026-05-21T06:56:20,0,not yet,not yet,not yet,unknown,
2026-05-21T07:56:22,0,not yet,not yet,not yet,unknown,
2026-05-21T08:56:29,0,not yet,not yet,not yet,unknown,
2026-05-21T09:03:54,0,not yet,not yet,not yet,unknown,
2026-05-21T10:03:54,0,not yet,not yet,not yet,unknown,
2026-05-21T11:03:54,0,not yet,not yet,not yet,unknown,
2026-05-21T12:03:54,0,not yet,not yet,not yet,unknown,
2026-05-21T13:03:55,0,not yet,not yet,not yet,unknown,
2026-05-21T14:03:43,0,not yet,not yet,not yet,unknown,
2026-05-21T15:03:43,0,not yet,not yet,not yet,unknown,
2026-05-21T16:03:43,0,not yet,not yet,not yet,unknown,
2026-05-21T17:03:43,0,not yet,not yet,not yet,unknown,
2026-05-21T18:03:45,0,not yet,not yet,not yet,unknown,
2026-05-21T19:03:45,0,not yet,not yet,not yet,unknown,
2026-05-21T20:03:46,0,not yet,not yet,not yet,unknown,
2026-05-21T21:03:52,0,not yet,not yet,not yet,unknown,
2026-05-21T22:04:04,0,not yet,not yet,not yet,unknown,
2026-05-21T23:04:12,0,not yet,not yet,not yet,unknown,
2026-05-22T00:04:14,0,not yet,not yet,not yet,unknown,
2026-05-22T01:04:32,0,not yet,not yet,not yet,unknown,
2026-05-22T02:04:42,0,not yet,not yet,not yet,unknown,
2026-05-22T03:04:52,0,not yet,not yet,not yet,unknown,
2026-05-22T04:05:02,0,not yet,not yet,not yet,unknown,
2026-05-22T05:05:04,0,not yet,not yet,not yet,unknown,
2026-05-22T06:05:11,0,not yet,not yet,not yet,unknown,
2026-05-22T07:05:12,0,not yet,not yet,not yet,unknown,
2026-05-22T08:05:31,0,not yet,not yet,not yet,unknown,
2026-05-22T09:05:39,0,not yet,not yet,not yet,unknown,
2026-05-22T10:05:42,0,not yet,not yet,not yet,unknown,
2026-05-22T11:05:47,0,not yet,not yet,not yet,unknown,
2026-05-22T12:05:56,0,not yet,not yet,not yet,unknown,
2026-05-22T13:06:02,0,not yet,not yet,not yet,unknown,
2026-05-22T14:06:12,0,not yet,not yet,not yet,unknown,
2026-05-22T15:06:15,0,not yet,not yet,not yet,unknown,
2026-05-22T16:06:16,0,not yet,not yet,not yet,unknown,
2026-05-22T17:06:21,0,not yet,not yet,not yet,unknown,
2026-05-22T18:06:23,0,not yet,not yet,not yet,unknown,
2026-05-22T19:06:32,0,not yet,not yet,not yet,unknown,
2026-05-22T20:06:52,0,not yet,not yet,not yet,unknown,
2026-05-22T21:06:58,0,not yet,not yet,not yet,unknown,
2026-05-22T22:07:02,0,not yet,not yet,not yet,unknown,
2026-05-22T23:07:25,0,not yet,not yet,not yet,unknown,
2026-05-23T00:07:35,0,not yet,not yet,not yet,unknown,
2026-05-23T01:07:41,0,not yet,not yet,not yet,unknown,
2026-05-23T02:07:52,0,not yet,not yet,not yet,unknown,
2026-05-23T03:07:59,0,not yet,not yet,not yet,unknown,
2026-05-23T04:08:02,0,not yet,not yet,not yet,unknown,
2026-05-23T05:08:02,0,not yet,not yet,not yet,unknown,
2026-05-23T06:08:02,0,not yet,not yet,not yet,unknown,
2026-05-23T07:08:12,0,not yet,not yet,not yet,unknown,
2026-05-23T08:08:20,0,not yet,not yet,not yet,unknown,
2026-05-23T09:08:22,0,not yet,not yet,not yet,unknown,
2026-05-23T10:08:24,0,not yet,not yet,not yet,unknown,
2026-05-23T11:08:31,0,not yet,not yet,not yet,unknown,
2026-05-23T12:08:32,0,not yet,not yet,not yet,unknown,
2026-05-23T13:08:32,0,not yet,not yet,not yet,unknown,
2026-05-23T14:08:39,0,not yet,not yet,not yet,unknown,
2026-05-23T15:08:45,0,not yet,not yet,not yet,unknown,
2026-05-23T16:08:47,0,not yet,not yet,not yet,unknown,
2026-05-23T17:08:48,0,not yet,not yet,not yet,unknown,
2026-05-23T18:08:48,0,not yet,not yet,not yet,unknown,
2026-05-23T19:08:49,0,not yet,not yet,not yet,unknown,
2026-05-23T20:08:47,,,,,,
2026-05-23T20:08:50,0,not yet,not yet,not yet,unknown,
2026-05-23T21:08:48,,,,,,
2026-05-23T21:08:50,0,not yet,not yet,not yet,unknown,
2026-05-23T22:08:48,,,,,,
2026-05-23T22:08:50,0,not yet,not yet,not yet,unknown,
2026-05-23T23:08:48,,,,,,
2026-05-23T23:08:51,0,not yet,not yet,not yet,unknown,
2026-05-24T00:08:48,,,,,,
2026-05-24T00:08:51,0,not yet,not yet,not yet,unknown,
2026-05-24T01:08:48,,,,,,
2026-05-24T01:08:50,0,not yet,not yet,not yet,unknown,
2026-05-24T02:08:49,,,,,,
2026-05-24T02:08:51,0,not yet,not yet,not yet,unknown,
2026-05-24T03:08:49,,,,,,
2026-05-24T03:08:51,0,not yet,not yet,not yet,unknown,
2026-05-24T04:08:50,,,,,,
2026-05-24T04:08:52,0,not yet,not yet,not yet,unknown,
2026-05-24T05:08:50,,,,,,
2026-05-24T05:08:53,0,not yet,not yet,not yet,unknown,
2026-05-24T06:08:53,,,,,,
2026-05-24T06:08:56,0,not yet,not yet,not yet,unknown,
2026-05-24T07:08:54,,,,,,
2026-05-24T07:08:56,0,not yet,not yet,not yet,unknown,
2026-05-24T08:08:55,,,,,,
2026-05-24T08:08:58,0,not yet,not yet,not yet,unknown,
2026-05-24T09:09:00,,,,,,
2026-05-24T09:09:03,0,not yet,not yet,not yet,unknown,
2026-05-24T10:09:05,,,,,,
2026-05-24T10:09:08,0,not yet,not yet,not yet,unknown,
2026-05-24T11:09:07,,,,,,
2026-05-24T11:09:09,0,not yet,not yet,not yet,unknown,
2026-05-24T12:09:06,,,,,,
2026-05-24T12:09:09,0,not yet,not yet,not yet,unknown,
2026-05-24T13:09:07,,,,,,
2026-05-24T13:09:10,0,not yet,not yet,not yet,unknown,
2026-05-24T13:40:59,,,,,,
2026-05-24T13:41:02,0,not yet,not yet,not yet,unknown,
2026-05-24T14:41:00,,,,,,
2026-05-24T14:41:02,0,not yet,not yet,not yet,unknown,
2026-05-24T15:41:01,,,,,,
2026-05-24T15:41:03,0,not yet,not yet,not yet,unknown,
2026-05-24T16:41:02,0,not yet,not yet,not yet,unknown,
2026-05-24T17:41:02,0,not yet,not yet,not yet,unknown,
2026-05-24T18:41:12,0,not yet,not yet,not yet,unknown,
2026-05-24T19:41:17,0,not yet,not yet,not yet,unknown,
2026-05-24T20:41:23,0,not yet,not yet,not yet,unknown,
2026-05-24T21:41:22,0,not yet,not yet,not yet,unknown,
2026-05-24T22:41:29,0,not yet,not yet,not yet,unknown,
2026-05-24T23:41:45,0,not yet,not yet,not yet,unknown,
2026-05-25T00:41:49,0,not yet,not yet,not yet,unknown,
2026-05-25T01:41:59,0,not yet,not yet,not yet,unknown,
2026-05-25T02:42:09,0,not yet,not yet,not yet,unknown,
2026-05-25T03:42:17,0,not yet,not yet,not yet,unknown,
2026-05-25T04:42:18,0,not yet,not yet,not yet,unknown,
2026-05-25T05:42:18,0,not yet,not yet,not yet,unknown,
2026-05-25T06:42:19,0,not yet,not yet,not yet,unknown,
2026-05-25T07:42:20,0,not yet,not yet,not yet,unknown,
2026-05-25T08:42:22,0,not yet,not yet,not yet,unknown,
2026-05-25T09:42:24,0,not yet,not yet,not yet,unknown,
2026-05-25T10:42:39,0,not yet,not yet,not yet,unknown,
2026-05-25T11:42:55,0,not yet,not yet,not yet,unknown,
2026-05-25T12:43:05,0,not yet,not yet,not yet,unknown,
2026-05-25T13:43:15,0,not yet,not yet,not yet,unknown,
2026-05-25T14:43:25,0,not yet,not yet,not yet,unknown,
2026-05-25T15:43:29,0,not yet,not yet,not yet,unknown,
2026-05-25T16:43:32,0,not yet,not yet,not yet,unknown,
2026-05-25T17:43:55,0,not yet,not yet,not yet,unknown,
2026-05-25T18:44:02,0,not yet,not yet,not yet,unknown,
2026-05-25T19:44:09,0,not yet,not yet,not yet,unknown,
2026-05-25T20:44:25,0,not yet,not yet,not yet,unknown,
2026-05-25T21:44:29,0,not yet,not yet,not yet,unknown,
2026-05-25T22:44:30,0,not yet,not yet,not yet,unknown,
2026-05-25T23:44:49,0,not yet,not yet,not yet,unknown,
2026-05-26T00:44:59,0,not yet,not yet,not yet,unknown,
2026-05-26T01:45:00,0,not yet,not yet,not yet,unknown,
2026-05-26T02:45:05,0,not yet,not yet,not yet,unknown,
2026-05-26T03:45:19,0,not yet,not yet,not yet,unknown,
2026-05-26T04:45:29,0,not yet,not yet,not yet,unknown,
2026-05-26T05:45:35,0,not yet,not yet,not yet,unknown,
2026-05-26T06:45:39,0,not yet,not yet,not yet,unknown,
2026-05-26T07:45:49,0,not yet,not yet,not yet,unknown,
2026-05-26T08:45:59,0,not yet,not yet,not yet,unknown,
2026-05-26T09:46:02,0,not yet,not yet,not yet,unknown,
2026-05-26T10:46:09,0,not yet,not yet,not yet,unknown,
2026-05-26T11:46:19,0,not yet,not yet,not yet,unknown,
2026-05-26T12:46:23,0,not yet,not yet,not yet,unknown,
2026-05-26T13:46:24,0,not yet,not yet,not yet,unknown,
2026-05-26T14:46:28,0,not yet,not yet,not yet,unknown,
2026-05-26T15:46:29,0,not yet,not yet,not yet,unknown,
2026-05-26T16:46:45,30,,,,,active
2026-05-26T16:46:47,30,0.000413,0.001000,not yet,0.328125,active
2026-05-26T17:46:49,75,0.000881,0.001000,not yet,0.203125,active
2026-05-26T18:46:58,33,0.000949,0.000000,not yet,0.281250,active
2026-05-26T19:47:20,79,0.003440,0.000000,not yet,0.296875,active
2026-05-26T20:47:29,115,0.004259,0.000000,not yet,0.218750,active
2026-05-26T21:47:35,148,0.004678,0.000000,not yet,0.109375,active
2026-05-26T22:47:39,181,0.010119,0.000000,not yet,0.171875,active
2026-05-26T23:47:47,214,0.009872,0.000000,not yet,0.187500,active
2026-05-27T00:47:59,247,0.010464,0.000000,not yet,0.234375,active
2026-05-27T01:48:09,281,0.016041,0.000000,not yet,0.250000,active
2026-05-27T02:48:21,314,0.017484,0.000000,not yet,0.406250,active
2026-05-27T03:48:19,346,0.058049,0.000000,not yet,0.171875,active
2026-05-27T04:48:26,378,0.023888,0.000000,not yet,0.156250,active
2026-05-27T05:48:29,411,0.029643,0.000000,not yet,0.187500,active
2026-05-27T06:48:32,443,0.021582,0.000000,not yet,0.218750,active
2026-05-27T07:48:36,476,0.037249,0.000000,not yet,0.296875,active
2026-05-27T08:48:42,508,0.035730,0.000000,not yet,0.390625,active
2026-05-27T09:48:53,541,0.021075,0.000000,not yet,0.187500,active
2026-05-27T10:49:02,574,0.050379,0.000000,not yet,0.187500,active
2026-05-27T11:49:12,606,0.031528,0.000000,not yet,0.171875,active
2026-05-27T12:49:22,639,0.052497,0.000000,not yet,0.281250,active
2026-05-27T13:49:25,671,0.061000,0.000000,not yet,0.281250,active
2026-05-27T14:49:29,704,0.039461,0.000000,not yet,0.296875,active
2026-05-27T15:49:32,736,0.071808,0.000000,not yet,0.359375,active
2026-05-27T16:49:49,769,0.023645,0.000000,not yet,0.187500,active
2026-05-27T17:49:51,802,0.067120,0.000000,not yet,0.203125,active
2026-05-27T18:50:08,835,0.072701,0.000000,not yet,0.187500,active
2026-05-27T19:50:19,868,0.067811,0.000000,not yet,0.125000,active
2026-05-27T20:50:29,901,0.175102,0.000000,not yet,0.156250,active
2026-05-27T21:50:39,933,0.162802,0.000000,not yet,0.125000,active
2026-05-27T22:50:48,966,0.081280,0.000000,not yet,0.171875,active
2026-05-27T23:50:50,998,0.202718,0.000000,not yet,0.125000,active
2026-05-28T00:50:59,1030,0.306303,0.000000,not yet,0.265625,active
2026-05-28T01:51:02,1063,0.229181,0.000000,not yet,0.218750,active
2026-05-28T02:51:09,1095,0.044218,0.000000,not yet,0.453125,active
2026-05-28T03:51:19,1128,0.267032,0.000000,not yet,0.265625,active
2026-05-28T04:51:21,1161,0.077686,0.000000,not yet,0.156250,active
2026-05-28T05:51:23,1193,0.330541,0.000000,not yet,0.250000,active
2026-05-28T06:51:23,1226,0.531914,0.000000,not yet,0.328125,active
2026-05-28T07:51:29,1258,0.135516,0.000000,not yet,0.218750,active
2026-05-28T08:51:42,1291,0.153503,0.000000,not yet,0.125000,active
2026-05-28T09:51:52,1323,0.423530,0.000000,not yet,0.359375,active
2026-05-28T10:51:53,1356,0.173621,0.000000,not yet,0.359375,active
2026-05-28T11:52:00,1388,0.362479,0.000000,not yet,0.140625,active
2026-05-28T12:52:04,1421,0.054516,0.000000,not yet,0.109375,active
2026-05-28T13:52:26,1453,0.111162,0.000000,not yet,0.187500,active
2026-05-28T14:52:30,1485,0.562647,0.000000,not yet,0.234375,active
2026-05-28T15:52:30,1518,0.602256,0.000000,not yet,0.359375,active
2026-05-28T16:52:57,1550,0.517842,0.000000,not yet,0.343750,active
2026-05-28T17:53:05,6,0.000468,0.001000,not yet,0.359375,active
2026-05-28T18:53:08,22,0.000440,0.001000,not yet,0.187500,active
2026-05-28T19:53:19,54,0.001001,0.001000,not yet,0.093750,active
2026-05-28T20:53:29,87,0.002321,0.001000,not yet,0.078125,active
2026-05-29T10:54:28,,,,,,
2026-05-29T10:54:30,654,0.048980,0.001000,not yet,0.265625,active
2026-05-29T11:54:35,699,0.020758,0.001000,not yet,0.187500,active
2026-05-29T12:54:41,743,0.085333,0.001000,not yet,0.187500,active
2026-05-29T13:54:45,789,0.024670,0.001000,not yet,0.234375,active
2026-05-29T14:54:45,834,0.051728,0.001000,not yet,0.343750,active
2026-05-29T15:54:45,879,0.063377,0.001000,not yet,0.265625,active
2026-05-29T16:54:46,925,0.058427,0.001000,not yet,0.234375,active
2026-05-29T17:54:47,971,0.086458,0.001000,not yet,0.234375,active
2026-05-29T18:54:46,1016,0.055779,0.001000,not yet,0.156250,active
2026-05-29T19:54:46,1060,0.055530,0.001000,not yet,0.156250,active
2026-05-29T20:54:47,1105,0.029640,0.001000,not yet,0.296875,active
2026-05-29T21:54:47,1150,0.041633,0.001000,not yet,0.312500,active
2026-05-29T22:54:47,1195,0.062594,0.001000,not yet,0.343750,active
2026-05-29T23:54:49,1239,0.113891,0.001000,not yet,0.109375,active
2026-05-30T00:55:00,1284,0.088251,0.001000,not yet,0.343750,active
2026-05-30T01:55:07,1329,0.053203,0.001000,not yet,0.265625,active
2026-05-30T02:55:09,1374,0.088107,0.001000,not yet,0.125000,active
2026-05-30T03:55:10,1418,0.058880,0.001000,not yet,0.218750,active
2026-05-30T04:55:13,1463,0.076140,0.001000,not yet,0.281250,active
2026-05-30T05:55:14,1508,0.076128,0.001000,not yet,0.156250,active
2026-05-30T06:55:16,1552,0.164826,0.001000,not yet,0.093750,active
2026-05-30T07:55:19,18,0.000263,0.000100,not yet,0.140625,active
2026-05-30T08:55:21,62,0.001344,0.000102,not yet,0.125000,active
2026-05-30T09:55:21,107,0.002736,0.009465,not yet,0.046875,active
2026-05-30T10:55:29,152,0.005725,0.009980,not yet,0.281250,active
2026-05-30T11:55:38,196,0.008262,0.009995,not yet,0.281250,active
2026-05-30T12:55:43,241,0.012159,0.010000,not yet,0.234375,active
2026-05-30T13:55:45,286,0.011522,0.010000,not yet,0.296875,active
2026-05-30T14:55:45,331,0.016560,0.010000,not yet,0.265625,active
2026-05-30T15:55:45,376,0.015285,0.010000,not yet,0.328125,active
2026-05-30T16:55:47,420,0.015114,0.010000,not yet,0.203125,active
2026-05-30T17:55:47,465,0.015267,0.009937,not yet,0.234375,active
2026-05-30T18:55:48,510,0.026669,0.010000,not yet,0.343750,active
2026-05-30T19:55:48,554,0.017856,0.010000,not yet,0.234375,active
2026-05-30T20:55:48,599,0.026144,0.010000,not yet,0.250000,active
2026-05-30T21:55:49,644,0.009968,0.010000,not yet,0.156250,active
2026-05-30T22:55:49,689,0.029558,0.010000,not yet,0.265625,active
2026-05-30T23:55:49,733,0.010793,0.010000,not yet,0.234375,active
2026-05-31T00:55:49,778,0.011913,0.010000,not yet,0.171875,active
2026-05-31T01:55:52,822,0.027334,0.010000,not yet,0.296875,active
2026-05-31T02:55:59,867,0.025318,0.010000,not yet,0.250000,active
2026-05-31T03:56:02,911,0.017212,0.010000,not yet,0.312500,active
2026-05-31T04:56:05,956,0.026135,0.010000,not yet,0.296875,active
2026-05-31T05:56:08,1001,0.028149,0.010000,not yet,0.156250,active
2026-05-31T06:56:09,1046,0.027870,0.010000,not yet,0.281250,active
2026-05-31T07:56:09,1090,0.033328,0.010000,not yet,0.453125,active
2026-05-31T08:56:22,1135,0.027080,0.010000,not yet,0.515625,active
2026-05-31T09:56:29,1181,0.066860,0.010000,not yet,0.250000,active
2026-05-31T10:56:30,1226,0.028154,0.010000,not yet,0.218750,active
2026-05-31T11:56:43,1270,0.024872,0.010000,not yet,0.218750,active
2026-05-31T12:56:47,1315,0.031829,0.010000,not yet,0.125000,active
2026-05-31T13:56:49,1360,0.035477,0.010000,not yet,0.281250,active
2026-05-31T14:56:50,1404,0.042215,0.010000,not yet,0.312500,active
2026-05-31T15:56:50,1448,0.056434,0.010000,not yet,0.156250,active
2026-05-31T16:56:51,1493,0.025623,0.010000,not yet,0.156250,active
2026-05-31T17:56:51,1538,0.020539,0.010000,not yet,0.156250,active
2026-05-31T18:56:51,1565,0.033001,0.010000,not yet,0.281250,active
2026-05-31T19:56:50,,,,,,active
2026-05-31T19:56:52,0,not yet,not yet,not yet,unknown,
2026-05-31T20:56:52,0,not yet,not yet,not yet,unknown,
2026-05-31T21:56:52,0,not yet,not yet,not yet,unknown,
2026-05-31T22:56:52,0,not yet,not yet,not yet,unknown,
2026-05-31T23:56:53,,,,,,active
2026-05-31T23:56:55,0,not yet,not yet,not yet,unknown,active
2026-06-01T00:56:55,31,0.000966,0.005344,not yet,0.078125,active
2026-06-01T01:56:59,64,0.001243,0.004878,not yet,0.140625,active
2026-06-01T02:57:09,97,0.036933,0.005679,not yet,0.234375,active
2026-06-01T03:57:19,130,0.003423,0.004711,not yet,0.281250,active
2026-06-01T18:32:01,,,,,,
2026-06-01T18:32:02,,,,,,active
2026-06-01T18:32:04,0,not yet,not yet,not yet,unknown,
2026-06-01T19:32:04,0,not yet,not yet,not yet,unknown,
2026-06-01T21:07:26,,,,,,
2026-06-01T21:07:29,0,not yet,not yet,not yet,unknown,
2026-06-01T22:07:27,19,,,,,active
2026-06-01T22:07:29,19,0.000809,0.005748,not yet,0.218750,active
2026-06-01T23:07:29,64,0.001588,0.004422,not yet,0.187500,active
2026-06-02T00:07:29,109,0.007345,0.005346,not yet,0.171875,active
2026-06-02T01:07:29,154,0.017056,0.005183,not yet,0.187500,active
2026-06-02T02:07:30,199,0.016769,0.004348,not yet,0.125000,active
2026-06-02T03:07:32,244,0.014731,0.005200,not yet,0.250000,active
2026-06-02T04:07:42,290,0.017574,0.005452,not yet,0.312500,active
2026-06-02T05:07:49,335,0.031724,0.005261,not yet,0.171875,active
2026-06-02T06:07:52,380,0.021301,0.005158,not yet,0.265625,active
2026-06-02T07:07:52,425,0.051811,0.005466,not yet,0.156250,active
2026-06-02T08:08:01,471,0.017112,0.004936,not yet,0.203125,active
2026-06-02T09:08:03,516,0.027965,0.004915,not yet,0.203125,active
2026-06-02T10:08:09,561,0.021733,0.005601,not yet,0.281250,active
2026-06-02T11:08:12,606,0.030319,0.005584,not yet,0.296875,active
2026-06-02T12:08:14,648,0.020647,0.005118,not yet,0.218750,active
2026-06-02T13:08:20,0,not yet,not yet,not yet,unknown,active
2026-06-02T14:08:31,0,not yet,not yet,not yet,unknown,active
2026-06-02T15:08:42,0,not yet,not yet,not yet,unknown,active
2026-06-02T16:08:47,0,not yet,not yet,not yet,unknown,active
2026-06-02T17:08:48,0,not yet,not yet,not yet,unknown,active
2026-06-02T18:08:50,0,not yet,not yet,not yet,unknown,active
2026-06-02T19:08:52,0,not yet,not yet,not yet,unknown,active
2026-06-02T20:09:28,0,not yet,not yet,not yet,unknown,active
2026-06-02T21:09:38,0,not yet,not yet,not yet,unknown,active
2026-06-02T22:09:49,0,not yet,not yet,not yet,unknown,active
2026-06-02T23:09:52,555,0.032806,0.004759,not yet,0.281250,active
2026-06-03T00:09:59,622,0.014538,0.004629,not yet,0.343750,active
2026-06-03T01:10:16,689,0.035360,0.004695,not yet,0.125000,active
2026-06-03T02:10:18,755,0.018832,0.004745,not yet,0.375000,active
2026-06-03T03:10:20,822,0.023197,0.004594,not yet,0.312500,active
2026-06-03T04:10:21,890,0.045823,0.004663,not yet,0.156250,active
2026-06-03T05:10:22,957,0.038022,0.004588,not yet,0.250000,active
2026-06-03T06:12:14,1023,0.044778,0.004715,not yet,0.406250,active
2026-06-03T07:10:52,1090,0.017405,0.004853,not yet,0.343750,active
2026-06-03T08:11:22,1157,0.078965,0.004581,not yet,0.312500,active
2026-06-03T09:11:29,1224,0.029630,0.004603,not yet,0.218750,active
2026-06-03T10:11:32,1291,0.032707,0.004503,not yet,0.250000,active
2026-06-03T11:11:42,1358,0.084070,0.004683,not yet,0.156250,active
2026-06-03T12:11:48,1424,0.023390,0.004751,not yet,0.218750,active
2026-06-03T13:11:51,1490,0.017786,0.004882,not yet,0.093750,active
2026-06-03T14:11:52,1556,0.136444,0.004573,not yet,0.343750,active
2026-06-03T15:12:17,1566,0.060906,0.004786,0.342742,0.187500,active
2026-06-03T16:12:22,1566,0.060906,0.004786,0.342742,0.187500,active
2026-06-03T17:12:29,1566,0.060906,0.004786,0.342742,0.187500,active
2026-06-03T18:12:29,1566,0.060906,0.004786,0.342742,0.187500,active
2026-06-03T19:12:31,1566,0.060906,0.004786,0.342742,0.187500,active
2026-06-03T20:12:41,1566,0.060906,0.004786,0.342742,0.187500,active
2026-06-03T21:12:52,7,0.000453,0.000100,not yet,0.109375,active
2026-06-03T22:12:52,52,0.001401,0.000100,not yet,0.093750,active
2026-06-03T23:13:12,98,0.004498,0.000100,not yet,0.171875,active
2026-06-04T00:13:19,143,0.006767,0.000100,not yet,0.203125,active
2026-06-04T01:13:20,188,0.008810,0.000100,not yet,0.203125,active
2026-06-04T02:13:32,233,0.010980,0.000100,not yet,0.281250,active
2026-06-04T03:13:42,279,0.012792,0.000100,not yet,0.250000,active
2026-06-04T04:13:52,324,0.014539,0.000100,not yet,0.203125,active
2026-06-04T05:13:55,369,0.020583,0.000100,not yet,0.171875,active
2026-06-04T06:13:55,415,0.027259,0.000100,not yet,0.234375,active
2026-06-04T07:14:12,461,0.071487,0.000100,not yet,0.203125,active
2026-06-04T08:14:22,506,0.025786,0.000100,not yet,0.437500,active
2026-06-04T09:14:29,552,0.045339,0.000100,not yet,0.171875,active
2026-06-04T10:14:32,597,0.045168,0.000100,not yet,0.265625,active
2026-06-04T11:14:42,643,0.043828,0.000100,not yet,0.203125,active
2026-06-04T12:14:48,689,0.041883,0.000101,not yet,0.250000,active
2026-06-04T13:14:50,734,0.100607,0.000104,not yet,0.171875,active
2026-06-04T14:14:51,781,0.034987,0.000102,not yet,0.281250,active
2026-06-04T15:14:51,827,0.058459,0.000100,not yet,0.234375,active
2026-06-04T16:14:51,873,0.093160,0.000105,not yet,0.234375,active
2026-06-04T17:14:52,919,0.061971,0.000101,not yet,0.234375,active
2026-06-04T18:14:54,966,0.097054,0.001159,not yet,0.234375,active
2026-06-04T19:14:59,1012,0.042718,0.001092,not yet,0.312500,active
2026-06-04T20:15:13,1059,0.067892,0.000102,not yet,0.406250,active
2026-06-04T21:15:16,1105,0.045399,0.000101,not yet,0.234375,active
2026-06-04T22:15:33,1151,0.115773,0.000109,not yet,0.375000,active
2026-06-04T23:15:42,1196,0.070148,0.000140,not yet,0.515625,active
2026-06-05T00:15:43,1241,0.063110,0.000838,not yet,0.296875,active
2026-06-05T01:15:47,1287,0.086390,0.007877,not yet,0.250000,active
2026-06-05T02:15:49,1332,0.094845,0.001312,not yet,0.156250,active
2026-06-05T03:15:52,1377,0.133286,0.009666,not yet,0.312500,active
2026-06-05T04:18:51,1423,0.095945,0.009582,not yet,0.359375,active
2026-06-05T04:18:51,1423,0.095945,0.009582,not yet,0.359375,active
2026-06-05T04:18:51,1423,0.095945,0.009582,not yet,0.359375,active
2026-06-05T04:18:51,1423,0.095945,0.009582,not yet,0.359375,active
2026-06-05T04:18:51,1423,0.095945,0.009582,not yet,0.359375,active
2026-06-05T04:18:51,1423,0.095945,0.009582,not yet,0.359375,active
2026-06-05T05:16:41,1468,0.072168,0.000102,not yet,0.187500,active
2026-06-05T06:16:52,1514,0.080186,0.000110,not yet,0.312500,active
2026-06-05T07:17:01,1559,0.105752,0.000129,not yet,0.218750,active
2026-06-05T08:17:11,1527,0.064494,0.000121,not yet,0.281250,active
2026-06-05T09:17:20,1565,0.091315,0.002636,not yet,0.312500,active
2026-06-05T10:23:42,0,not yet,not yet,not yet,unknown,active
2026-06-05T10:59:14,,,,,,active
2026-06-05T10:59:16,0,not yet,not yet,not yet,unknown,active
2026-06-05T11:50:06,444,,,,,
2026-06-05T11:50:40,444,,,,,
2026-06-05T11:50:58,,,,,,
2026-06-05T11:59:14,1505,,,,,active
2026-06-05T11:59:16,1505,0.091635,0.010000,not yet,0.171875,active
2026-06-05T12:59:15,1549,0.054438,0.010000,not yet,0.359375,active
2026-06-05T13:59:17,,,,,,active
2026-06-05T13:59:19,0,not yet,not yet,not yet,unknown,active
2026-06-05T14:59:17,17,,,,,active
2026-06-05T14:59:19,17,0.000545,0.004832,not yet,0.078125,active
2026-06-05T15:59:23,61,0.001619,0.004895,not yet,0.125000,active
2026-06-05T16:59:48,106,0.002928,0.004816,not yet,0.203125,active
2026-06-05T17:59:55,151,0.005612,0.004817,not yet,0.125000,active
2026-06-05T19:00:10,196,0.009806,0.004768,not yet,0.296875,active
2026-06-06T07:10:37,,,,,,
2026-06-06T07:10:40,700,0.013460,0.004866,not yet,0.234375,active
2026-06-06T08:10:39,0,not yet,not yet,not yet,unknown,active
2026-06-06T09:10:40,0,not yet,not yet,not yet,unknown,active
2026-06-06T10:10:46,0,not yet,not yet,not yet,unknown,active
2026-06-06T11:10:42,0,not yet,not yet,not yet,unknown,active
2026-06-06T12:11:09,0,not yet,not yet,not yet,unknown,active
2026-06-06T13:11:16,0,not yet,not yet,not yet,unknown,active
2026-06-06T14:11:16,0,not yet,not yet,not yet,unknown,active
2026-06-06T15:11:17,0,not yet,not yet,not yet,unknown,active
2026-06-06T16:11:31,0,not yet,not yet,not yet,unknown,active
2026-06-06T16:44:27,444,,,,,
2026-06-06T16:45:02,444,,,,,
2026-06-06T16:45:17,,,,,,
2026-06-06T17:11:48,517,0.023759,0.005494,not yet,0.359375,active
2026-06-06T18:11:52,562,0.014674,0.005326,not yet,0.343750,active
2026-06-06T19:11:56,607,0.085037,0.005448,not yet,0.187500,active
2026-06-06T20:12:00,652,0.020215,0.005468,not yet,0.359375,active
2026-06-06T21:12:04,697,0.029627,0.005495,not yet,0.203125,active
2026-06-06T22:12:10,742,0.037089,0.005412,not yet,0.265625,active
2026-06-06T23:12:25,787,0.028750,0.005541,not yet,0.140625,active
2026-06-07T00:12:34,832,0.050275,0.005571,not yet,0.156250,active
2026-06-07T01:12:45,878,0.019414,0.005421,not yet,0.203125,active
2026-06-07T02:12:55,922,0.040362,0.005365,not yet,0.234375,active
2026-06-07T03:13:05,968,0.024901,0.005441,not yet,0.171875,active
2026-06-07T04:13:10,1013,0.030867,0.005278,not yet,0.328125,active
2026-06-07T05:13:12,1058,0.053094,0.005285,not yet,0.281250,active
2026-06-07T06:13:35,1103,0.041691,0.005385,not yet,0.343750,active
2026-06-07T07:24:59,,,,,,
2026-06-07T07:25:01,1110,0.022418,0.005545,not yet,0.125000,active
2026-06-07T08:25:02,0,not yet,not yet,not yet,unknown,active
2026-06-07T09:03:42,444,,,,,
2026-06-07T09:25:03,0,not yet,not yet,not yet,unknown,active
2026-06-07T10:25:15,0,not yet,not yet,not yet,unknown,active
2026-06-07T11:25:15,0,not yet,not yet,not yet,unknown,active
2026-06-07T12:25:15,1029,0.060203,0.005307,not yet,0.109375,active
2026-06-07T13:25:16,1025,0.025918,0.005414,not yet,0.312500,active
2026-06-07T13:52:54,444,,,,,
2026-06-07T13:53:23,444,,,,,
2026-06-07T13:53:35,,,,,,
2026-06-07T15:05:53,,,,,,
2026-06-07T15:05:55,0,not yet,not yet,not yet,unknown,active
2026-06-07T15:33:40,444,,,,,
2026-06-07T15:34:13,444,,,,,
2026-06-07T15:34:31,,,,,,
2026-06-07T16:05:56,1023,0.039888,0.005211,not yet,0.234375,active
2026-06-07T17:06:04,1068,0.047237,0.005191,not yet,0.109375,active
2026-06-07T18:06:13,1113,0.039626,0.005157,not yet,0.265625,active
2026-06-07T19:06:25,1158,0.017121,0.005186,not yet,0.312500,active
2026-06-07T20:06:35,1203,0.028727,0.005146,not yet,0.234375,active
2026-06-07T21:06:44,1248,0.046171,0.005186,not yet,0.281250,active
2026-06-07T22:06:54,1293,0.026279,0.005134,not yet,0.281250,active
2026-06-07T23:06:55,1338,0.059546,0.005177,not yet,0.234375,active
2026-06-08T00:07:11,1383,0.068592,0.005167,not yet,0.218750,active
2026-06-08T01:07:12,1428,0.039051,0.005155,not yet,0.296875,active
2026-06-08T02:07:15,1473,0.032732,0.005157,not yet,0.281250,active
2026-06-08T03:07:42,1518,0.056188,0.005131,not yet,0.375000,active
2026-06-08T04:07:46,1563,0.053671,0.005133,not yet,0.171875,active
2026-06-08T05:07:55,1531,0.036349,0.005197,not yet,0.328125,active
2026-06-08T06:08:12,1566,0.068750,0.005089,0.304435,0.359375,active
2026-06-08T07:08:22,1542,0.069824,0.005179,not yet,0.390625,active
2026-06-08T07:54:31,,,,,,
2026-06-08T07:54:34,1565,0.035509,0.005109,not yet,0.375000,active
2026-06-08T08:54:33,0,not yet,not yet,not yet,unknown,active
2026-06-08T09:08:51,444,,,,,
2026-06-08T09:09:22,444,,,,,
2026-06-08T09:09:33,,,,,,
2026-06-08T09:54:33,1532,0.044011,0.005075,not yet,0.125000,active
2026-06-08T10:54:35,1566,0.035439,0.005165,0.326613,0.312500,active
2026-06-08T11:54:41,,,,,,active
2026-06-08T11:54:43,0,not yet,not yet,not yet,unknown,active
2026-06-08T12:55:10,0,not yet,not yet,not yet,unknown,active
2026-06-08T13:55:20,0,not yet,not yet,not yet,unknown,active
2026-06-08T14:55:31,0,not yet,not yet,not yet,unknown,active
2026-06-08T15:55:36,0,not yet,not yet,not yet,unknown,active
2026-06-08T16:55:40,0,not yet,not yet,not yet,unknown,active
2026-06-08T17:56:00,0,not yet,not yet,not yet,unknown,active
2026-06-08T18:56:07,0,not yet,not yet,not yet,unknown,active
2026-06-08T19:56:22,0,not yet,not yet,not yet,unknown,active
2026-06-08T20:56:31,0,not yet,not yet,not yet,unknown,active
2026-06-08T21:56:36,0,not yet,not yet,not yet,unknown,active
2026-06-08T22:56:52,0,not yet,not yet,not yet,unknown,active
2026-06-08T23:57:03,0,not yet,not yet,not yet,unknown,active
2026-06-09T00:57:03,0,not yet,not yet,not yet,unknown,active
2026-06-09T01:57:24,0,not yet,not yet,not yet,unknown,active
2026-06-09T02:57:28,0,not yet,not yet,not yet,unknown,active
2026-06-09T03:57:34,0,not yet,not yet,not yet,unknown,active
2026-06-09T04:57:36,0,not yet,not yet,not yet,unknown,active
2026-06-09T05:57:52,0,not yet,not yet,not yet,unknown,active
2026-06-09T06:58:15,0,not yet,not yet,not yet,unknown,active
2026-06-09T07:58:25,0,not yet,not yet,not yet,unknown,active
2026-06-09T08:58:35,0,not yet,not yet,not yet,unknown,active
2026-06-09T09:58:36,0,not yet,not yet,not yet,unknown,active
2026-06-09T10:59:13,0,not yet,not yet,not yet,unknown,active
2026-06-09T11:59:24,0,not yet,not yet,not yet,unknown,active
2026-06-09T12:59:33,0,not yet,not yet,not yet,unknown,active
2026-06-09T13:59:35,0,not yet,not yet,not yet,unknown,active
2026-06-09T14:59:52,0,not yet,not yet,not yet,unknown,active
2026-06-09T16:00:02,0,not yet,not yet,not yet,unknown,active
2026-06-09T17:00:12,0,not yet,not yet,not yet,unknown,active
2026-06-09T18:00:23,0,not yet,not yet,not yet,unknown,active
2026-06-09T19:00:33,0,not yet,not yet,not yet,unknown,active
2026-06-09T20:00:41,0,not yet,not yet,not yet,unknown,active
2026-06-09T21:00:50,0,not yet,not yet,not yet,unknown,active
2026-06-09T22:01:05,0,not yet,not yet,not yet,unknown,active
2026-06-09T23:01:16,0,not yet,not yet,not yet,unknown,active
2026-06-10T00:01:18,0,not yet,not yet,not yet,unknown,active
2026-06-10T01:01:20,0,not yet,not yet,not yet,unknown,active
2026-06-10T02:01:21,0,not yet,not yet,not yet,unknown,active
2026-06-10T03:01:21,0,not yet,not yet,not yet,unknown,active
2026-06-10T04:01:36,0,not yet,not yet,not yet,unknown,active
2026-06-10T05:01:56,0,not yet,not yet,not yet,unknown,active
2026-06-10T06:02:03,0,not yet,not yet,not yet,unknown,active
2026-06-10T07:02:35,0,not yet,not yet,not yet,unknown,active
2026-06-10T08:02:36,0,not yet,not yet,not yet,unknown,active
2026-06-10T09:02:49,0,not yet,not yet,not yet,unknown,active
2026-06-10T10:03:03,0,not yet,not yet,not yet,unknown,active
2026-06-10T11:03:13,0,not yet,not yet,not yet,unknown,active
2026-06-10T12:03:16,0,not yet,not yet,not yet,unknown,active
2026-06-10T13:03:32,0,not yet,not yet,not yet,unknown,active
2026-06-10T14:03:36,0,not yet,not yet,not yet,unknown,active
2026-06-10T15:03:52,0,not yet,not yet,not yet,unknown,active
2026-06-10T16:03:55,0,not yet,not yet,not yet,unknown,active
2026-06-10T17:04:12,0,not yet,not yet,not yet,unknown,active
2026-06-10T18:04:12,0,not yet,not yet,not yet,unknown,active
2026-06-10T19:04:10,0,not yet,not yet,not yet,unknown,active
2026-06-10T20:04:29,0,not yet,not yet,not yet,unknown,active
2026-06-10T21:04:33,0,not yet,not yet,not yet,unknown,active
2026-06-10T22:04:36,0,not yet,not yet,not yet,unknown,active
2026-06-10T23:05:03,0,not yet,not yet,not yet,unknown,active
2026-06-11T00:05:21,0,not yet,not yet,not yet,unknown,active
2026-06-11T01:05:24,0,not yet,not yet,not yet,unknown,active
2026-06-11T02:05:36,0,not yet,not yet,not yet,unknown,active
2026-06-11T03:05:42,0,not yet,not yet,not yet,unknown,active
2026-06-11T04:05:43,0,not yet,not yet,not yet,unknown,active
2026-06-11T05:05:45,0,not yet,not yet,not yet,unknown,active
2026-06-11T06:05:51,0,not yet,not yet,not yet,unknown,active
2026-06-11T07:06:20,0,not yet,not yet,not yet,unknown,active
2026-06-11T08:06:36,0,not yet,not yet,not yet,unknown,active
2026-06-11T09:06:49,0,not yet,not yet,not yet,unknown,active
2026-06-11T10:06:58,0,not yet,not yet,not yet,unknown,active
2026-06-11T11:07:03,0,not yet,not yet,not yet,unknown,active
2026-06-11T12:07:09,0,not yet,not yet,not yet,unknown,active
2026-06-11T13:07:17,0,not yet,not yet,not yet,unknown,active
2026-06-11T14:07:35,0,not yet,not yet,not yet,unknown,active
2026-06-11T15:07:46,0,not yet,not yet,not yet,unknown,active
2026-06-11T16:08:00,0,not yet,not yet,not yet,unknown,active
2026-06-11T17:09:53,0,not yet,not yet,not yet,unknown,active
2026-06-11T17:09:53,0,not yet,not yet,not yet,unknown,active
2026-06-11T17:09:53,0,not yet,not yet,not yet,unknown,active
2026-06-11T17:09:53,0,not yet,not yet,not yet,unknown,active
2026-06-11T17:09:53,0,not yet,not yet,not yet,unknown,active
2026-06-11T18:08:13,0,not yet,not yet,not yet,unknown,active
2026-06-11T19:08:23,0,not yet,not yet,not yet,unknown,active
2026-06-11T20:08:32,0,not yet,not yet,not yet,unknown,active
2026-06-11T21:08:34,0,not yet,not yet,not yet,unknown,active
2026-06-11T22:08:36,0,not yet,not yet,not yet,unknown,active
2026-06-11T23:08:40,0,not yet,not yet,not yet,unknown,active
2026-06-12T00:09:11,0,not yet,not yet,not yet,unknown,active
2026-06-12T01:09:17,0,not yet,not yet,not yet,unknown,active
2026-06-12T02:09:18,0,not yet,not yet,not yet,unknown,active
2026-06-12T03:09:39,0,not yet,not yet,not yet,unknown,active
2026-06-12T04:09:36,0,not yet,not yet,not yet,unknown,active
2026-06-12T05:10:00,0,not yet,not yet,not yet,unknown,active
2026-06-12T06:10:06,0,not yet,not yet,not yet,unknown,active
2026-06-12T07:10:08,0,not yet,not yet,not yet,unknown,active
2026-06-12T08:10:15,0,not yet,not yet,not yet,unknown,active
2026-06-12T09:10:36,0,not yet,not yet,not yet,unknown,active
2026-06-12T10:10:47,0,not yet,not yet,not yet,unknown,active
2026-06-12T11:10:59,0,not yet,not yet,not yet,unknown,active
2026-06-12T12:11:08,0,not yet,not yet,not yet,unknown,active
2026-06-12T13:11:17,0,not yet,not yet,not yet,unknown,active
2026-06-12T14:11:27,0,not yet,not yet,not yet,unknown,active
2026-06-12T15:11:35,0,not yet,not yet,not yet,unknown,active
2026-06-12T16:11:46,0,not yet,not yet,not yet,unknown,active
2026-06-12T17:11:53,0,not yet,not yet,not yet,unknown,active
2026-06-12T18:11:56,0,not yet,not yet,not yet,unknown,active
2026-06-12T19:12:03,0,not yet,not yet,not yet,unknown,active
2026-06-12T20:12:08,0,not yet,not yet,not yet,unknown,active
2026-06-12T21:12:19,0,not yet,not yet,not yet,unknown,active
2026-06-12T22:12:31,0,not yet,not yet,not yet,unknown,active
2026-06-12T23:12:34,0,not yet,not yet,not yet,unknown,active
2026-06-13T00:12:36,0,not yet,not yet,not yet,unknown,active
2026-06-13T01:12:50,0,not yet,not yet,not yet,unknown,active
2026-06-13T02:12:54,0,not yet,not yet,not yet,unknown,active
2026-06-13T03:13:05,0,not yet,not yet,not yet,unknown,active
2026-06-13T04:13:08,0,not yet,not yet,not yet,unknown,active
2026-06-13T05:13:08,0,not yet,not yet,not yet,unknown,active
2026-06-13T06:13:11,0,not yet,not yet,not yet,unknown,active
2026-06-13T07:13:16,0,not yet,not yet,not yet,unknown,active
2026-06-13T08:13:17,0,not yet,not yet,not yet,unknown,active
2026-06-13T09:13:26,0,not yet,not yet,not yet,unknown,active
2026-06-13T10:13:32,0,not yet,not yet,not yet,unknown,active
2026-06-13T11:13:36,0,not yet,not yet,not yet,unknown,active
2026-06-13T12:13:37,0,not yet,not yet,not yet,unknown,active
2026-06-13T13:13:44,0,not yet,not yet,not yet,unknown,active
2026-06-13T14:13:46,0,not yet,not yet,not yet,unknown,active
2026-06-13T15:14:03,0,not yet,not yet,not yet,unknown,active
2026-06-13T16:14:12,0,not yet,not yet,not yet,unknown,active
2026-06-13T19:14:33,,,,,,
2026-06-13T19:14:39,0,not yet,not yet,not yet,unknown,active
2026-06-13T20:14:33,0,not yet,not yet,not yet,unknown,active
2026-06-13T21:14:36,0,not yet,not yet,not yet,unknown,active
2026-06-13T22:14:37,0,not yet,not yet,not yet,unknown,active
2026-06-13T23:14:50,0,not yet,not yet,not yet,unknown,active
2026-06-14T00:14:52,0,not yet,not yet,not yet,unknown,active
2026-06-14T01:14:54,0,not yet,not yet,not yet,unknown,active
2026-06-14T02:14:56,0,not yet,not yet,not yet,unknown,active
2026-06-14T03:15:02,0,not yet,not yet,not yet,unknown,active
2026-06-14T04:15:03,0,not yet,not yet,not yet,unknown,active
2026-06-14T05:15:05,0,not yet,not yet,not yet,unknown,active
2026-06-14T06:15:06,0,not yet,not yet,not yet,unknown,active
2026-06-14T07:15:10,0,not yet,not yet,not yet,unknown,active
2026-06-14T08:15:19,0,not yet,not yet,not yet,unknown,active
2026-06-14T09:15:21,0,not yet,not yet,not yet,unknown,active
2026-06-14T10:15:28,0,not yet,not yet,not yet,unknown,active
2026-06-14T15:19:50,444,,,,,
2026-06-14T15:20:19,444,,,,,
2026-06-14T15:20:31,,,,,,
2026-06-14T15:35:42,,,,,,
2026-06-14T15:35:45,0,not yet,not yet,not yet,unknown,active
2026-06-14T16:35:46,0,not yet,not yet,not yet,unknown,active
2026-06-14T17:35:47,0,not yet,not yet,not yet,unknown,active
2026-06-14T18:35:49,0,not yet,not yet,not yet,unknown,active
2026-06-14T19:35:51,0,not yet,not yet,not yet,unknown,active
2026-06-14T20:35:56,0,not yet,not yet,not yet,unknown,active
2026-06-14T21:36:04,0,not yet,not yet,not yet,unknown,active
2026-06-14T22:36:21,0,not yet,not yet,not yet,unknown,active
2026-06-14T23:36:31,0,not yet,not yet,not yet,unknown,active
2026-06-15T00:36:40,0,not yet,not yet,not yet,unknown,active
2026-06-15T01:36:46,0,not yet,not yet,not yet,unknown,active
2026-06-15T02:36:47,0,not yet,not yet,not yet,unknown,active
2026-06-15T03:36:57,0,not yet,not yet,not yet,unknown,active
2026-06-15T04:36:58,0,not yet,not yet,not yet,unknown,active
2026-06-15T05:37:04,0,not yet,not yet,not yet,unknown,active
2026-06-15T06:37:37,0,not yet,not yet,not yet,unknown,active
2026-06-15T07:37:46,0,not yet,not yet,not yet,unknown,active
2026-06-15T08:37:46,0,not yet,not yet,not yet,unknown,active
2026-06-15T09:38:02,0,not yet,not yet,not yet,unknown,active
2026-06-15T10:38:12,0,not yet,not yet,not yet,unknown,active
2026-06-15T11:38:17,0,not yet,not yet,not yet,unknown,active
2026-06-15T12:38:26,0,not yet,not yet,not yet,unknown,active
2026-06-15T13:38:47,0,not yet,not yet,not yet,unknown,active
2026-06-15T14:38:37,0,not yet,not yet,not yet,unknown,active
2026-06-15T15:38:46,0,not yet,not yet,not yet,unknown,active
2026-06-15T16:39:04,0,not yet,not yet,not yet,unknown,active
2026-06-15T17:39:23,0,not yet,not yet,not yet,unknown,active
2026-06-15T18:39:32,0,not yet,not yet,not yet,unknown,active
2026-06-15T19:39:40,0,not yet,not yet,not yet,unknown,active
2026-06-15T20:39:51,0,not yet,not yet,not yet,unknown,active
2026-06-15T21:39:56,0,not yet,not yet,not yet,unknown,active
2026-06-15T22:40:08,0,not yet,not yet,not yet,unknown,active
2026-06-15T23:40:21,0,not yet,not yet,not yet,unknown,active
2026-06-16T00:40:32,0,not yet,not yet,not yet,unknown,active
2026-06-16T01:40:41,0,not yet,not yet,not yet,unknown,active
2026-06-16T02:40:46,0,not yet,not yet,not yet,unknown,active
2026-06-16T03:40:47,0,not yet,not yet,not yet,unknown,active
2026-06-16T04:40:49,0,not yet,not yet,not yet,unknown,active
2026-06-16T05:40:54,0,not yet,not yet,not yet,unknown,active
2026-06-16T06:40:54,0,not yet,not yet,not yet,unknown,active
2026-06-16T07:40:55,0,not yet,not yet,not yet,unknown,active
2026-06-16T08:41:00,0,not yet,not yet,not yet,unknown,active
2026-06-16T09:41:05,0,not yet,not yet,not yet,unknown,active
2026-06-16T10:41:25,0,not yet,not yet,not yet,unknown,active
2026-06-16T11:41:26,0,not yet,not yet,not yet,unknown,active
2026-06-16T12:46:48,0,not yet,not yet,not yet,unknown,active
2026-06-16T12:46:48,0,not yet,not yet,not yet,unknown,active
2026-06-16T12:46:48,0,not yet,not yet,not yet,unknown,active
2026-06-16T12:46:48,0,not yet,not yet,not yet,unknown,active
2026-06-16T12:46:48,0,not yet,not yet,not yet,unknown,active
2026-06-16T12:46:49,0,not yet,not yet,not yet,unknown,active
2026-06-16T12:46:49,0,not yet,not yet,not yet,unknown,active
2026-06-16T12:46:49,0,not yet,not yet,not yet,unknown,active
2026-06-16T12:46:49,0,not yet,not yet,not yet,unknown,active
2026-06-16T12:46:49,0,not yet,not yet,not yet,unknown,active
2026-06-16T12:46:49,0,not yet,not yet,not yet,unknown,active
2026-06-16T12:46:49,0,not yet,not yet,not yet,unknown,active
2026-06-16T12:46:49,0,not yet,not yet,not yet,unknown,active
2026-06-16T13:41:27,0,not yet,not yet,not yet,unknown,active
2026-06-16T14:41:36,0,not yet,not yet,not yet,unknown,active
2026-06-16T15:41:47,0,not yet,not yet,not yet,unknown,active
2026-06-16T16:42:23,0,not yet,not yet,not yet,unknown,active
2026-06-16T17:42:33,0,not yet,not yet,not yet,unknown,active
2026-06-16T18:42:44,0,not yet,not yet,not yet,unknown,active
2026-06-16T19:42:46,0,not yet,not yet,not yet,unknown,active
2026-06-16T20:42:56,0,not yet,not yet,not yet,unknown,active
2026-06-16T21:42:56,0,not yet,not yet,not yet,unknown,active
2026-06-16T22:43:01,0,not yet,not yet,not yet,unknown,active
2026-06-16T23:43:17,0,not yet,not yet,not yet,unknown,active
2026-06-17T00:43:36,0,not yet,not yet,not yet,unknown,active
2026-06-17T01:43:43,0,not yet,not yet,not yet,unknown,active
2026-06-17T02:43:43,0,not yet,not yet,not yet,unknown,active
2026-06-17T03:43:44,0,not yet,not yet,not yet,unknown,active
2026-06-17T04:43:46,0,not yet,not yet,not yet,unknown,active
2026-06-17T05:43:52,0,not yet,not yet,not yet,unknown,active
2026-06-17T06:43:58,0,not yet,not yet,not yet,unknown,active
2026-06-17T07:44:02,0,not yet,not yet,not yet,unknown,active
2026-06-17T08:44:05,0,not yet,not yet,not yet,unknown,active
2026-06-17T09:44:08,0,not yet,not yet,not yet,unknown,active
2026-06-17T10:44:21,0,not yet,not yet,not yet,unknown,active
2026-06-17T11:44:24,0,not yet,not yet,not yet,unknown,active
2026-06-17T12:44:25,0,not yet,not yet,not yet,unknown,active
2026-06-17T13:44:31,0,not yet,not yet,not yet,unknown,active
2026-06-17T14:44:26,0,not yet,not yet,not yet,unknown,active
2026-06-17T15:18:55,444,,,,,
2026-06-17T15:19:26,444,,,,,
2026-06-17T15:19:38,,,,,,
2026-06-17T15:39:10,444,,,,,
2026-06-17T15:39:45,444,,,,,
2026-06-17T15:40:04,,,,,,
2026-06-17T16:33:31,,,,,,
2026-06-17T16:33:32,,,,,,active
2026-06-17T16:33:34,0,not yet,not yet,not yet,unknown,active
2026-06-17T17:33:33,0,not yet,not yet,not yet,unknown,active
2026-06-17T18:33:34,0,not yet,not yet,not yet,unknown,active
2026-06-17T19:33:34,0,not yet,not yet,not yet,unknown,active
2026-06-17T20:33:44,0,not yet,not yet,not yet,unknown,active
2026-06-17T21:34:09,0,not yet,not yet,not yet,unknown,active
2026-06-17T22:33:54,0,not yet,not yet,not yet,unknown,active
2026-06-17T23:34:02,0,not yet,not yet,not yet,unknown,active
2026-06-18T00:34:15,0,not yet,not yet,not yet,unknown,active
2026-06-18T01:34:21,0,not yet,not yet,not yet,unknown,active
2026-06-18T02:34:24,0,not yet,not yet,not yet,unknown,active
2026-06-18T03:34:28,0,not yet,not yet,not yet,unknown,active
2026-06-18T04:34:34,0,not yet,not yet,not yet,unknown,active
2026-06-18T05:34:42,0,not yet,not yet,not yet,unknown,active
2026-06-18T06:34:44,0,not yet,not yet,not yet,unknown,active
2026-06-18T07:34:48,0,not yet,not yet,not yet,unknown,active
2026-06-18T08:34:53,0,not yet,not yet,not yet,unknown,active
2026-06-18T09:34:50,0,not yet,not yet,not yet,unknown,active
2026-06-18T10:34:51,0,not yet,not yet,not yet,unknown,active
2026-06-18T11:34:51,0,not yet,not yet,not yet,unknown,active
2026-06-18T12:34:53,0,not yet,not yet,not yet,unknown,active
2026-06-18T13:34:58,0,not yet,not yet,not yet,unknown,active
2026-06-18T14:35:04,0,not yet,not yet,not yet,unknown,active
2026-06-18T15:35:09,0,not yet,not yet,not yet,unknown,active
2026-06-18T16:35:16,0,not yet,not yet,not yet,unknown,active
2026-06-18T17:35:18,0,not yet,not yet,not yet,unknown,active
2026-06-18T18:35:27,0,not yet,not yet,not yet,unknown,active
2026-06-18T19:35:30,0,not yet,not yet,not yet,unknown,active
2026-06-18T20:35:34,0,not yet,not yet,not yet,unknown,active
2026-06-18T21:35:42,0,not yet,not yet,not yet,unknown,active
2026-06-18T22:35:52,0,not yet,not yet,not yet,unknown,active
2026-06-18T23:35:53,0,not yet,not yet,not yet,unknown,active
2026-06-19T00:36:03,0,not yet,not yet,not yet,unknown,active
2026-06-19T01:36:04,0,not yet,not yet,not yet,unknown,active
2026-06-19T02:36:06,0,not yet,not yet,not yet,unknown,active
2026-06-19T03:36:07,0,not yet,not yet,not yet,unknown,active
2026-06-19T04:36:16,0,not yet,not yet,not yet,unknown,active
2026-06-19T05:36:24,0,not yet,not yet,not yet,unknown,active
2026-06-19T06:36:25,0,not yet,not yet,not yet,unknown,active
2026-06-20T08:37:58,444,,,,,
2026-06-20T08:38:25,,,,,,
2026-06-20T08:38:26,,,,,,active
2026-06-20T08:38:28,0,not yet,not yet,not yet,unknown,active
2026-06-20T08:38:32,444,,,,,
2026-06-20T08:38:49,,,,,,
2026-06-20T08:40:58,444,,,,,
2026-06-20T08:41:33,444,,,,,
2026-06-20T08:41:50,,,,,,
2026-06-20T09:38:26,,,,,,active
2026-06-20T09:38:28,0,not yet,not yet,not yet,unknown,active
2026-06-20T10:38:29,0,not yet,not yet,not yet,unknown,active
2026-06-20T11:38:29,0,not yet,not yet,not yet,unknown,active
2026-06-20T12:38:34,0,not yet,not yet,not yet,unknown,active
2026-06-20T13:38:35,0,not yet,not yet,not yet,unknown,active
2026-06-20T14:38:39,0,not yet,not yet,not yet,unknown,active
2026-06-20T15:38:40,0,not yet,not yet,not yet,unknown,active
2026-06-20T16:38:46,0,not yet,not yet,not yet,unknown,active
2026-06-20T17:38:49,0,not yet,not yet,not yet,unknown,active
2026-06-20T18:39:00,0,not yet,not yet,not yet,unknown,active
2026-06-20T19:39:07,0,not yet,not yet,not yet,unknown,active
2026-06-20T20:39:17,0,not yet,not yet,not yet,unknown,active
2026-06-20T21:39:21,0,not yet,not yet,not yet,unknown,active
2026-06-20T22:39:24,0,not yet,not yet,not yet,unknown,active
2026-06-20T23:39:29,0,not yet,not yet,not yet,unknown,active
2026-06-21T00:39:35,0,not yet,not yet,not yet,unknown,active
2026-06-21T01:39:46,0,not yet,not yet,not yet,unknown,active
2026-06-21T02:39:46,0,not yet,not yet,not yet,unknown,active
2026-06-21T03:39:47,0,not yet,not yet,not yet,unknown,active
2026-06-21T04:39:48,0,not yet,not yet,not yet,unknown,active
2026-06-21T05:39:48,0,not yet,not yet,not yet,unknown,active
2026-06-21T06:39:50,0,not yet,not yet,not yet,unknown,active
2026-06-21T07:39:59,0,not yet,not yet,not yet,unknown,active
2026-06-21T08:39:59,0,not yet,not yet,not yet,unknown,active
2026-06-21T09:40:02,0,not yet,not yet,not yet,unknown,active
2026-06-21T10:40:05,0,not yet,not yet,not yet,unknown,active
2026-06-21T11:40:05,0,not yet,not yet,not yet,unknown,active
2026-06-21T12:40:06,0,not yet,not yet,not yet,unknown,active
2026-06-21T13:40:06,0,not yet,not yet,not yet,unknown,active
2026-06-21T14:40:12,0,not yet,not yet,not yet,unknown,active
2026-06-21T15:40:15,0,not yet,not yet,not yet,unknown,active
2026-06-21T16:40:20,0,not yet,not yet,not yet,unknown,active
2026-06-21T18:00:21,444,,,,,
2026-06-21T18:00:50,444,,,,,
2026-06-21T18:01:02,,,,,,
2026-06-21T18:01:48,,,,,,
2026-06-21T18:01:55,0,not yet,not yet,not yet,unknown,active
2026-06-21T18:03:21,444,,,,,
2026-06-21T18:03:50,444,,,,,
2026-06-21T18:04:03,,,,,,
2026-06-21T19:01:51,0,not yet,not yet,not yet,unknown,active
2026-06-21T20:01:52,0,not yet,not yet,not yet,unknown,active
2026-06-21T21:01:54,0,not yet,not yet,not yet,unknown,active
2026-06-21T22:01:55,0,not yet,not yet,not yet,unknown,active
2026-06-21T23:02:05,0,not yet,not yet,not yet,unknown,active
2026-06-22T00:02:08,0,not yet,not yet,not yet,unknown,active
2026-06-22T01:02:23,0,not yet,not yet,not yet,unknown,active
2026-06-22T02:02:24,0,not yet,not yet,not yet,unknown,active
2026-06-22T03:02:24,0,not yet,not yet,not yet,unknown,active
2026-06-22T04:02:26,0,not yet,not yet,not yet,unknown,active
2026-06-22T05:02:34,0,not yet,not yet,not yet,unknown,active
2026-06-22T06:02:42,0,not yet,not yet,not yet,unknown,active
2026-06-22T07:02:54,0,not yet,not yet,not yet,unknown,active
2026-06-22T08:03:01,0,not yet,not yet,not yet,unknown,active
2026-06-22T09:03:02,0,not yet,not yet,not yet,unknown,active
2026-06-22T10:03:09,0,not yet,not yet,not yet,unknown,active
2026-06-22T11:03:13,0,not yet,not yet,not yet,unknown,active
2026-06-22T12:03:14,0,not yet,not yet,not yet,unknown,active
2026-06-22T13:03:17,0,not yet,not yet,not yet,unknown,active
2026-06-22T13:35:52,444,,,,,
2026-06-22T13:36:19,,,,,,active
2026-06-22T13:36:21,0,not yet,not yet,not yet,unknown,active
2026-06-22T13:36:26,444,,,,,
2026-06-22T13:36:43,,,,,,
2026-06-22T13:38:58,444,,,,,
2026-06-22T13:39:33,444,,,,,
2026-06-22T13:39:51,,,,,,
2026-06-22T14:36:19,,,,,,active
2026-06-22T14:36:22,0,not yet,not yet,not yet,unknown,active
2026-06-22T15:36:23,0,not yet,not yet,not yet,unknown,active
2026-06-22T16:36:26,0,not yet,not yet,not yet,unknown,active
2026-06-22T17:19:46,444,,,,,
2026-06-22T17:20:15,444,,,,,
2026-06-22T17:20:27,,,,,,
2026-06-22T17:21:13,,,,,,
2026-06-22T17:21:15,0,not yet,not yet,not yet,unknown,active
2026-06-22T17:22:48,444,,,,,
2026-06-22T17:23:17,444,,,,,
2026-06-22T17:23:28,,,,,,
2026-06-22T18:21:18,0,not yet,not yet,not yet,unknown,active
2026-06-22T19:21:25,0,not yet,not yet,not yet,unknown,active
2026-06-22T20:21:27,0,not yet,not yet,not yet,unknown,active
2026-06-22T21:21:28,0,not yet,not yet,not yet,unknown,active
2026-06-22T22:21:34,0,not yet,not yet,not yet,unknown,active
2026-06-22T23:21:35,0,not yet,not yet,not yet,unknown,active
2026-06-23T00:21:35,0,not yet,not yet,not yet,unknown,active
2026-06-23T01:21:38,0,not yet,not yet,not yet,unknown,active
2026-06-23T02:21:44,0,not yet,not yet,not yet,unknown,active
2026-06-23T03:21:46,0,not yet,not yet,not yet,unknown,active
2026-06-23T04:21:47,0,not yet,not yet,not yet,unknown,active
2026-06-23T05:21:48,0,not yet,not yet,not yet,unknown,active
2026-06-23T06:21:56,0,not yet,not yet,not yet,unknown,active
2026-06-23T07:22:01,0,not yet,not yet,not yet,unknown,active
2026-06-23T08:22:02,0,not yet,not yet,not yet,unknown,active
2026-06-23T09:22:05,0,not yet,not yet,not yet,unknown,active
2026-06-23T10:22:09,0,not yet,not yet,not yet,unknown,active
2026-06-23T11:22:11,0,not yet,not yet,not yet,unknown,active
2026-06-23T12:22:11,0,not yet,not yet,not yet,unknown,active
2026-06-23T13:22:15,0,not yet,not yet,not yet,unknown,active
2026-06-23T14:22:17,0,not yet,not yet,not yet,unknown,active
2026-06-23T15:22:19,0,not yet,not yet,not yet,unknown,active
2026-06-23T16:22:21,0,not yet,not yet,not yet,unknown,active
2026-06-23T17:22:26,0,not yet,not yet,not yet,unknown,active
2026-06-23T18:22:27,0,not yet,not yet,not yet,unknown,active
2026-06-23T19:22:28,0,not yet,not yet,not yet,unknown,active
2026-06-23T20:22:31,0,not yet,not yet,not yet,unknown,active
2026-06-23T21:22:32,0,not yet,not yet,not yet,unknown,active
2026-06-23T22:22:36,0,not yet,not yet,not yet,unknown,active
2026-06-23T23:22:34,0,not yet,not yet,not yet,unknown,active
2026-06-24T00:22:36,0,not yet,not yet,not yet,unknown,active
2026-06-24T01:22:40,0,not yet,not yet,not yet,unknown,active
2026-06-24T02:22:42,0,not yet,not yet,not yet,unknown,active
2026-06-24T03:22:44,0,not yet,not yet,not yet,unknown,active
2026-06-24T04:22:47,0,not yet,not yet,not yet,unknown,active
2026-06-24T05:22:48,0,not yet,not yet,not yet,unknown,active
2026-06-24T06:22:51,0,not yet,not yet,not yet,unknown,active
2026-06-24T07:22:54,0,not yet,not yet,not yet,unknown,active
2026-06-24T08:22:56,0,not yet,not yet,not yet,unknown,active
2026-06-24T09:22:57,0,not yet,not yet,not yet,unknown,active
2026-06-24T10:23:04,0,not yet,not yet,not yet,unknown,active
2026-06-24T11:23:04,0,not yet,not yet,not yet,unknown,active
2026-06-24T12:23:07,0,not yet,not yet,not yet,unknown,active
2026-06-24T13:23:08,0,not yet,not yet,not yet,unknown,active
2026-06-24T14:23:09,0,not yet,not yet,not yet,unknown,active
2026-06-24T15:23:18,0,not yet,not yet,not yet,unknown,active
2026-06-24T16:23:19,0,not yet,not yet,not yet,unknown,active
2026-06-24T17:23:24,0,not yet,not yet,not yet,unknown,active
2026-06-24T18:23:27,0,not yet,not yet,not yet,unknown,active
2026-06-24T20:35:55,444,,,,,
2026-06-24T20:36:26,444,,,,,
2026-06-24T20:36:37,,,,,,
2026-06-24T20:37:18,,,,,,
2026-06-24T20:37:20,0,not yet,not yet,not yet,unknown,active
2026-06-24T20:38:53,444,,,,,
2026-06-24T20:39:21,444,,,,,
2026-06-24T20:39:33,,,,,,
2026-06-24T21:37:20,0,not yet,not yet,not yet,unknown,active
2026-06-24T22:37:24,0,not yet,not yet,not yet,unknown,active
2026-06-24T23:37:26,0,not yet,not yet,not yet,unknown,active
2026-06-25T00:37:30,0,not yet,not yet,not yet,unknown,active
2026-06-25T01:37:43,0,not yet,not yet,not yet,unknown,active
2026-06-25T02:37:52,0,not yet,not yet,not yet,unknown,active
2026-06-25T03:37:53,0,not yet,not yet,not yet,unknown,active
2026-06-25T04:37:55,0,not yet,not yet,not yet,unknown,active
2026-06-25T05:37:56,0,not yet,not yet,not yet,unknown,active
2026-06-25T06:38:05,0,not yet,not yet,not yet,unknown,active
2026-06-25T07:38:06,0,not yet,not yet,not yet,unknown,active
2026-06-25T08:38:14,0,not yet,not yet,not yet,unknown,active
2026-06-25T09:38:17,0,not yet,not yet,not yet,unknown,active
2026-06-25T10:38:39,0,not yet,not yet,not yet,unknown,active
2026-06-25T11:38:26,0,not yet,not yet,not yet,unknown,active
2026-06-25T12:38:31,0,not yet,not yet,not yet,unknown,active
2026-06-25T13:38:33,0,not yet,not yet,not yet,unknown,active
2026-06-25T14:38:36,0,not yet,not yet,not yet,unknown,active
2026-06-25T15:38:36,0,not yet,not yet,not yet,unknown,active
2026-06-25T16:38:41,0,not yet,not yet,not yet,unknown,active
2026-06-25T17:38:41,0,not yet,not yet,not yet,unknown,active
2026-06-25T18:38:47,0,not yet,not yet,not yet,unknown,active
2026-06-25T19:38:49,0,not yet,not yet,not yet,unknown,active
2026-06-25T20:38:50,0,not yet,not yet,not yet,unknown,active
2026-06-25T21:38:54,0,not yet,not yet,not yet,unknown,active
2026-06-25T22:39:03,0,not yet,not yet,not yet,unknown,active
2026-06-25T23:39:08,0,not yet,not yet,not yet,unknown,active
2026-06-26T00:39:10,0,not yet,not yet,not yet,unknown,active
2026-06-26T01:39:26,0,not yet,not yet,not yet,unknown,active
2026-06-26T02:39:46,0,not yet,not yet,not yet,unknown,active
2026-06-26T03:39:54,0,not yet,not yet,not yet,unknown,active
2026-06-26T04:40:07,0,not yet,not yet,not yet,unknown,active
2026-06-26T05:40:16,0,not yet,not yet,not yet,unknown,active
2026-06-26T06:40:18,0,not yet,not yet,not yet,unknown,active
2026-06-26T07:40:22,0,not yet,not yet,not yet,unknown,active
2026-06-26T08:40:26,0,not yet,not yet,not yet,unknown,active
2026-06-26T09:40:57,0,not yet,not yet,not yet,unknown,active
2026-06-26T10:41:08,0,not yet,not yet,not yet,unknown,active
2026-06-26T11:41:16,0,not yet,not yet,not yet,unknown,active
2026-06-26T12:41:26,0,not yet,not yet,not yet,unknown,active
2026-06-26T13:41:28,0,not yet,not yet,not yet,unknown,active
2026-06-26T14:41:31,0,not yet,not yet,not yet,unknown,active
2026-06-26T15:41:32,0,not yet,not yet,not yet,unknown,active
2026-06-26T16:41:36,0,not yet,not yet,not yet,unknown,active
2026-06-26T17:41:39,0,not yet,not yet,not yet,unknown,active
2026-06-26T18:41:40,0,not yet,not yet,not yet,unknown,active
2026-06-26T19:41:50,0,not yet,not yet,not yet,unknown,active
2026-06-26T20:41:57,0,not yet,not yet,not yet,unknown,active
2026-06-26T21:42:10,0,not yet,not yet,not yet,unknown,active
2026-06-26T22:42:18,0,not yet,not yet,not yet,unknown,active
2026-06-26T23:42:24,0,not yet,not yet,not yet,unknown,active
2026-06-27T00:42:26,0,not yet,not yet,not yet,unknown,active
2026-06-27T01:42:33,0,not yet,not yet,not yet,unknown,active
2026-06-27T02:42:56,0,not yet,not yet,not yet,unknown,active
2026-06-27T03:43:06,0,not yet,not yet,not yet,unknown,active
2026-06-27T04:43:06,0,not yet,not yet,not yet,unknown,active
2026-06-27T05:43:11,0,not yet,not yet,not yet,unknown,active
2026-06-27T06:43:12,0,not yet,not yet,not yet,unknown,active
2026-06-27T07:43:13,0,not yet,not yet,not yet,unknown,active
2026-06-27T08:43:19,0,not yet,not yet,not yet,unknown,active
2026-06-27T09:43:26,0,not yet,not yet,not yet,unknown,active
2026-06-27T10:43:27,0,not yet,not yet,not yet,unknown,active
2026-06-27T11:43:37,0,not yet,not yet,not yet,unknown,active
2026-06-27T12:43:48,0,not yet,not yet,not yet,unknown,active
2026-06-27T13:43:58,0,not yet,not yet,not yet,unknown,active
2026-06-27T14:44:09,0,not yet,not yet,not yet,unknown,active
2026-06-27T15:44:15,0,not yet,not yet,not yet,unknown,active
2026-06-27T16:59:40,444,,,,,
2026-06-27T17:00:07,,,,,,
2026-06-27T17:00:08,,,,,,active
2026-06-27T17:00:10,0,not yet,not yet,not yet,unknown,active
2026-06-27T17:00:14,444,,,,,
2026-06-27T17:00:32,,,,,,
2026-06-27T17:02:42,444,,,,,
2026-06-27T17:03:18,444,,,,,
2026-06-27T17:03:35,,,,,,
2026-06-27T18:00:08,,,,,,active
2026-06-27T18:00:11,0,not yet,not yet,not yet,unknown,active
2026-06-27T19:00:11,0,not yet,not yet,not yet,unknown,active
2026-06-27T20:00:13,0,not yet,not yet,not yet,unknown,active
2026-06-27T21:00:16,0,not yet,not yet,not yet,unknown,active
2026-06-27T22:00:19,0,not yet,not yet,not yet,unknown,active
2026-06-27T23:00:21,0,not yet,not yet,not yet,unknown,active
2026-06-28T00:00:22,0,not yet,not yet,not yet,unknown,active
2026-06-28T01:00:32,0,not yet,not yet,not yet,unknown,active
2026-06-28T02:00:41,0,not yet,not yet,not yet,unknown,active
2026-06-28T03:00:50,0,not yet,not yet,not yet,unknown,active
2026-06-28T04:00:59,0,not yet,not yet,not yet,unknown,active
2026-06-28T05:01:00,0,not yet,not yet,not yet,unknown,active
2026-06-28T06:01:08,0,not yet,not yet,not yet,unknown,active
2026-06-28T07:01:21,0,not yet,not yet,not yet,unknown,active
2026-06-28T08:01:21,0,not yet,not yet,not yet,unknown,active
2026-06-28T09:01:29,0,not yet,not yet,not yet,unknown,active
2026-06-28T10:01:31,0,not yet,not yet,not yet,unknown,active
2026-06-28T11:01:54,0,not yet,not yet,not yet,unknown,active
2026-06-28T12:01:55,0,not yet,not yet,not yet,unknown,active
2026-06-28T13:02:21,0,not yet,not yet,not yet,unknown,active
2026-06-28T14:02:35,0,not yet,not yet,not yet,unknown,active
2026-06-28T15:02:40,0,not yet,not yet,not yet,unknown,active
2026-06-28T16:02:41,0,not yet,not yet,not yet,unknown,active
2026-06-28T17:03:01,0,not yet,not yet,not yet,unknown,active
2026-06-28T18:03:11,0,not yet,not yet,not yet,unknown,active
2026-06-28T19:03:21,0,not yet,not yet,not yet,unknown,active
2026-06-28T20:03:33,0,not yet,not yet,not yet,unknown,active
2026-06-28T21:03:43,0,not yet,not yet,not yet,unknown,active
2026-06-28T22:03:54,0,not yet,not yet,not yet,unknown,active
2026-06-28T23:04:04,0,not yet,not yet,not yet,unknown,active
2026-06-29T00:04:11,0,not yet,not yet,not yet,unknown,active
2026-06-29T01:04:21,0,not yet,not yet,not yet,unknown,active
2026-06-29T02:04:31,0,not yet,not yet,not yet,unknown,active
2026-06-29T03:04:36,0,not yet,not yet,not yet,unknown,active
2026-06-29T04:04:57,0,not yet,not yet,not yet,unknown,active
2026-06-29T05:05:06,0,not yet,not yet,not yet,unknown,active
2026-06-29T06:05:11,0,not yet,not yet,not yet,unknown,active
2026-06-29T07:05:21,0,not yet,not yet,not yet,unknown,active
2026-06-29T08:05:36,0,not yet,not yet,not yet,unknown,active
2026-06-29T09:05:47,0,not yet,not yet,not yet,unknown,active
2026-08-04T15:12:11,,,,,,
2026-08-04T15:12:13,0,not yet,not yet,not yet,unknown,active
2026-08-04T16:12:11,,,,,,active
2026-08-04T16:12:13,0,not yet,not yet,not yet,unknown,active
2026-08-04T17:12:19,0,not yet,not yet,not yet,unknown,active
2026-08-04T18:12:28,0,not yet,not yet,not yet,unknown,active
2026-08-04T19:12:32,0,not yet,not yet,not yet,unknown,active
2026-08-04T20:12:34,,,,,,active
2026-08-04T20:12:36,0,not yet,not yet,not yet,unknown,active
2026-08-04T21:12:36,0,not yet,not yet,not yet,unknown,active
2026-08-04T22:12:45,0,not yet,not yet,not yet,unknown,active
2026-08-04T23:12:46,0,not yet,not yet,not yet,unknown,active
2026-08-05T00:13:00,,,,,,active
2026-08-05T00:13:01,0,not yet,not yet,not yet,unknown,active
2026-08-05T01:13:29,,,,,,active
2026-08-05T01:13:31,0,not yet,not yet,not yet,unknown,active
2026-08-05T02:13:31,0,not yet,not yet,not yet,unknown,active
2026-08-05T03:13:34,,,,,,active
2026-08-05T03:13:36,0,not yet,not yet,not yet,unknown,active
2026-08-05T04:13:44,0,not yet,not yet,not yet,unknown,active
2026-08-05T05:13:51,0,not yet,not yet,not yet,unknown,active
2026-08-05T06:14:12,0,not yet,not yet,not yet,unknown,active
2026-08-05T07:14:20,0,not yet,not yet,not yet,unknown,active
2026-08-05T08:14:34,,,,,,active
2026-08-05T08:14:36,0,not yet,not yet,not yet,unknown,active
2026-08-05T10:14:35,,,,,,active
2026-08-05T10:14:37,0,not yet,not yet,not yet,unknown,active
2026-08-05T11:14:57,,,,,,active
2026-08-05T11:14:59,0,not yet,not yet,not yet,unknown,active
2026-08-05T12:15:02,,,,,,active
2026-08-05T12:15:04,0,not yet,not yet,not yet,unknown,active
2026-08-05T13:15:02,,,,,,active
2026-08-05T13:15:04,0,not yet,not yet,not yet,unknown,active
2026-08-05T19:16:04,,,,,,
2026-08-05T19:16:06,0,not yet,not yet,not yet,unknown,active
2026-08-05T20:16:15,0,not yet,not yet,not yet,unknown,active
2026-08-05T21:16:14,,,,,,active
2026-08-05T21:16:16,0,not yet,not yet,not yet,unknown,active
2026-08-05T22:16:14,,,,,,active
2026-08-05T22:16:16,0,not yet,not yet,not yet,unknown,active
2026-08-05T23:16:23,0,not yet,not yet,not yet,unknown,active
2026-08-06T00:16:24,,,,,,active
2026-08-06T00:16:26,0,not yet,not yet,not yet,unknown,active
2026-08-06T01:16:26,0,not yet,not yet,not yet,unknown,active
2026-08-06T02:16:34,,,,,,active
2026-08-06T02:16:36,0,not yet,not yet,not yet,unknown,active
2026-08-06T03:16:50,,,,,,active
2026-08-06T03:16:52,0,not yet,not yet,not yet,unknown,active
2026-08-06T04:16:51,0,not yet,not yet,not yet,unknown,active
2026-08-06T05:17:03,,,,,,active
2026-08-06T05:17:05,0,not yet,not yet,not yet,unknown,active
2026-08-06T06:17:19,,,,,,active
2026-08-06T06:17:21,0,not yet,not yet,not yet,unknown,active
2026-08-06T07:17:20,0,not yet,not yet,not yet,unknown,active
2026-08-06T08:17:32,,,,,,active
2026-08-06T08:17:34,0,not yet,not yet,not yet,unknown,active
2026-08-06T09:17:34,,,,,,active
2026-08-06T09:17:36,0,not yet,not yet,not yet,unknown,active
2026-08-06T10:17:36,0,not yet,not yet,not yet,unknown,
2026-08-06T11:17:48,,,,,,active
2026-08-06T11:17:50,0,not yet,not yet,not yet,unknown,active
2026-08-06T12:17:59,,,,,,active
2026-08-06T12:18:01,0,not yet,not yet,not yet,unknown,active
2026-08-06T13:18:00,0,not yet,not yet,not yet,unknown,active
2026-08-06T14:18:01,0,not yet,not yet,not yet,unknown,active
2026-08-06T15:18:00,,,,,,active
2026-08-06T15:18:02,0,not yet,not yet,not yet,unknown,active
2026-08-06T16:18:07,0,not yet,not yet,not yet,unknown,active
2026-08-06T17:18:05,,,,,,active
2026-08-06T17:18:08,0,not yet,not yet,not yet,unknown,active
2026-08-06T18:18:21,,,,,,active
2026-08-06T18:18:23,0,not yet,not yet,not yet,unknown,active
2026-08-06T19:18:27,0,not yet,not yet,not yet,unknown,active
2026-08-06T19:46:06,444,,,,,
2026-08-06T19:46:41,444,,,,,
2026-08-06T19:47:02,,,,,,
2026-08-06T20:18:29,,,,,,active
2026-08-06T20:18:31,0,not yet,not yet,not yet,unknown,active
2026-08-06T21:18:36,0,not yet,not yet,not yet,unknown,active
2026-08-06T22:18:36,0,not yet,not yet,not yet,unknown,active
2026-08-06T23:18:36,0,not yet,not yet,not yet,unknown,active
2026-08-07T00:18:38,0,not yet,not yet,not yet,unknown,active
2026-08-07T01:18:41,0,not yet,not yet,not yet,unknown,active
2026-08-07T02:18:46,0,not yet,not yet,not yet,unknown,active
2026-08-07T03:18:48,0,not yet,not yet,not yet,unknown,active
2026-08-07T04:18:51,0,not yet,not yet,not yet,unknown,active
2026-08-07T05:18:59,0,not yet,not yet,not yet,unknown,active
2026-08-07T06:19:00,0,not yet,not yet,not yet,unknown,active
2026-08-07T07:19:02,0,not yet,not yet,not yet,unknown,active
2026-08-07T08:19:03,0,not yet,not yet,not yet,unknown,active
2026-08-07T09:19:06,0,not yet,not yet,not yet,unknown,active
2026-08-07T10:19:08,0,not yet,not yet,not yet,unknown,active
2026-08-07T11:19:16,0,not yet,not yet,not yet,unknown,active
2026-08-07T12:19:29,0,not yet,not yet,not yet,unknown,active
2026-08-07T13:19:29,0,not yet,not yet,not yet,unknown,active
2026-08-07T14:19:30,0,not yet,not yet,not yet,unknown,active
2026-08-07T15:19:34,0,not yet,not yet,not yet,unknown,active
2026-08-07T16:19:36,0,not yet,not yet,not yet,unknown,active
2026-08-07T17:19:39,0,not yet,not yet,not yet,unknown,active
2026-08-07T18:19:45,0,not yet,not yet,not yet,unknown,active
2026-08-07T19:19:46,0,not yet,not yet,not yet,unknown,active
2026-08-07T20:19:47,0,not yet,not yet,not yet,unknown,active
2026-08-07T21:19:50,0,not yet,not yet,not yet,unknown,active
2026-08-07T22:19:54,0,not yet,not yet,not yet,unknown,active
2026-08-07T23:19:56,0,not yet,not yet,not yet,unknown,active
2026-08-08T00:19:59,0,not yet,not yet,not yet,unknown,active
2026-08-08T01:20:06,0,not yet,not yet,not yet,unknown,active
2026-08-08T02:20:14,0,not yet,not yet,not yet,unknown,active
2026-08-08T03:20:27,0,not yet,not yet,not yet,unknown,active
2026-08-08T04:20:27,0,not yet,not yet,not yet,unknown,active
2026-08-08T05:20:28,0,not yet,not yet,not yet,unknown,active
2026-08-08T06:20:31,0,not yet,not yet,not yet,unknown,active
2026-08-08T07:20:33,0,not yet,not yet,not yet,unknown,active
2026-08-08T08:20:36,0,not yet,not yet,not yet,unknown,active
2026-08-08T09:20:41,0,not yet,not yet,not yet,unknown,active
2026-08-08T10:21:03,0,not yet,not yet,not yet,unknown,active
2026-08-08T11:21:06,0,not yet,not yet,not yet,unknown,active
2026-08-08T12:21:10,0,not yet,not yet,not yet,unknown,active
2026-08-08T13:21:14,0,not yet,not yet,not yet,unknown,active
2026-08-08T14:21:15,0,not yet,not yet,not yet,unknown,active
2026-08-08T15:21:17,0,not yet,not yet,not yet,unknown,active
2026-08-08T16:21:21,0,not yet,not yet,not yet,unknown,active
2026-08-08T17:21:21,0,not yet,not yet,not yet,unknown,active
2026-08-10T08:24:07,444,,,,,
2026-08-10T08:24:36,444,,,,,
2026-08-10T08:24:48,,,,,,
2026-08-10T09:12:02,,,,,,
2026-08-10T09:12:04,0,not yet,not yet,not yet,unknown,active
2026-08-10T10:12:07,0,not yet,not yet,not yet,unknown,active
2026-08-10T11:12:10,0,not yet,not yet,not yet,unknown,active
2026-08-10T12:12:12,0,not yet,not yet,not yet,unknown,active
2026-08-10T14:47:33,444,,,,,
2026-08-10T14:47:47,,,,,,
2026-08-10T14:47:48,,,,,,active
2026-08-10T14:47:51,0,not yet,not yet,not yet,unknown,active
2026-08-10T14:48:08,444,,,,,
2026-08-10T14:48:25,,,,,,
2026-08-10T14:52:22,444,,,,,
2026-08-10T14:52:57,444,,,,,
2026-08-10T14:53:14,,,,,,
2026-08-10T15:47:49,,,,,,active
2026-08-10T15:47:51,0,not yet,not yet,not yet,unknown,active
2026-08-10T16:47:53,0,not yet,not yet,not yet,unknown,active
2026-08-10T17:47:59,0,not yet,not yet,not yet,unknown,active
2026-08-10T18:48:01,0,not yet,not yet,not yet,unknown,active
2026-08-10T19:48:09,0,not yet,not yet,not yet,unknown,active
2026-08-10T20:48:12,0,not yet,not yet,not yet,unknown,active
2026-08-10T21:48:13,0,not yet,not yet,not yet,unknown,active
2026-08-10T22:48:14,0,not yet,not yet,not yet,unknown,active
2026-08-10T23:48:24,0,not yet,not yet,not yet,unknown,active
2026-08-11T00:48:35,0,not yet,not yet,not yet,unknown,active
2026-08-11T01:48:42,0,not yet,not yet,not yet,unknown,active
2026-08-11T02:48:43,0,not yet,not yet,not yet,unknown,active
2026-08-11T03:48:43,0,not yet,not yet,not yet,unknown,active
2026-08-11T04:48:49,0,not yet,not yet,not yet,unknown,active
2026-08-11T05:48:53,0,not yet,not yet,not yet,unknown,active
2026-08-11T06:48:56,0,not yet,not yet,not yet,unknown,active
2026-08-11T07:48:56,0,not yet,not yet,not yet,unknown,active
2026-08-11T08:49:03,0,not yet,not yet,not yet,unknown,active
2026-08-11T09:49:04,0,not yet,not yet,not yet,unknown,active
2026-08-11T10:49:07,0,not yet,not yet,not yet,unknown,active
2026-08-11T11:49:19,0,not yet,not yet,not yet,unknown,active
2026-08-11T12:49:28,0,not yet,not yet,not yet,unknown,active
2026-08-11T13:49:33,0,not yet,not yet,not yet,unknown,active
2026-08-11T14:49:38,0,not yet,not yet,not yet,unknown,active
2026-08-11T15:49:43,0,not yet,not yet,not yet,unknown,active
2026-08-11T16:49:48,0,not yet,not yet,not yet,unknown,active
2026-08-11T17:34:02,444,,,,,
2026-08-11T17:34:31,444,,,,,
2026-08-11T17:34:42,,,,,,
2026-08-11T17:35:30,0,not yet,not yet,not yet,unknown,active
2026-08-11T17:37:11,444,,,,,
2026-08-11T17:37:42,444,,,,,
2026-08-11T17:37:54,,,,,,
2026-08-11T17:50:23,444,,,,,
2026-08-11T17:50:50,,,,,,active
2026-08-11T17:50:53,0,not yet,not yet,not yet,unknown,active
2026-08-11T17:50:59,444,,,,,
2026-08-11T17:51:17,,,,,,
2026-08-11T17:52:24,444,,,,,
2026-08-11T17:52:53,444,,,,,
2026-08-11T17:53:05,,,,,,
2026-08-11T18:50:54,,,,,,active
2026-08-11T18:50:56,0,not yet,not yet,not yet,unknown,active
2026-08-11T19:50:59,0,not yet,not yet,not yet,unknown,active
2026-08-11T20:51:06,0,not yet,not yet,not yet,unknown,active
2026-08-11T21:51:07,0,not yet,not yet,not yet,unknown,active
2026-08-11T22:51:07,0,not yet,not yet,not yet,unknown,active
2026-08-11T23:51:14,0,not yet,not yet,not yet,unknown,active
2026-08-12T00:51:16,0,not yet,not yet,not yet,unknown,active
2026-08-12T01:51:20,0,not yet,not yet,not yet,unknown,active
2026-08-12T02:51:21,0,not yet,not yet,not yet,unknown,active
2026-08-12T03:51:30,0,not yet,not yet,not yet,unknown,active
2026-08-12T04:51:36,0,not yet,not yet,not yet,unknown,active
2026-08-12T05:51:38,0,not yet,not yet,not yet,unknown,active
2026-08-12T06:51:41,0,not yet,not yet,not yet,unknown,active
2026-08-12T07:51:45,0,not yet,not yet,not yet,unknown,active
2026-08-12T08:51:46,0,not yet,not yet,not yet,unknown,active
2026-08-12T09:51:46,0,not yet,not yet,not yet,unknown,active
2026-08-12T10:51:50,0,not yet,not yet,not yet,unknown,active
2026-08-12T11:44:59,444,,,,,
2026-08-12T11:45:27,444,,,,,
2026-08-12T11:45:39,,,,,,
2026-08-12T11:46:32,,,,,,
2026-08-12T11:46:34,0,not yet,not yet,not yet,unknown,active
2026-08-12T11:48:01,444,,,,,
2026-08-12T11:48:32,444,,,,,
2026-08-12T11:48:43,,,,,,
2026-08-12T13:00:20,444,,,,,
2026-08-12T13:00:43,,,,,,
2026-08-12T13:00:43,,,,,,active
2026-08-12T13:00:46,0,not yet,not yet,not yet,unknown,active
2026-08-12T13:00:52,444,,,,,
2026-08-12T13:01:04,,,,,,
2026-08-12T14:00:47,,,,,,active
2026-08-12T14:00:50,0,not yet,not yet,not yet,unknown,active
2026-08-12T15:00:49,0,not yet,not yet,not yet,unknown,active
2026-08-12T16:00:56,0,not yet,not yet,not yet,unknown,active
2026-08-12T17:01:05,0,not yet,not yet,not yet,unknown,active
2026-08-12T18:01:09,0,not yet,not yet,not yet,unknown,active
2026-08-12T19:01:16,0,not yet,not yet,not yet,unknown,active
2026-08-13T08:24:58,444,,,,,
2026-08-13T08:25:22,,,,,,
2026-08-13T08:25:23,,,,,,active
2026-08-13T08:25:26,444,,,,,
2026-08-13T08:25:26,0,not yet,not yet,not yet,unknown,active
2026-08-13T08:25:37,,,,,,
2026-08-13T09:25:23,,,,,,active
2026-08-13T09:25:26,0,not yet,not yet,not yet,unknown,active
2026-08-13T10:25:29,0,not yet,not yet,not yet,unknown,active
2026-08-13T11:25:30,0,not yet,not yet,not yet,unknown,active
2026-08-13T12:25:42,0,not yet,not yet,not yet,unknown,active
2026-08-13T13:25:43,0,not yet,not yet,not yet,unknown,active
2026-08-13T14:25:44,0,not yet,not yet,not yet,unknown,active
2026-08-13T15:25:45,0,not yet,not yet,not yet,unknown,active
2026-08-13T16:25:48,0,not yet,not yet,not yet,unknown,active
2026-08-13T17:25:53,0,not yet,not yet,not yet,unknown,active
2026-08-13T18:25:56,0,not yet,not yet,not yet,unknown,active
2026-08-13T19:26:03,0,not yet,not yet,not yet,unknown,active
2026-08-13T20:26:07,0,not yet,not yet,not yet,unknown,active
2026-08-13T21:26:11,0,not yet,not yet,not yet,unknown,active
2026-08-13T22:26:13,0,not yet,not yet,not yet,unknown,active
2026-08-13T23:26:14,0,not yet,not yet,not yet,unknown,active
2026-08-14T00:26:14,0,not yet,not yet,not yet,unknown,active
2026-08-14T01:26:15,0,not yet,not yet,not yet,unknown,active
2026-08-14T02:26:20,0,not yet,not yet,not yet,unknown,active
2026-08-14T03:26:23,0,not yet,not yet,not yet,unknown,active
2026-08-14T04:26:25,0,not yet,not yet,not yet,unknown,active
2026-08-14T05:26:25,0,not yet,not yet,not yet,unknown,active
2026-08-14T06:26:29,0,not yet,not yet,not yet,unknown,active
2026-08-14T07:26:30,0,not yet,not yet,not yet,unknown,active
2026-08-14T08:26:38,0,not yet,not yet,not yet,unknown,active
2026-08-14T09:26:41,0,not yet,not yet,not yet,unknown,active
2026-08-14T10:26:49,0,not yet,not yet,not yet,unknown,active
2026-08-14T11:26:53,0,not yet,not yet,not yet,unknown,active
2026-08-14T12:26:59,0,not yet,not yet,not yet,unknown,active
2026-08-14T13:52:35,,,,,,
2026-08-14T13:52:36,,,,,,active
2026-08-14T13:52:38,0,not yet,not yet,not yet,unknown,active
2026-08-14T13:57:45,444,,,,,
2026-08-14T13:58:20,444,,,,,
2026-08-14T13:58:38,,,,,,
2026-08-14T14:00:28,444,,,,,
2026-08-14T14:00:57,444,,,,,
2026-08-14T14:01:09,,,,,,
2026-08-14T14:49:06,,,,,,
2026-08-14T14:49:08,0,not yet,not yet,not yet,unknown,active
2026-08-14T14:54:11,444,,,,,
2026-08-14T14:54:49,444,,,,,
2026-08-14T14:55:06,,,,,,
2026-08-14T14:56:47,444,,,,,
2026-08-14T14:57:20,444,,,,,
2026-08-14T14:57:32,,,,,,
2026-08-14T15:48:51,,,,,,active
2026-08-14T15:48:53,0,not yet,not yet,not yet,unknown,active
2026-08-14T16:48:55,9,,,,,active
2026-08-14T16:48:58,9,0.000303,0.004887,not yet,0.203125,active
2026-08-14T17:49:06,54,0.000816,0.004889,not yet,0.109375,active
2026-08-14T18:49:17,98,0.003060,0.004911,not yet,0.125000,active
2026-08-14T19:49:20,143,0.006333,0.004943,not yet,0.140625,active
2026-08-14T20:49:27,188,0.008978,0.004793,not yet,0.187500,active
2026-08-14T21:49:31,233,0.015062,0.004809,not yet,0.296875,active
2026-08-14T22:49:56,278,0.015799,0.004830,not yet,0.359375,active
2026-08-14T23:50:06,323,0.037726,0.004856,not yet,0.203125,active
2026-08-15T00:50:17,368,0.033650,0.004826,not yet,0.296875,active
2026-08-15T01:50:27,413,0.014391,0.004795,not yet,0.156250,active
2026-08-15T02:50:29,458,0.035684,0.004959,not yet,0.250000,active
2026-08-15T03:50:46,503,0.089215,0.004920,not yet,0.265625,active
2026-08-15T04:50:56,549,0.091262,0.005021,not yet,0.281250,active
2026-08-15T05:51:07,594,0.037016,0.004945,not yet,0.203125,active
2026-08-15T06:51:17,639,0.036002,0.004694,not yet,0.390625,active
2026-08-15T07:51:22,684,0.026224,0.004794,not yet,0.109375,active
2026-08-15T08:51:22,729,0.026975,0.004722,not yet,0.187500,active
2026-08-15T09:51:24,774,0.040693,0.004802,not yet,0.265625,active
2026-08-15T10:51:27,819,0.062550,0.004937,not yet,0.218750,active
2026-08-15T11:51:35,864,0.074041,0.004925,not yet,0.265625,active
2026-08-15T12:51:39,909,0.048037,0.004785,not yet,0.437500,active
2026-08-15T13:51:39,954,0.063199,0.004751,not yet,0.343750,active
2026-08-15T14:51:51,999,0.046941,0.004739,not yet,0.156250,active
2026-08-15T15:52:00,1044,0.045192,0.004741,not yet,0.281250,active
2026-08-15T16:52:10,1089,0.039753,0.004757,not yet,0.234375,active
2026-08-15T17:52:20,1134,0.042969,0.004827,not yet,0.218750,active
2026-08-15T18:52:27,1179,0.071395,0.004694,not yet,0.250000,active
2026-08-15T19:52:41,1224,0.068991,0.004783,not yet,0.234375,active
2026-08-15T20:52:52,1269,0.051839,0.004659,not yet,0.390625,active
2026-08-15T21:53:01,1314,0.029516,0.004698,not yet,0.156250,active
2026-08-15T22:53:11,1359,0.077549,0.004687,not yet,0.265625,active
2026-08-15T23:53:21,1405,0.086604,0.004830,not yet,0.250000,active
2026-08-16T00:53:27,1450,0.050367,0.004695,not yet,0.281250,active
2026-08-16T01:53:32,1494,0.075135,0.004798,not yet,0.156250,active
2026-08-16T02:53:35,1539,0.082328,0.004863,not yet,0.125000,active
2026-08-16T03:53:52,1507,0.089565,0.005442,0.354839,0.265625,active
2026-08-16T04:54:10,1552,0.049790,0.005281,not yet,0.250000,active
2026-08-16T05:54:20,1520,0.065768,0.005334,0.318548,0.171875,active
2026-08-16T06:54:24,1565,0.064846,0.005316,not yet,0.437500,active
2026-08-16T07:54:24,1501,0.032432,0.004761,not yet,0.140625,active
2026-08-16T08:54:24,1546,0.092054,0.004738,not yet,0.234375,active
2026-08-16T09:54:22,,,,,,active
2026-08-16T09:54:25,0,not yet,not yet,not yet,unknown,active
2026-08-16T10:54:24,0,not yet,not yet,not yet,unknown,active
2026-08-16T11:54:25,0,not yet,not yet,not yet,unknown,active
2026-08-16T12:54:25,0,not yet,not yet,not yet,unknown,active
2026-08-16T13:54:27,0,not yet,not yet,not yet,unknown,active
2026-08-16T14:54:39,0,not yet,not yet,not yet,unknown,active
2026-08-16T15:55:16,0,not yet,not yet,not yet,unknown,active
2026-08-16T16:55:25,0,not yet,not yet,not yet,unknown,active
2026-08-16T17:55:27,0,not yet,not yet,not yet,unknown,active
2026-08-16T18:55:45,0,not yet,not yet,not yet,unknown,active
2026-08-16T19:55:54,0,not yet,not yet,not yet,unknown,active
2026-08-16T20:56:03,0,not yet,not yet,not yet,unknown,active
2026-08-16T21:56:13,0,not yet,not yet,not yet,unknown,active
2026-08-16T22:56:20,23,,,,,active
2026-08-16T22:56:23,23,0.000742,0.004055,not yet,0.125000,active
2026-08-16T23:56:22,68,0.001797,0.004463,not yet,0.125000,active
2026-08-17T00:56:27,113,0.004657,0.004528,not yet,0.296875,active
2026-08-17T01:56:52,158,0.005091,0.004069,not yet,0.140625,active
2026-08-17T02:56:53,203,0.006929,0.004298,not yet,0.281250,active
2026-08-17T03:57:08,247,0.011950,0.004511,not yet,0.218750,active
2026-08-17T04:57:23,292,0.001597,0.004522,not yet,0.234375,active
2026-08-17T05:57:27,338,0.014087,0.004005,not yet,0.187500,active
2026-08-17T06:57:39,383,0.005757,0.004565,not yet,0.187500,active
2026-08-17T07:57:39,427,0.011407,0.004448,not yet,0.218750,active
2026-08-17T08:58:03,473,0.012692,0.004197,not yet,0.218750,active
2026-08-17T09:58:10,518,0.018103,0.004086,not yet,0.250000,active
2026-08-17T10:58:20,563,0.020805,0.004463,not yet,0.156250,active
2026-08-17T11:58:27,608,0.009196,0.004463,not yet,0.109375,active
2026-08-17T12:58:41,653,0.015334,0.004459,not yet,0.140625,active
2026-08-17T13:58:52,698,0.039485,0.004073,not yet,0.234375,active
2026-08-17T14:59:03,743,0.037084,0.004537,not yet,0.156250,active
2026-08-17T15:59:30,788,0.022173,0.004227,not yet,0.203125,active
2026-08-17T16:59:15,833,0.042627,0.003949,not yet,0.296875,active
2026-08-17T17:59:27,878,0.032024,0.004516,not yet,0.296875,active
2026-08-17T18:59:42,923,0.039426,0.004410,not yet,0.265625,active
2026-08-17T19:59:52,968,0.043772,0.004399,not yet,0.250000,active
2026-08-17T21:00:01,1013,0.042588,0.004032,not yet,0.140625,active
2026-08-17T22:00:11,1058,0.084756,0.004444,not yet,0.250000,active
2026-08-17T23:00:20,1103,0.052437,0.004084,not yet,0.125000,active
2026-08-18T00:00:27,1148,0.075770,0.004409,not yet,0.250000,active
2026-08-18T01:00:43,1193,0.061298,0.004252,not yet,0.265625,active
2026-08-18T02:00:43,1238,0.025363,0.004376,not yet,0.140625,active
2026-08-18T03:00:57,1283,0.053311,0.004339,not yet,0.171875,active
2026-08-18T04:01:13,1328,0.063186,0.004435,not yet,0.187500,active
2026-08-18T05:01:22,1374,0.047068,0.003988,not yet,0.109375,active
2026-08-18T06:01:27,1419,0.055569,0.004446,not yet,0.328125,active
2026-08-18T07:01:44,1464,0.051254,0.003872,not yet,0.125000,active
2026-08-18T08:01:53,1509,0.069314,0.004445,not yet,0.203125,active
2026-08-18T09:02:04,1554,0.046801,0.004557,not yet,0.328125,active
2026-08-18T10:02:08,1511,0.080215,0.005263,not yet,0.234375,active
2026-08-18T11:02:14,1555,0.074105,0.005235,not yet,0.250000,active
2026-08-18T12:02:26,,,,,,active
2026-08-18T12:02:28,0,not yet,not yet,not yet,unknown,active
2026-08-18T13:02:42,0,not yet,not yet,not yet,unknown,active
2026-08-18T14:02:52,0,not yet,not yet,not yet,unknown,active
2026-08-18T15:03:01,0,not yet,not yet,not yet,unknown,active
2026-08-18T16:03:16,0,not yet,not yet,not yet,unknown,active
2026-08-18T17:03:21,0,not yet,not yet,not yet,unknown,active
2026-08-18T18:03:27,0,not yet,not yet,not yet,unknown,active
2026-08-18T19:03:41,0,not yet,not yet,not yet,unknown,active
2026-08-18T20:03:42,0,not yet,not yet,not yet,unknown,active
2026-08-18T21:03:43,0,not yet,not yet,not yet,unknown,active
2026-08-18T22:03:53,0,not yet,not yet,not yet,unknown,active
2026-08-18T23:04:01,0,not yet,not yet,not yet,unknown,active
2026-08-19T00:04:06,0,not yet,not yet,not yet,unknown,active
2026-08-19T01:04:17,0,not yet,not yet,not yet,unknown,active
2026-08-19T02:04:27,0,not yet,not yet,not yet,unknown,active
2026-08-19T03:04:56,0,not yet,not yet,not yet,unknown,active
2026-08-19T04:05:05,0,not yet,not yet,not yet,unknown,active
2026-08-19T05:05:15,0,not yet,not yet,not yet,unknown,active
2026-08-19T06:05:16,0,not yet,not yet,not yet,unknown,active
2026-08-19T07:05:27,0,not yet,not yet,not yet,unknown,active
2026-08-19T08:07:19,0,not yet,not yet,not yet,unknown,active
2026-08-19T09:05:52,0,not yet,not yet,not yet,unknown,active
2026-08-19T10:06:03,0,not yet,not yet,not yet,unknown,active
2026-08-19T11:06:13,0,not yet,not yet,not yet,unknown,active
2026-08-19T12:06:16,0,not yet,not yet,not yet,unknown,active
2026-08-19T13:06:17,0,not yet,not yet,not yet,unknown,active
2026-08-19T14:06:28,0,not yet,not yet,not yet,unknown,active
2026-08-19T15:06:27,0,not yet,not yet,not yet,unknown,active
2026-08-19T16:06:58,0,not yet,not yet,not yet,unknown,active
2026-08-19T17:07:09,0,not yet,not yet,not yet,unknown,active
2026-08-19T18:07:27,0,not yet,not yet,not yet,unknown,active
2026-08-19T19:07:27,0,not yet,not yet,not yet,unknown,active
2026-08-19T20:07:44,0,not yet,not yet,not yet,unknown,active
2026-08-19T21:07:53,0,not yet,not yet,not yet,unknown,active
2026-08-19T22:08:03,0,not yet,not yet,not yet,unknown,active
2026-08-19T23:08:15,0,not yet,not yet,not yet,unknown,active
2026-08-20T00:08:09,0,not yet,not yet,not yet,unknown,active
2026-08-20T01:08:15,0,not yet,not yet,not yet,unknown,active
2026-08-20T02:08:27,0,not yet,not yet,not yet,unknown,active
2026-08-20T03:08:50,0,not yet,not yet,not yet,unknown,active
2026-08-20T04:08:53,0,not yet,not yet,not yet,unknown,active
2026-08-20T05:08:58,0,not yet,not yet,not yet,unknown,active
2026-08-20T06:09:06,0,not yet,not yet,not yet,unknown,active
2026-08-20T07:09:07,0,not yet,not yet,not yet,unknown,active
2026-08-20T08:09:12,0,not yet,not yet,not yet,unknown,active
2026-08-20T09:09:27,0,not yet,not yet,not yet,unknown,active
2026-08-20T10:09:49,0,not yet,not yet,not yet,unknown,active
2026-08-20T11:10:10,0,not yet,not yet,not yet,unknown,active
2026-08-20T12:10:13,0,not yet,not yet,not yet,unknown,active
2026-08-20T13:10:27,0,not yet,not yet,not yet,unknown,active
2026-08-20T14:10:27,0,not yet,not yet,not yet,unknown,active
2026-08-20T15:10:32,0,not yet,not yet,not yet,unknown,active
2026-08-20T16:10:33,0,not yet,not yet,not yet,unknown,active
2026-08-20T17:11:05,0,not yet,not yet,not yet,unknown,active
2026-08-20T18:11:13,0,not yet,not yet,not yet,unknown,active
2026-08-20T19:11:23,0,not yet,not yet,not yet,unknown,active
2026-08-20T20:11:27,0,not yet,not yet,not yet,unknown,active
2026-08-20T21:11:48,0,not yet,not yet,not yet,unknown,active
2026-08-20T22:11:56,0,not yet,not yet,not yet,unknown,active
2026-08-20T23:12:06,0,not yet,not yet,not yet,unknown,active
2026-08-21T00:12:16,0,not yet,not yet,not yet,unknown,active
2026-08-21T01:12:23,0,not yet,not yet,not yet,unknown,active
2026-08-21T02:12:27,0,not yet,not yet,not yet,unknown,active
2026-08-21T03:12:47,0,not yet,not yet,not yet,unknown,active
2026-08-21T04:12:56,0,not yet,not yet,not yet,unknown,active
2026-08-21T05:13:05,0,not yet,not yet,not yet,unknown,active
2026-08-21T06:13:15,0,not yet,not yet,not yet,unknown,active
2026-08-21T07:13:17,0,not yet,not yet,not yet,unknown,active
2026-08-21T08:13:20,0,not yet,not yet,not yet,unknown,active
2026-08-21T08:34:52,,,,,,active
2026-08-21T08:34:54,0,not yet,not yet,not yet,unknown,active
2026-08-21T08:38:08,444,,,,,
2026-08-21T08:38:45,444,,,,,
2026-08-21T08:39:02,,,,,,
2026-08-21T08:45:00,444,,,,,
2026-08-21T08:45:32,444,,,,,
2026-08-21T08:45:50,,,,,,
2026-08-21T09:35:12,,,,,,active
2026-08-21T09:35:15,0,not yet,not yet,not yet,unknown,active
2026-08-21T10:35:03,0,not yet,not yet,not yet,unknown,active
2026-08-21T11:35:03,0,not yet,not yet,not yet,unknown,active
2026-08-21T12:06:56,,,,,,active
2026-08-21T12:06:58,0,not yet,not yet,not yet,unknown,active
2026-08-21T12:09:53,444,,,,,
2026-08-21T12:10:28,444,,,,,
2026-08-21T12:10:46,,,,,,
2026-08-21T12:16:47,444,,,,,
2026-08-21T12:17:24,444,,,,,
2026-08-21T12:17:41,,,,,,
2026-08-21T13:06:41,,,,,,active
2026-08-21T13:06:43,0,not yet,not yet,not yet,unknown,active
2026-08-21T14:06:46,0,not yet,not yet,not yet,unknown,active
2026-08-21T15:06:55,0,not yet,not yet,not yet,unknown,active
2026-08-21T16:07:05,0,not yet,not yet,not yet,unknown,active
2026-08-21T17:07:06,0,not yet,not yet,not yet,unknown,active
2026-08-21T18:07:26,0,not yet,not yet,not yet,unknown,active
2026-08-21T19:07:49,0,not yet,not yet,not yet,unknown,active
2026-08-21T20:07:39,0,not yet,not yet,not yet,unknown,active
2026-08-21T21:07:40,0,not yet,not yet,not yet,unknown,active
2026-08-21T22:07:51,0,not yet,not yet,not yet,unknown,active
2026-08-21T23:08:06,0,not yet,not yet,not yet,unknown,active
2026-08-22T00:08:06,0,not yet,not yet,not yet,unknown,active
2026-08-22T01:08:27,0,not yet,not yet,not yet,unknown,active
2026-08-22T02:08:29,0,not yet,not yet,not yet,unknown,active
2026-08-22T03:21:32,,,,,,
2026-08-22T03:21:33,,,,,,active
2026-08-22T03:21:35,0,not yet,not yet,not yet,unknown,active
2026-08-22T03:24:39,444,,,,,
2026-08-22T03:25:14,444,,,,,
2026-08-22T03:25:32,,,,,,
2026-08-22T03:31:40,444,,,,,
2026-08-22T03:32:18,444,,,,,
2026-08-22T03:32:35,,,,,,
2026-08-22T04:21:33,,,,,,active
2026-08-22T04:21:35,0,not yet,not yet,not yet,unknown,active
2026-08-22T05:19:40,444,,,,,
2026-08-22T05:20:08,444,,,,,
2026-08-22T05:20:19,,,,,,
2026-08-22T05:20:41,,,,,,
2026-08-22T05:20:44,0,not yet,not yet,not yet,unknown,active
2026-08-22T05:22:31,444,,,,,
2026-08-22T05:23:02,444,,,,,
2026-08-22T05:23:14,,,,,,
2026-08-22T06:20:45,0,not yet,not yet,not yet,unknown,active
2026-08-22T07:20:46,0,not yet,not yet,not yet,unknown,active
2026-08-22T08:21:03,0,not yet,not yet,not yet,unknown,active
2026-08-22T09:21:04,0,not yet,not yet,not yet,unknown,active
2026-08-22T10:21:22,0,not yet,not yet,not yet,unknown,active
2026-08-22T11:21:22,0,not yet,not yet,not yet,unknown,active
2026-08-22T12:21:42,0,not yet,not yet,not yet,unknown,active
2026-08-22T13:21:48,0,not yet,not yet,not yet,unknown,active
2026-08-22T14:22:01,0,not yet,not yet,not yet,unknown,active
2026-08-22T15:22:04,0,not yet,not yet,not yet,unknown,active
2026-08-22T16:22:19,0,not yet,not yet,not yet,unknown,active
2026-08-22T17:22:27,0,not yet,not yet,not yet,unknown,active
2026-08-22T18:22:37,0,not yet,not yet,not yet,unknown,active
2026-08-22T19:22:46,0,not yet,not yet,not yet,unknown,active
2026-08-22T20:22:58,0,not yet,not yet,not yet,unknown,active
2026-08-22T21:23:04,0,not yet,not yet,not yet,unknown,active
2026-08-22T22:23:16,0,not yet,not yet,not yet,unknown,active
2026-08-22T23:23:16,0,not yet,not yet,not yet,unknown,active
2026-08-23T00:23:36,0,not yet,not yet,not yet,unknown,active
2026-08-23T01:23:46,0,not yet,not yet,not yet,unknown,active
2026-08-23T02:23:56,0,not yet,not yet,not yet,unknown,active
2026-08-23T03:24:04,0,not yet,not yet,not yet,unknown,active
2026-08-23T04:24:15,0,not yet,not yet,not yet,unknown,active
2026-08-23T05:24:26,0,not yet,not yet,not yet,unknown,active
2026-08-23T06:24:36,0,not yet,not yet,not yet,unknown,active
2026-08-23T07:24:46,0,not yet,not yet,not yet,unknown,active
2026-08-23T08:24:54,0,not yet,not yet,not yet,unknown,active
2026-08-23T09:30:59,,,,,,
2026-08-23T09:31:00,,,,,,active
2026-08-23T09:31:02,0,not yet,not yet,not yet,unknown,active
2026-08-23T09:34:09,444,,,,,
2026-08-23T09:34:43,444,,,,,
2026-08-23T09:35:01,,,,,,
2026-08-23T09:36:52,444,,,,,
2026-08-23T09:37:22,444,,,,,
2026-08-23T09:37:33,,,,,,
2026-08-23T10:31:00,,,,,,active
2026-08-23T10:31:03,0,not yet,not yet,not yet,unknown,active
2026-08-23T11:31:04,0,not yet,not yet,not yet,unknown,active
2026-08-23T12:31:21,0,not yet,not yet,not yet,unknown,active
2026-08-23T13:31:28,0,not yet,not yet,not yet,unknown,active
2026-08-23T14:31:38,0,not yet,not yet,not yet,unknown,active
2026-08-23T15:31:49,0,not yet,not yet,not yet,unknown,active
2026-08-23T16:31:59,0,not yet,not yet,not yet,unknown,active
2026-08-23T17:32:08,0,not yet,not yet,not yet,unknown,active
2026-08-23T18:32:17,0,not yet,not yet,not yet,unknown,active
2026-08-23T19:32:25,0,not yet,not yet,not yet,unknown,active
2026-08-23T20:32:26,0,not yet,not yet,not yet,unknown,active
2026-08-23T21:32:29,0,not yet,not yet,not yet,unknown,active
2026-08-23T22:32:29,0,not yet,not yet,not yet,unknown,active
2026-08-23T23:32:38,0,not yet,not yet,not yet,unknown,active
2026-08-24T00:33:18,0,not yet,not yet,not yet,unknown,active
2026-08-24T01:33:26,0,not yet,not yet,not yet,unknown,active
2026-08-24T02:33:34,0,not yet,not yet,not yet,unknown,active
2026-08-24T03:33:34,0,not yet,not yet,not yet,unknown,active
2026-08-24T04:33:44,0,not yet,not yet,not yet,unknown,active
2026-08-24T05:33:53,0,not yet,not yet,not yet,unknown,active
2026-08-24T06:34:14,0,not yet,not yet,not yet,unknown,active
2026-08-24T07:34:33,0,not yet,not yet,not yet,unknown,active
2026-08-24T08:34:38,0,not yet,not yet,not yet,unknown,active
2026-08-24T09:34:50,0,not yet,not yet,not yet,unknown,active
2026-08-24T10:34:58,0,not yet,not yet,not yet,unknown,active
2026-08-24T11:35:11,0,not yet,not yet,not yet,unknown,active
2026-08-24T12:35:20,0,not yet,not yet,not yet,unknown,active
2026-08-24T13:35:29,0,not yet,not yet,not yet,unknown,active
2026-08-24T14:35:29,0,not yet,not yet,not yet,unknown,active
2026-08-24T15:35:38,0,not yet,not yet,not yet,unknown,active
2026-08-24T17:36:03,0,not yet,not yet,not yet,unknown,active
2026-08-24T18:36:04,0,not yet,not yet,not yet,unknown,active
2026-08-24T19:36:28,0,not yet,not yet,not yet,unknown,active
2026-08-24T20:36:37,0,not yet,not yet,not yet,unknown,active
2026-08-24T21:36:38,0,not yet,not yet,not yet,unknown,active
2026-08-24T22:36:57,0,not yet,not yet,not yet,unknown,active
2026-08-24T23:36:58,0,not yet,not yet,not yet,unknown,active
2026-08-25T00:37:04,0,not yet,not yet,not yet,unknown,active
2026-08-25T01:37:24,0,not yet,not yet,not yet,unknown,active
2026-08-25T02:37:24,0,not yet,not yet,not yet,unknown,active
2026-08-25T03:37:24,0,not yet,not yet,not yet,unknown,active
2026-08-25T04:37:38,0,not yet,not yet,not yet,unknown,active
2026-08-25T05:37:55,0,not yet,not yet,not yet,unknown,active
2026-08-25T06:38:18,0,not yet,not yet,not yet,unknown,active
2026-08-25T07:38:24,0,not yet,not yet,not yet,unknown,active
2026-08-25T08:38:34,0,not yet,not yet,not yet,unknown,active
2026-08-25T09:38:38,0,not yet,not yet,not yet,unknown,active
2026-08-25T10:38:57,0,not yet,not yet,not yet,unknown,active
2026-08-25T11:39:07,0,not yet,not yet,not yet,unknown,active
2026-08-25T12:39:17,0,not yet,not yet,not yet,unknown,active
2026-08-25T13:39:26,0,not yet,not yet,not yet,unknown,active
2026-08-25T14:39:36,0,not yet,not yet,not yet,unknown,active
2026-08-25T15:39:38,0,not yet,not yet,not yet,unknown,active
2026-08-25T16:39:54,0,not yet,not yet,not yet,unknown,active
2026-08-25T17:39:58,0,not yet,not yet,not yet,unknown,active
2026-08-25T18:40:13,0,not yet,not yet,not yet,unknown,active
2026-08-25T19:40:23,0,not yet,not yet,not yet,unknown,active
2026-08-25T20:40:34,0,not yet,not yet,not yet,unknown,active
2026-08-25T21:40:38,0,not yet,not yet,not yet,unknown,active
2026-08-25T22:40:49,0,not yet,not yet,not yet,unknown,active
2026-08-25T23:40:52,0,not yet,not yet,not yet,unknown,active
2026-08-26T00:41:04,0,not yet,not yet,not yet,unknown,active
2026-08-26T01:41:20,0,not yet,not yet,not yet,unknown,active
2026-08-26T02:41:32,0,not yet,not yet,not yet,unknown,active
2026-08-26T03:41:32,0,not yet,not yet,not yet,unknown,active
2026-08-26T04:41:38,0,not yet,not yet,not yet,unknown,active
2026-08-26T05:42:12,0,not yet,not yet,not yet,unknown,active
2026-08-26T06:42:14,0,not yet,not yet,not yet,unknown,active
2026-08-26T07:42:22,0,not yet,not yet,not yet,unknown,active
2026-08-26T08:42:33,0,not yet,not yet,not yet,unknown,active
2026-08-26T10:42:50,,,,,,
2026-08-26T10:42:53,0,not yet,not yet,not yet,unknown,active
2026-08-26T11:42:54,0,not yet,not yet,not yet,unknown,active
2026-08-26T12:42:56,0,not yet,not yet,not yet,unknown,active
2026-08-26T13:42:56,0,not yet,not yet,not yet,unknown,active
2026-08-26T14:42:57,0,not yet,not yet,not yet,unknown,active
2026-08-26T15:42:58,0,not yet,not yet,not yet,unknown,active
2026-08-26T16:43:06,0,not yet,not yet,not yet,unknown,active
2026-08-26T17:43:10,0,not yet,not yet,not yet,unknown,active
2026-08-26T18:43:25,0,not yet,not yet,not yet,unknown,active
2026-08-26T19:43:26,0,not yet,not yet,not yet,unknown,active
2026-08-26T20:43:28,0,not yet,not yet,not yet,unknown,active
2026-08-26T21:43:34,0,not yet,not yet,not yet,unknown,active
2026-08-26T22:43:35,0,not yet,not yet,not yet,unknown,active
2026-08-26T23:43:38,0,not yet,not yet,not yet,unknown,active
2026-08-27T00:43:40,0,not yet,not yet,not yet,unknown,active
2026-08-27T01:43:49,0,not yet,not yet,not yet,unknown,active
2026-08-27T02:44:01,0,not yet,not yet,not yet,unknown,active
2026-08-27T03:44:11,0,not yet,not yet,not yet,unknown,active
2026-08-27T04:44:18,0,not yet,not yet,not yet,unknown,active
2026-08-27T05:44:31,0,not yet,not yet,not yet,unknown,active
2026-08-27T06:44:38,0,not yet,not yet,not yet,unknown,active
2026-08-27T07:44:41,0,not yet,not yet,not yet,unknown,active
2026-08-27T08:44:41,0,not yet,not yet,not yet,unknown,active
2026-08-27T09:44:43,0,not yet,not yet,not yet,unknown,active
2026-08-27T10:44:44,0,not yet,not yet,not yet,unknown,active
2026-08-27T11:44:45,0,not yet,not yet,not yet,unknown,active
2026-08-27T12:44:53,0,not yet,not yet,not yet,unknown,active
2026-08-27T13:45:04,0,not yet,not yet,not yet,unknown,active
2026-08-27T14:45:13,0,not yet,not yet,not yet,unknown,active
2026-08-27T15:45:23,0,not yet,not yet,not yet,unknown,active
2026-08-27T16:45:24,0,not yet,not yet,not yet,unknown,active
2026-08-27T17:45:24,0,not yet,not yet,not yet,unknown,active
2026-08-27T18:45:38,0,not yet,not yet,not yet,unknown,active
2026-08-27T19:45:52,0,not yet,not yet,not yet,unknown,active
2026-08-27T20:45:55,0,not yet,not yet,not yet,unknown,active
2026-08-27T21:46:04,0,not yet,not yet,not yet,unknown,active
2026-08-27T22:46:14,0,not yet,not yet,not yet,unknown,active
2026-08-27T23:46:14,0,not yet,not yet,not yet,unknown,active
2026-08-28T00:46:28,0,not yet,not yet,not yet,unknown,active
2026-08-28T01:46:38,0,not yet,not yet,not yet,unknown,active
2026-08-28T02:46:56,0,not yet,not yet,not yet,unknown,active
2026-08-28T03:47:19,0,not yet,not yet,not yet,unknown,active
2026-08-28T04:47:27,0,not yet,not yet,not yet,unknown,active
2026-08-28T05:47:28,0,not yet,not yet,not yet,unknown,active
2026-08-28T06:47:38,0,not yet,not yet,not yet,unknown,active
2026-08-28T07:47:56,0,not yet,not yet,not yet,unknown,active
2026-08-28T08:48:06,0,not yet,not yet,not yet,unknown,active
2026-08-28T09:48:17,0,not yet,not yet,not yet,unknown,active
2026-08-28T10:48:25,0,not yet,not yet,not yet,unknown,active
2026-08-28T11:31:29,,,,,,
2026-08-28T11:31:30,,,,,,active
2026-08-28T11:31:32,0,not yet,not yet,not yet,unknown,active
2026-08-28T11:56:40,444,,,,,
2026-08-28T11:57:10,444,,,,,
2026-08-28T11:57:21,,,,,,
2026-08-28T11:57:45,,,,,,
2026-08-28T11:57:46,,,,,,active
2026-08-28T11:57:48,0,not yet,not yet,not yet,unknown,active
2026-08-28T11:59:38,444,,,,,
2026-08-28T12:00:08,444,,,,,
2026-08-28T12:00:20,,,,,,
2026-08-28T12:12:52,444,,,,,
2026-08-28T12:13:23,444,,,,,
2026-08-28T12:13:34,,,,,,
2026-08-28T12:13:48,0,not yet,not yet,not yet,unknown,active
2026-08-28T12:15:50,444,,,,,
2026-08-28T12:16:18,444,,,,,
2026-08-28T12:16:30,,,,,,
2026-08-28T13:13:49,0,not yet,not yet,not yet,unknown,active
2026-08-28T14:05:17,,,,,,
2026-08-28T14:05:17,,,,,,active
2026-08-28T14:05:19,0,not yet,not yet,not yet,unknown,active
2026-08-28T14:10:29,444,,,,,
2026-08-28T14:11:48,444,,,,,
2026-08-28T14:12:06,,,,,,
2026-08-28T14:15:09,444,,,,,
2026-08-28T14:15:37,444,,,,,
2026-08-28T14:15:48,,,,,,
2026-08-28T15:05:20,,,,,,active
2026-08-28T15:05:22,0,not yet,not yet,not yet,unknown,active
2026-08-28T16:05:27,0,not yet,not yet,not yet,unknown,active
2026-08-28T17:05:36,0,not yet,not yet,not yet,unknown,active
2026-08-28T18:05:37,0,not yet,not yet,not yet,unknown,active
2026-08-28T19:05:45,0,not yet,not yet,not yet,unknown,active
2026-08-28T20:06:05,0,not yet,not yet,not yet,unknown,active
2026-08-28T21:06:15,0,not yet,not yet,not yet,unknown,active
2026-08-28T22:06:15,0,not yet,not yet,not yet,unknown,active
2026-08-28T23:06:36,0,not yet,not yet,not yet,unknown,active
2026-08-29T00:06:44,0,not yet,not yet,not yet,unknown,active
2026-08-29T01:06:55,0,not yet,not yet,not yet,unknown,active
2026-08-29T02:07:05,0,not yet,not yet,not yet,unknown,active
2026-08-29T03:07:07,0,not yet,not yet,not yet,unknown,active
2026-08-29T04:07:07,0,not yet,not yet,not yet,unknown,active
2026-08-29T05:07:16,0,not yet,not yet,not yet,unknown,active
2026-08-29T06:07:44,0,not yet,not yet,not yet,unknown,active
2026-08-29T07:07:51,0,not yet,not yet,not yet,unknown,active
2026-08-29T08:07:51,0,not yet,not yet,not yet,unknown,active
2026-08-29T09:08:08,0,not yet,not yet,not yet,unknown,active
2026-08-29T10:08:15,0,not yet,not yet,not yet,unknown,active
2026-08-29T11:08:22,0,not yet,not yet,not yet,unknown,active
2026-08-29T12:08:30,0,not yet,not yet,not yet,unknown,active
2026-08-29T13:08:51,0,not yet,not yet,not yet,unknown,active
2026-08-29T14:09:02,0,not yet,not yet,not yet,unknown,active
2026-08-29T15:09:10,0,not yet,not yet,not yet,unknown,active
2026-08-29T16:09:15,0,not yet,not yet,not yet,unknown,active
2026-08-29T17:09:24,0,not yet,not yet,not yet,unknown,active
2026-08-29T18:09:27,0,not yet,not yet,not yet,unknown,active
2026-08-29T19:09:53,0,not yet,not yet,not yet,unknown,active
2026-08-29T20:10:03,0,not yet,not yet,not yet,unknown,active
2026-08-29T21:20:14,,,,,,active
2026-08-29T21:20:16,0,not yet,not yet,not yet,unknown,active
2026-08-29T21:25:22,444,,,,,
2026-08-29T21:25:56,444,,,,,
2026-08-29T21:26:13,,,,,,
2026-08-29T21:34:21,444,,,,,
2026-08-29T21:34:56,444,,,,,
2026-08-29T21:35:13,,,,,,
2026-08-29T22:20:17,,,,,,active
2026-08-29T22:20:19,0,not yet,not yet,not yet,unknown,active
2026-08-29T23:20:20,0,not yet,not yet,not yet,unknown,active
2026-08-30T00:20:37,0,not yet,not yet,not yet,unknown,active
2026-08-30T01:20:44,0,not yet,not yet,not yet,unknown,active
2026-08-30T02:20:49,0,not yet,not yet,not yet,unknown,active
2026-08-30T03:21:04,0,not yet,not yet,not yet,unknown,active
2026-08-30T04:22:46,0,not yet,not yet,not yet,unknown,active
2026-08-30T05:21:24,0,not yet,not yet,not yet,unknown,active
2026-08-30T06:21:34,0,not yet,not yet,not yet,unknown,active
2026-08-30T07:21:42,0,not yet,not yet,not yet,unknown,active
2026-08-30T08:21:42,0,not yet,not yet,not yet,unknown,active
2026-08-30T09:21:42,0,not yet,not yet,not yet,unknown,active
2026-08-30T10:21:49,0,not yet,not yet,not yet,unknown,active
2026-08-30T11:22:10,0,not yet,not yet,not yet,unknown,active
2026-08-30T12:22:35,0,not yet,not yet,not yet,unknown,active
2026-08-30T13:22:48,0,not yet,not yet,not yet,unknown,active
2026-08-30T14:22:49,0,not yet,not yet,not yet,unknown,active
2026-08-30T15:22:49,0,not yet,not yet,not yet,unknown,active
2026-08-30T16:23:12,0,not yet,not yet,not yet,unknown,active
2026-08-30T17:23:21,0,not yet,not yet,not yet,unknown,active
2026-08-30T18:23:26,0,not yet,not yet,not yet,unknown,active
2026-08-30T19:23:27,0,not yet,not yet,not yet,unknown,active
2026-08-30T20:23:40,0,not yet,not yet,not yet,unknown,active
2026-08-30T21:23:41,0,not yet,not yet,not yet,unknown,active
2026-08-30T22:23:45,0,not yet,not yet,not yet,unknown,active
2026-08-30T23:23:49,0,not yet,not yet,not yet,unknown,active
2026-08-31T00:24:31,0,not yet,not yet,not yet,unknown,active
2026-08-31T01:24:40,0,not yet,not yet,not yet,unknown,active
2026-08-31T02:24:50,0,not yet,not yet,not yet,unknown,active
2026-08-31T03:25:00,0,not yet,not yet,not yet,unknown,active
2026-08-31T04:25:11,0,not yet,not yet,not yet,unknown,active
2026-08-31T05:25:18,0,not yet,not yet,not yet,unknown,active
2026-08-31T06:25:19,0,not yet,not yet,not yet,unknown,active
2026-08-31T07:25:40,0,not yet,not yet,not yet,unknown,active
2026-08-31T08:25:49,0,not yet,not yet,not yet,unknown,active
2026-08-31T09:26:00,0,not yet,not yet,not yet,unknown,active
2026-08-31T10:26:11,0,not yet,not yet,not yet,unknown,active
2026-08-31T11:26:21,0,not yet,not yet,not yet,unknown,active
2026-08-31T12:26:23,0,not yet,not yet,not yet,unknown,active
2026-08-31T13:26:32,0,not yet,not yet,not yet,unknown,active
2026-08-31T14:26:47,0,not yet,not yet,not yet,unknown,active
2026-08-31T15:26:49,0,not yet,not yet,not yet,unknown,active
2026-08-31T16:27:08,0,not yet,not yet,not yet,unknown,active
2026-08-31T17:27:17,0,not yet,not yet,not yet,unknown,active
2026-08-31T18:27:25,0,not yet,not yet,not yet,unknown,active
2026-08-31T19:27:36,0,not yet,not yet,not yet,unknown,active
2026-08-31T20:27:40,0,not yet,not yet,not yet,unknown,active
2026-08-31T21:27:49,0,not yet,not yet,not yet,unknown,active
2026-08-31T22:28:05,0,not yet,not yet,not yet,unknown,active
2026-08-31T23:28:15,0,not yet,not yet,not yet,unknown,active
2026-09-01T00:28:22,0,not yet,not yet,not yet,unknown,active
2026-09-01T01:28:29,0,not yet,not yet,not yet,unknown,active
2026-09-01T02:28:40,0,not yet,not yet,not yet,unknown,active
2026-09-01T03:28:49,0,not yet,not yet,not yet,unknown,active
2026-09-01T04:29:04,0,not yet,not yet,not yet,unknown,active
2026-09-01T05:29:06,0,not yet,not yet,not yet,unknown,active
2026-09-01T06:29:15,0,not yet,not yet,not yet,unknown,active
2026-09-01T07:29:15,0,not yet,not yet,not yet,unknown,active
2026-09-01T08:29:43,0,not yet,not yet,not yet,unknown,active
2026-09-01T09:29:49,0,not yet,not yet,not yet,unknown,active
2026-09-01T10:30:04,0,not yet,not yet,not yet,unknown,active
2026-09-01T11:44:47,,,,,,
2026-09-01T11:44:48,,,,,,active
2026-09-01T11:44:50,0,not yet,not yet,not yet,unknown,active
2026-09-01T11:50:08,444,,,,,
2026-09-01T11:50:42,444,,,,,
2026-09-01T11:50:59,,,,,,
2026-09-01T11:52:40,444,,,,,
2026-09-01T11:53:09,444,,,,,
2026-09-01T11:53:20,,,,,,
2026-09-01T12:44:51,,,,,,active
2026-09-01T12:44:54,0,not yet,not yet,not yet,unknown,active
2026-09-01T13:44:53,0,not yet,not yet,not yet,unknown,active
2026-09-01T14:45:11,0,not yet,not yet,not yet,unknown,active
2026-09-01T15:45:21,0,not yet,not yet,not yet,unknown,active
2026-09-01T16:45:32,0,not yet,not yet,not yet,unknown,active
2026-09-01T17:45:40,0,not yet,not yet,not yet,unknown,active
2026-09-01T18:45:47,0,not yet,not yet,not yet,unknown,active
2026-09-01T19:46:02,0,not yet,not yet,not yet,unknown,active
2026-09-01T20:46:11,0,not yet,not yet,not yet,unknown,active
2026-09-01T21:46:18,0,not yet,not yet,not yet,unknown,active
2026-09-01T22:46:18,0,not yet,not yet,not yet,unknown,active
2026-09-01T23:46:36,0,not yet,not yet,not yet,unknown,active
2026-09-02T00:46:41,0,not yet,not yet,not yet,unknown,active
2026-09-02T01:47:01,0,not yet,not yet,not yet,unknown,active
2026-09-02T02:47:11,0,not yet,not yet,not yet,unknown,active
2026-09-02T03:47:21,0,not yet,not yet,not yet,unknown,active
2026-09-02T04:47:23,0,not yet,not yet,not yet,unknown,active
2026-09-02T05:47:23,0,not yet,not yet,not yet,unknown,active
2026-09-02T06:47:45,0,not yet,not yet,not yet,unknown,active
2026-09-02T07:48:01,0,not yet,not yet,not yet,unknown,active
2026-09-02T08:48:04,0,not yet,not yet,not yet,unknown,active
2026-09-02T09:48:20,0,not yet,not yet,not yet,unknown,active
2026-09-02T10:48:31,0,not yet,not yet,not yet,unknown,active
2026-09-02T11:48:41,0,not yet,not yet,not yet,unknown,active
2026-09-02T12:48:51,0,not yet,not yet,not yet,unknown,active
2026-09-02T13:49:02,0,not yet,not yet,not yet,unknown,active
2026-09-02T14:49:12,0,not yet,not yet,not yet,unknown,active
2026-09-02T15:49:18,0,not yet,not yet,not yet,unknown,active
2026-09-02T16:49:18,0,not yet,not yet,not yet,unknown,active
2026-09-02T17:49:41,0,not yet,not yet,not yet,unknown,active
2026-09-02T18:49:51,0,not yet,not yet,not yet,unknown,active
2026-09-02T19:49:53,0,not yet,not yet,not yet,unknown,active
2026-09-02T20:49:57,0,not yet,not yet,not yet,unknown,active
2026-09-02T21:50:22,0,not yet,not yet,not yet,unknown,active
2026-09-02T22:50:23,0,not yet,not yet,not yet,unknown,active
2026-09-02T23:50:31,0,not yet,not yet,not yet,unknown,active
2026-09-03T00:50:38,0,not yet,not yet,not yet,unknown,active
2026-09-03T01:50:41,0,not yet,not yet,not yet,unknown,active
2026-09-03T02:50:43,0,not yet,not yet,not yet,unknown,active
2026-09-03T03:51:17,0,not yet,not yet,not yet,unknown,active
2026-09-03T04:51:31,0,not yet,not yet,not yet,unknown,active
2026-09-03T05:51:42,0,not yet,not yet,not yet,unknown,active
2026-09-03T06:51:37,0,not yet,not yet,not yet,unknown,active
2026-09-03T07:51:39,0,not yet,not yet,not yet,unknown,active
2026-09-03T08:51:40,0,not yet,not yet,not yet,unknown,active
2026-09-03T09:51:44,0,not yet,not yet,not yet,unknown,active
2026-09-03T10:51:45,0,not yet,not yet,not yet,unknown,active
2026-09-03T11:51:54,0,not yet,not yet,not yet,unknown,active
2026-09-03T12:51:56,0,not yet,not yet,not yet,unknown,active
2026-09-03T13:52:15,0,not yet,not yet,not yet,unknown,active
2026-09-03T14:52:23,0,not yet,not yet,not yet,unknown,active
2026-09-03T15:48:49,444,,,,,
2026-09-03T15:49:17,444,,,,,
2026-09-03T15:49:28,,,,,,
2026-09-03T15:49:50,,,,,,
2026-09-03T15:49:52,0,not yet,not yet,not yet,unknown,active
2026-09-03T15:51:42,444,,,,,
2026-09-03T15:52:16,444,,,,,
2026-09-03T15:52:27,,,,,,
2026-09-03T16:49:53,0,not yet,not yet,not yet,unknown,active
2026-09-03T17:49:55,0,not yet,not yet,not yet,unknown,active
2026-09-03T18:49:56,0,not yet,not yet,not yet,unknown,active
2026-09-03T19:50:24,0,not yet,not yet,not yet,unknown,active
2026-09-03T20:50:33,0,not yet,not yet,not yet,unknown,active
2026-09-03T21:50:42,0,not yet,not yet,not yet,unknown,active
2026-09-03T22:50:47,0,not yet,not yet,not yet,unknown,active
2026-09-03T23:50:53,0,not yet,not yet,not yet,unknown,active
2026-09-04T00:50:55,0,not yet,not yet,not yet,unknown,active
2026-09-04T01:51:20,0,not yet,not yet,not yet,unknown,active
2026-09-04T02:51:24,0,not yet,not yet,not yet,unknown,active
2026-09-04T03:51:40,0,not yet,not yet,not yet,unknown,active
2026-09-04T04:51:49,0,not yet,not yet,not yet,unknown,active
2026-09-04T05:51:49,0,not yet,not yet,not yet,unknown,active
2026-09-04T06:51:55,0,not yet,not yet,not yet,unknown,active
2026-09-04T07:52:07,0,not yet,not yet,not yet,unknown,active
2026-09-04T08:52:25,0,not yet,not yet,not yet,unknown,active
2026-09-04T09:52:35,0,not yet,not yet,not yet,unknown,active
2026-09-04T10:52:40,0,not yet,not yet,not yet,unknown,active
2026-09-04T13:17:50,444,,,,,
2026-09-04T13:18:21,444,,,,,
2026-09-04T13:18:32,,,,,,
2026-09-04T14:02:40,,,,,,
2026-09-04T14:02:41,,,,,,active
2026-09-04T14:02:43,0,not yet,not yet,not yet,unknown,active
2026-09-04T15:02:46,0,not yet,not yet,not yet,unknown,active
2026-09-04T16:02:47,0,not yet,not yet,not yet,unknown,active
2026-09-04T17:02:59,0,not yet,not yet,not yet,unknown,active
2026-09-04T18:02:59,0,not yet,not yet,not yet,unknown,active
2026-09-04T19:03:26,0,not yet,not yet,not yet,unknown,active
2026-09-04T20:03:38,0,not yet,not yet,not yet,unknown,active
2026-09-06T12:55:47,,,,,,
2026-09-06T12:55:48,,,,,,active
2026-09-06T12:55:50,0,not yet,not yet,not yet,unknown,active
2026-09-06T13:01:14,444,,,,,
2026-09-06T13:02:28,444,,,,,
2026-09-06T13:02:46,,,,,,
2026-09-06T13:05:46,444,,,,,
2026-09-06T13:06:16,444,,,,,
2026-09-06T13:06:27,,,,,,
2026-09-06T13:55:49,,,,,,active
2026-09-06T13:55:52,0,not yet,not yet,not yet,unknown,active
2026-09-06T14:55:52,0,not yet,not yet,not yet,unknown,active
2026-09-06T15:56:09,0,not yet,not yet,not yet,unknown,active
2026-09-06T16:56:10,0,not yet,not yet,not yet,unknown,active
2026-09-06T17:56:14,0,not yet,not yet,not yet,unknown,active
2026-09-06T18:56:34,0,not yet,not yet,not yet,unknown,active
2026-09-06T19:56:47,0,not yet,not yet,not yet,unknown,active
2026-09-06T20:56:57,0,not yet,not yet,not yet,unknown,active
2026-09-06T21:57:08,0,not yet,not yet,not yet,unknown,active
2026-09-06T22:57:14,0,not yet,not yet,not yet,unknown,active
2026-09-06T23:57:28,0,not yet,not yet,not yet,unknown,active
2026-09-07T00:57:33,0,not yet,not yet,not yet,unknown,active
2026-09-07T01:57:33,0,not yet,not yet,not yet,unknown,active
2026-09-07T02:57:34,0,not yet,not yet,not yet,unknown,active
2026-09-07T03:57:43,0,not yet,not yet,not yet,unknown,active
2026-09-07T04:58:13,0,not yet,not yet,not yet,unknown,active
2026-09-07T05:58:25,0,not yet,not yet,not yet,unknown,active
2026-09-07T06:58:34,0,not yet,not yet,not yet,unknown,active
2026-09-07T07:58:40,0,not yet,not yet,not yet,unknown,active
2026-09-07T08:58:54,0,not yet,not yet,not yet,unknown,active
2026-09-07T09:59:04,0,not yet,not yet,not yet,unknown,active
2026-09-07T10:59:18,0,not yet,not yet,not yet,unknown,active
